stdout write #1 bytes 6
  at ../src-ng/nxt/rt/ui_runtime.hpp:364 in nxt::rt::task<void> nxt::rt::ui_runtime::enter_terminal()
  preview "\e[?25l"
Stack trace (most recent call first):
#0  0x00005d1d4f374d47 in write_stdout_all at /home/mbrock/nxtui/build/../src-ng/nxt/rt/ui_runtime.hpp:40:23
#1  0x00005d1d4f4138da in std::__n4861::coroutine_handle<void>::resume() const at /usr/include/c++/15/coroutine:142:50
#2  0x00005d1d4f419574 in nxt::rt::deck::ready_item::resume_if_ready(nxt::rt::deck&) const at /home/mbrock/nxtui/build/../src-ng/nxt/rt/task.hpp:1901:18
#3  0x00005d1d4f415a82 in nxt::rt::deck::run_ready_with() at /home/mbrock/nxtui/build/../src-ng/nxt/rt/deck.hpp:200:33
#4  0x00005d1d4f4157d6 in nxt::rt::deck::run_ready() at /home/mbrock/nxtui/build/../src-ng/nxt/rt/deck.hpp:130:23
#5  0x00005d1d4f4abf2e in void nxt::rt::uring_wand::run_until_done<int>(nxt::rt::deck&, nxt::rt::task<int>&) at /home/mbrock/nxtui/build/../src-ng/nxt/rt/uring_wand.hpp:173:28
#6  0x00005d1d4f47fc31 in int nxt::rt::runtime::run<int>(nxt::rt::task<int>) at /home/mbrock/nxtui/build/../src-ng/nxt/rt/app.hpp:141:29
#7  0x00005d1d4f3873ee in main at /home/mbrock/nxtui/build/../src-ng/nxtai/nxtllm.cpp:1272:18
#8  0x000070ce23e2a600 in __libc_start_call_main at ./csu/../sysdeps/nptl/libc_start_call_main.h:59:16
#9  0x000070ce23e2a717 in __libc_start_main_impl at ./csu/../csu/libc-start.c:360:3
#10 0x00005d1d4f364f24 in _start at /home/mbrock/nxtui/build/nxtllm

stdout write #2 bytes 240
  at ../src-ng/nxt/rt/ui_runtime.hpp:434 in nxt::rt::task<void> nxt::rt::ui_runtime::terminal_owner_loop(std::chrono::milliseconds)
  preview "\e[0m\e7\e[1;37r\e8\e7\e[38;1H\e[48;2;252;211;77m\e[38;2;2;6;23m\e[1m nxtllm \e[38;9H\e[0m\e[38;2;2;6;23m\e[48;2;252;211;77m\e[48;2;15;23;42m\e[38;2;148;163;184mgpt-5.4-nano  connecting                                                                    \e8"
Stack trace (most recent call first):
#0  0x00005d1d4f374d47 in write_stdout_all at /home/mbrock/nxtui/build/../src-ng/nxt/rt/ui_runtime.hpp:40:23
#1  0x00005d1d4f4138da in std::__n4861::coroutine_handle<void>::resume() const at /usr/include/c++/15/coroutine:142:50
#2  0x00005d1d4f419574 in nxt::rt::deck::ready_item::resume_if_ready(nxt::rt::deck&) const at /home/mbrock/nxtui/build/../src-ng/nxt/rt/task.hpp:1901:18
#3  0x00005d1d4f415a82 in nxt::rt::deck::run_ready_with() at /home/mbrock/nxtui/build/../src-ng/nxt/rt/deck.hpp:200:33
#4  0x00005d1d4f4157d6 in nxt::rt::deck::run_ready() at /home/mbrock/nxtui/build/../src-ng/nxt/rt/deck.hpp:130:23
#5  0x00005d1d4f4abf2e in void nxt::rt::uring_wand::run_until_done<int>(nxt::rt::deck&, nxt::rt::task<int>&) at /home/mbrock/nxtui/build/../src-ng/nxt/rt/uring_wand.hpp:173:28
#6  0x00005d1d4f47fc31 in int nxt::rt::runtime::run<int>(nxt::rt::task<int>) at /home/mbrock/nxtui/build/../src-ng/nxt/rt/app.hpp:141:29
#7  0x00005d1d4f3873ee in main at /home/mbrock/nxtui/build/../src-ng/nxtai/nxtllm.cpp:1272:18
#8  0x000070ce23e2a600 in __libc_start_call_main at ./csu/../sysdeps/nptl/libc_start_call_main.h:59:16
#9  0x000070ce23e2a717 in __libc_start_main_impl at ./csu/../csu/libc-start.c:360:3
#10 0x00005d1d4f364f24 in _start at /home/mbrock/nxtui/build/nxtllm

stdout write #3 bytes 4
  at ../src-ng/nxt/rt/ui_runtime.hpp:434 in nxt::rt::task<void> nxt::rt::ui_runtime::terminal_owner_loop(std::chrono::milliseconds)
  preview "\e7\e8"
Stack trace (most recent call first):
#0  0x00005d1d4f374d47 in write_stdout_all at /home/mbrock/nxtui/build/../src-ng/nxt/rt/ui_runtime.hpp:40:23
#1  0x00005d1d4f4138da in std::__n4861::coroutine_handle<void>::resume() const at /usr/include/c++/15/coroutine:142:50
#2  0x00005d1d4f419574 in nxt::rt::deck::ready_item::resume_if_ready(nxt::rt::deck&) const at /home/mbrock/nxtui/build/../src-ng/nxt/rt/task.hpp:1901:18
#3  0x00005d1d4f415a82 in nxt::rt::deck::run_ready_with() at /home/mbrock/nxtui/build/../src-ng/nxt/rt/deck.hpp:200:33
#4  0x00005d1d4f4157d6 in nxt::rt::deck::run_ready() at /home/mbrock/nxtui/build/../src-ng/nxt/rt/deck.hpp:130:23
#5  0x00005d1d4f4abf2e in void nxt::rt::uring_wand::run_until_done<int>(nxt::rt::deck&, nxt::rt::task<int>&) at /home/mbrock/nxtui/build/../src-ng/nxt/rt/uring_wand.hpp:173:28
#6  0x00005d1d4f47fc31 in int nxt::rt::runtime::run<int>(nxt::rt::task<int>) at /home/mbrock/nxtui/build/../src-ng/nxt/rt/app.hpp:141:29
#7  0x00005d1d4f3873ee in main at /home/mbrock/nxtui/build/../src-ng/nxtai/nxtllm.cpp:1272:18
#8  0x000070ce23e2a600 in __libc_start_call_main at ./csu/../sysdeps/nptl/libc_start_call_main.h:59:16
#9  0x000070ce23e2a717 in __libc_start_main_impl at ./csu/../csu/libc-start.c:360:3
#10 0x00005d1d4f364f24 in _start at /home/mbrock/nxtui/build/nxtllm

stdout write #4 bytes 4
  at ../src-ng/nxt/rt/ui_runtime.hpp:434 in nxt::rt::task<void> nxt::rt::ui_runtime::terminal_owner_loop(std::chrono::milliseconds)
  preview "\e7\e8"
Stack trace (most recent call first):
#0  0x00005d1d4f374d47 in write_stdout_all at /home/mbrock/nxtui/build/../src-ng/nxt/rt/ui_runtime.hpp:40:23
#1  0x00005d1d4f4138da in std::__n4861::coroutine_handle<void>::resume() const at /usr/include/c++/15/coroutine:142:50
#2  0x00005d1d4f419574 in nxt::rt::deck::ready_item::resume_if_ready(nxt::rt::deck&) const at /home/mbrock/nxtui/build/../src-ng/nxt/rt/task.hpp:1901:18
#3  0x00005d1d4f415a82 in nxt::rt::deck::run_ready_with() at /home/mbrock/nxtui/build/../src-ng/nxt/rt/deck.hpp:200:33
#4  0x00005d1d4f4157d6 in nxt::rt::deck::run_ready() at /home/mbrock/nxtui/build/../src-ng/nxt/rt/deck.hpp:130:23
#5  0x00005d1d4f4abf2e in void nxt::rt::uring_wand::run_until_done<int>(nxt::rt::deck&, nxt::rt::task<int>&) at /home/mbrock/nxtui/build/../src-ng/nxt/rt/uring_wand.hpp:173:28
#6  0x00005d1d4f47fc31 in int nxt::rt::runtime::run<int>(nxt::rt::task<int>) at /home/mbrock/nxtui/build/../src-ng/nxt/rt/app.hpp:141:29
#7  0x00005d1d4f3873ee in main at /home/mbrock/nxtui/build/../src-ng/nxtai/nxtllm.cpp:1272:18
#8  0x000070ce23e2a600 in __libc_start_call_main at ./csu/../sysdeps/nptl/libc_start_call_main.h:59:16
#9  0x000070ce23e2a717 in __libc_start_main_impl at ./csu/../csu/libc-start.c:360:3
#10 0x00005d1d4f364f24 in _start at /home/mbrock/nxtui/build/nxtllm

stdout write #5 bytes 60
  at ../src-ng/nxt/rt/ui_runtime.hpp:434 in nxt::rt::task<void> nxt::rt::ui_runtime::terminal_owner_loop(std::chrono::milliseconds)
  preview "\e7\e[38;23H\e[48;2;15;23;42m\e[38;2;148;163;184mtls handshake\e8"
Stack trace (most recent call first):
#0  0x00005d1d4f374d47 in write_stdout_all at /home/mbrock/nxtui/build/../src-ng/nxt/rt/ui_runtime.hpp:40:23
#1  0x00005d1d4f4138da in std::__n4861::coroutine_handle<void>::resume() const at /usr/include/c++/15/coroutine:142:50
#2  0x00005d1d4f419574 in nxt::rt::deck::ready_item::resume_if_ready(nxt::rt::deck&) const at /home/mbrock/nxtui/build/../src-ng/nxt/rt/task.hpp:1901:18
#3  0x00005d1d4f415a82 in nxt::rt::deck::run_ready_with() at /home/mbrock/nxtui/build/../src-ng/nxt/rt/deck.hpp:200:33
#4  0x00005d1d4f4157d6 in nxt::rt::deck::run_ready() at /home/mbrock/nxtui/build/../src-ng/nxt/rt/deck.hpp:130:23
#5  0x00005d1d4f4abf2e in void nxt::rt::uring_wand::run_until_done<int>(nxt::rt::deck&, nxt::rt::task<int>&) at /home/mbrock/nxtui/build/../src-ng/nxt/rt/uring_wand.hpp:173:28
#6  0x00005d1d4f47fc31 in int nxt::rt::runtime::run<int>(nxt::rt::task<int>) at /home/mbrock/nxtui/build/../src-ng/nxt/rt/app.hpp:141:29
#7  0x00005d1d4f3873ee in main at /home/mbrock/nxtui/build/../src-ng/nxtai/nxtllm.cpp:1272:18
#8  0x000070ce23e2a600 in __libc_start_call_main at ./csu/../sysdeps/nptl/libc_start_call_main.h:59:16
#9  0x000070ce23e2a717 in __libc_start_main_impl at ./csu/../csu/libc-start.c:360:3
#10 0x00005d1d4f364f24 in _start at /home/mbrock/nxtui/build/nxtllm

stdout write #6 bytes 662
  at ../src-ng/nxt/rt/ui_runtime.hpp:434 in nxt::rt::task<void> nxt::rt::ui_runtime::terminal_owner_loop(std::chrono::milliseconds)
  preview "\e[0m\e[1S\e[1A\e7\e[1;36r\e8\e7\e[37;1H\e[2K\e[38;1H\e[2K\e8\e7\e[37;1H\e[48;2;252;211;77m\e[38;2;2;6;23m\e[1m nxtllm \e[37;9H\e[0m\e[38;2;2;6;23m\e[48;2;252;211;77m\e[48;2;15;23;42m\e[38;2;148;163;184mgpt-5.4-nano  tls: client hello write                                                       \e[38;1H\e[48;2;2;6;23m\e[38;2;203;213;225m \e[38;2H\e[38;2;94;234;212m\e[1mTLS client he\xe2\x80\xa6\e[38;16H\e[0m\e[38;2;94;234;212m\e[48;2;2;6;23m\e[38;2;203;213;225m      0\xe2\x86\x93 \e[38;25H\e[48;2;24;48;62m                  0/s\xe2\x86\x93\e[38;47H\e[48;2;2;6;23m      0\xe2\x86\x91 \e[38;56H\e[48;2;43;45;46m                  0/s\xe2\x86\x91\e[38;78H\e[48;2;2;6;23m \e[38;79H\e[38;2;100;116;139m     \e[38;84H\e[38;2;203;213;225m                 \e8"
Stack trace (most recent call first):
#0  0x00005d1d4f374d47 in write_stdout_all at /home/mbrock/nxtui/build/../src-ng/nxt/rt/ui_runtime.hpp:40:23
#1  0x00005d1d4f4138da in std::__n4861::coroutine_handle<void>::resume() const at /usr/include/c++/15/coroutine:142:50
#2  0x00005d1d4f419574 in nxt::rt::deck::ready_item::resume_if_ready(nxt::rt::deck&) const at /home/mbrock/nxtui/build/../src-ng/nxt/rt/task.hpp:1901:18
#3  0x00005d1d4f415a82 in nxt::rt::deck::run_ready_with() at /home/mbrock/nxtui/build/../src-ng/nxt/rt/deck.hpp:200:33
#4  0x00005d1d4f4157d6 in nxt::rt::deck::run_ready() at /home/mbrock/nxtui/build/../src-ng/nxt/rt/deck.hpp:130:23
#5  0x00005d1d4f4abf2e in void nxt::rt::uring_wand::run_until_done<int>(nxt::rt::deck&, nxt::rt::task<int>&) at /home/mbrock/nxtui/build/../src-ng/nxt/rt/uring_wand.hpp:173:28
#6  0x00005d1d4f47fc31 in int nxt::rt::runtime::run<int>(nxt::rt::task<int>) at /home/mbrock/nxtui/build/../src-ng/nxt/rt/app.hpp:141:29
#7  0x00005d1d4f3873ee in main at /home/mbrock/nxtui/build/../src-ng/nxtai/nxtllm.cpp:1272:18
#8  0x000070ce23e2a600 in __libc_start_call_main at ./csu/../sysdeps/nptl/libc_start_call_main.h:59:16
#9  0x000070ce23e2a717 in __libc_start_main_impl at ./csu/../csu/libc-start.c:360:3
#10 0x00005d1d4f364f24 in _start at /home/mbrock/nxtui/build/nxtllm

stdout write #7 bytes 66
  at ../src-ng/nxt/rt/ui_runtime.hpp:434 in nxt::rt::task<void> nxt::rt::ui_runtime::terminal_owner_loop(std::chrono::milliseconds)
  preview "\e7\e[37;28H\e[48;2;15;23;42m\e[38;2;148;163;184mserver\e[37;41Hread \e8"
Stack trace (most recent call first):
#0  0x00005d1d4f374d47 in write_stdout_all at /home/mbrock/nxtui/build/../src-ng/nxt/rt/ui_runtime.hpp:40:23
#1  0x00005d1d4f4138da in std::__n4861::coroutine_handle<void>::resume() const at /usr/include/c++/15/coroutine:142:50
#2  0x00005d1d4f419574 in nxt::rt::deck::ready_item::resume_if_ready(nxt::rt::deck&) const at /home/mbrock/nxtui/build/../src-ng/nxt/rt/task.hpp:1901:18
#3  0x00005d1d4f415a82 in nxt::rt::deck::run_ready_with() at /home/mbrock/nxtui/build/../src-ng/nxt/rt/deck.hpp:200:33
#4  0x00005d1d4f4157d6 in nxt::rt::deck::run_ready() at /home/mbrock/nxtui/build/../src-ng/nxt/rt/deck.hpp:130:23
#5  0x00005d1d4f4abf2e in void nxt::rt::uring_wand::run_until_done<int>(nxt::rt::deck&, nxt::rt::task<int>&) at /home/mbrock/nxtui/build/../src-ng/nxt/rt/uring_wand.hpp:173:28
#6  0x00005d1d4f47fc31 in int nxt::rt::runtime::run<int>(nxt::rt::task<int>) at /home/mbrock/nxtui/build/../src-ng/nxt/rt/app.hpp:141:29
#7  0x00005d1d4f3873ee in main at /home/mbrock/nxtui/build/../src-ng/nxtai/nxtllm.cpp:1272:18
#8  0x000070ce23e2a600 in __libc_start_call_main at ./csu/../sysdeps/nptl/libc_start_call_main.h:59:16
#9  0x000070ce23e2a717 in __libc_start_main_impl at ./csu/../csu/libc-start.c:360:3
#10 0x00005d1d4f364f24 in _start at /home/mbrock/nxtui/build/nxtllm

stdout write #8 bytes 52
  at ../src-ng/nxt/rt/ui_runtime.hpp:434 in nxt::rt::task<void> nxt::rt::ui_runtime::terminal_owner_loop(std::chrono::milliseconds)
  preview "\e7\e[37;41H\e[48;2;15;23;42m\e[38;2;148;163;184mparse\e8"
Stack trace (most recent call first):
#0  0x00005d1d4f374d47 in write_stdout_all at /home/mbrock/nxtui/build/../src-ng/nxt/rt/ui_runtime.hpp:40:23
#1  0x00005d1d4f4138da in std::__n4861::coroutine_handle<void>::resume() const at /usr/include/c++/15/coroutine:142:50
#2  0x00005d1d4f419574 in nxt::rt::deck::ready_item::resume_if_ready(nxt::rt::deck&) const at /home/mbrock/nxtui/build/../src-ng/nxt/rt/task.hpp:1901:18
#3  0x00005d1d4f415a82 in nxt::rt::deck::run_ready_with() at /home/mbrock/nxtui/build/../src-ng/nxt/rt/deck.hpp:200:33
#4  0x00005d1d4f4157d6 in nxt::rt::deck::run_ready() at /home/mbrock/nxtui/build/../src-ng/nxt/rt/deck.hpp:130:23
#5  0x00005d1d4f4abf2e in void nxt::rt::uring_wand::run_until_done<int>(nxt::rt::deck&, nxt::rt::task<int>&) at /home/mbrock/nxtui/build/../src-ng/nxt/rt/uring_wand.hpp:173:28
#6  0x00005d1d4f47fc31 in int nxt::rt::runtime::run<int>(nxt::rt::task<int>) at /home/mbrock/nxtui/build/../src-ng/nxt/rt/app.hpp:141:29
#7  0x00005d1d4f3873ee in main at /home/mbrock/nxtui/build/../src-ng/nxtai/nxtllm.cpp:1272:18
#8  0x000070ce23e2a600 in __libc_start_call_main at ./csu/../sysdeps/nptl/libc_start_call_main.h:59:16
#9  0x000070ce23e2a717 in __libc_start_main_impl at ./csu/../csu/libc-start.c:360:3
#10 0x00005d1d4f364f24 in _start at /home/mbrock/nxtui/build/nxtllm

stdout write #9 bytes 74
  at ../src-ng/nxt/rt/ui_runtime.hpp:434 in nxt::rt::task<void> nxt::rt::ui_runtime::terminal_owner_loop(std::chrono::milliseconds)
  preview "\e7\e[37;28H\e[48;2;15;23;42m\e[38;2;148;163;184mx25519\e[37;35Hshared secret\e8"
Stack trace (most recent call first):
#0  0x00005d1d4f374d47 in write_stdout_all at /home/mbrock/nxtui/build/../src-ng/nxt/rt/ui_runtime.hpp:40:23
#1  0x00005d1d4f4138da in std::__n4861::coroutine_handle<void>::resume() const at /usr/include/c++/15/coroutine:142:50
#2  0x00005d1d4f419574 in nxt::rt::deck::ready_item::resume_if_ready(nxt::rt::deck&) const at /home/mbrock/nxtui/build/../src-ng/nxt/rt/task.hpp:1901:18
#3  0x00005d1d4f415a82 in nxt::rt::deck::run_ready_with() at /home/mbrock/nxtui/build/../src-ng/nxt/rt/deck.hpp:200:33
#4  0x00005d1d4f4157d6 in nxt::rt::deck::run_ready() at /home/mbrock/nxtui/build/../src-ng/nxt/rt/deck.hpp:130:23
#5  0x00005d1d4f4abf2e in void nxt::rt::uring_wand::run_until_done<int>(nxt::rt::deck&, nxt::rt::task<int>&) at /home/mbrock/nxtui/build/../src-ng/nxt/rt/uring_wand.hpp:173:28
#6  0x00005d1d4f47fc31 in int nxt::rt::runtime::run<int>(nxt::rt::task<int>) at /home/mbrock/nxtui/build/../src-ng/nxt/rt/app.hpp:141:29
#7  0x00005d1d4f3873ee in main at /home/mbrock/nxtui/build/../src-ng/nxtai/nxtllm.cpp:1272:18
#8  0x000070ce23e2a600 in __libc_start_call_main at ./csu/../sysdeps/nptl/libc_start_call_main.h:59:16
#9  0x000070ce23e2a717 in __libc_start_main_impl at ./csu/../csu/libc-start.c:360:3
#10 0x00005d1d4f364f24 in _start at /home/mbrock/nxtui/build/nxtllm

stdout write #10 bytes 68
  at ../src-ng/nxt/rt/ui_runtime.hpp:434 in nxt::rt::task<void> nxt::rt::ui_runtime::terminal_owner_loop(std::chrono::milliseconds)
  preview "\e7\e[37;28H\e[48;2;15;23;42m\e[38;2;148;163;184mkeys derive handshake\e8"
Stack trace (most recent call first):
#0  0x00005d1d4f374d47 in write_stdout_all at /home/mbrock/nxtui/build/../src-ng/nxt/rt/ui_runtime.hpp:40:23
#1  0x00005d1d4f4138da in std::__n4861::coroutine_handle<void>::resume() const at /usr/include/c++/15/coroutine:142:50
#2  0x00005d1d4f419574 in nxt::rt::deck::ready_item::resume_if_ready(nxt::rt::deck&) const at /home/mbrock/nxtui/build/../src-ng/nxt/rt/task.hpp:1901:18
#3  0x00005d1d4f415a82 in nxt::rt::deck::run_ready_with() at /home/mbrock/nxtui/build/../src-ng/nxt/rt/deck.hpp:200:33
#4  0x00005d1d4f4157d6 in nxt::rt::deck::run_ready() at /home/mbrock/nxtui/build/../src-ng/nxt/rt/deck.hpp:130:23
#5  0x00005d1d4f4abf2e in void nxt::rt::uring_wand::run_until_done<int>(nxt::rt::deck&, nxt::rt::task<int>&) at /home/mbrock/nxtui/build/../src-ng/nxt/rt/uring_wand.hpp:173:28
#6  0x00005d1d4f47fc31 in int nxt::rt::runtime::run<int>(nxt::rt::task<int>) at /home/mbrock/nxtui/build/../src-ng/nxt/rt/app.hpp:141:29
#7  0x00005d1d4f3873ee in main at /home/mbrock/nxtui/build/../src-ng/nxtai/nxtllm.cpp:1272:18
#8  0x000070ce23e2a600 in __libc_start_call_main at ./csu/../sysdeps/nptl/libc_start_call_main.h:59:16
#9  0x000070ce23e2a717 in __libc_start_main_impl at ./csu/../csu/libc-start.c:360:3
#10 0x00005d1d4f364f24 in _start at /home/mbrock/nxtui/build/nxtllm

stdout write #11 bytes 75
  at ../src-ng/nxt/rt/ui_runtime.hpp:434 in nxt::rt::task<void> nxt::rt::ui_runtime::terminal_owner_loop(std::chrono::milliseconds)
  preview "\e7\e[37;28H\e[48;2;15;23;42m\e[38;2;148;163;184mhandshake recor\e[37;44H read\e8"
Stack trace (most recent call first):
#0  0x00005d1d4f374d47 in write_stdout_all at /home/mbrock/nxtui/build/../src-ng/nxt/rt/ui_runtime.hpp:40:23
#1  0x00005d1d4f4138da in std::__n4861::coroutine_handle<void>::resume() const at /usr/include/c++/15/coroutine:142:50
#2  0x00005d1d4f419574 in nxt::rt::deck::ready_item::resume_if_ready(nxt::rt::deck&) const at /home/mbrock/nxtui/build/../src-ng/nxt/rt/task.hpp:1901:18
#3  0x00005d1d4f415a82 in nxt::rt::deck::run_ready_with() at /home/mbrock/nxtui/build/../src-ng/nxt/rt/deck.hpp:200:33
#4  0x00005d1d4f4157d6 in nxt::rt::deck::run_ready() at /home/mbrock/nxtui/build/../src-ng/nxt/rt/deck.hpp:130:23
#5  0x00005d1d4f4abf2e in void nxt::rt::uring_wand::run_until_done<int>(nxt::rt::deck&, nxt::rt::task<int>&) at /home/mbrock/nxtui/build/../src-ng/nxt/rt/uring_wand.hpp:173:28
#6  0x00005d1d4f47fc31 in int nxt::rt::runtime::run<int>(nxt::rt::task<int>) at /home/mbrock/nxtui/build/../src-ng/nxt/rt/app.hpp:141:29
#7  0x00005d1d4f3873ee in main at /home/mbrock/nxtui/build/../src-ng/nxtai/nxtllm.cpp:1272:18
#8  0x000070ce23e2a600 in __libc_start_call_main at ./csu/../sysdeps/nptl/libc_start_call_main.h:59:16
#9  0x000070ce23e2a717 in __libc_start_main_impl at ./csu/../csu/libc-start.c:360:3
#10 0x00005d1d4f364f24 in _start at /home/mbrock/nxtui/build/nxtllm

stdout write #12 bytes 75
  at ../src-ng/nxt/rt/ui_runtime.hpp:434 in nxt::rt::task<void> nxt::rt::ui_runtime::terminal_owner_loop(std::chrono::milliseconds)
  preview "\e7\e[37;28H\e[48;2;15;23;42m\e[38;2;148;163;184mchange ciph\e[37;40Hr spec   \e8"
Stack trace (most recent call first):
#0  0x00005d1d4f374d47 in write_stdout_all at /home/mbrock/nxtui/build/../src-ng/nxt/rt/ui_runtime.hpp:40:23
#1  0x00005d1d4f4138da in std::__n4861::coroutine_handle<void>::resume() const at /usr/include/c++/15/coroutine:142:50
#2  0x00005d1d4f419574 in nxt::rt::deck::ready_item::resume_if_ready(nxt::rt::deck&) const at /home/mbrock/nxtui/build/../src-ng/nxt/rt/task.hpp:1901:18
#3  0x00005d1d4f415a82 in nxt::rt::deck::run_ready_with() at /home/mbrock/nxtui/build/../src-ng/nxt/rt/deck.hpp:200:33
#4  0x00005d1d4f4157d6 in nxt::rt::deck::run_ready() at /home/mbrock/nxtui/build/../src-ng/nxt/rt/deck.hpp:130:23
#5  0x00005d1d4f4abf2e in void nxt::rt::uring_wand::run_until_done<int>(nxt::rt::deck&, nxt::rt::task<int>&) at /home/mbrock/nxtui/build/../src-ng/nxt/rt/uring_wand.hpp:173:28
#6  0x00005d1d4f47fc31 in int nxt::rt::runtime::run<int>(nxt::rt::task<int>) at /home/mbrock/nxtui/build/../src-ng/nxt/rt/app.hpp:141:29
#7  0x00005d1d4f3873ee in main at /home/mbrock/nxtui/build/../src-ng/nxtai/nxtllm.cpp:1272:18
#8  0x000070ce23e2a600 in __libc_start_call_main at ./csu/../sysdeps/nptl/libc_start_call_main.h:59:16
#9  0x000070ce23e2a717 in __libc_start_main_impl at ./csu/../csu/libc-start.c:360:3
#10 0x00005d1d4f364f24 in _start at /home/mbrock/nxtui/build/nxtllm

stdout write #13 bytes 75
  at ../src-ng/nxt/rt/ui_runtime.hpp:434 in nxt::rt::task<void> nxt::rt::ui_runtime::terminal_owner_loop(std::chrono::milliseconds)
  preview "\e7\e[37;28H\e[48;2;15;23;42m\e[38;2;148;163;184mhandshake r\e[37;40Hcord read\e8"
Stack trace (most recent call first):
#0  0x00005d1d4f374d47 in write_stdout_all at /home/mbrock/nxtui/build/../src-ng/nxt/rt/ui_runtime.hpp:40:23
#1  0x00005d1d4f4138da in std::__n4861::coroutine_handle<void>::resume() const at /usr/include/c++/15/coroutine:142:50
#2  0x00005d1d4f419574 in nxt::rt::deck::ready_item::resume_if_ready(nxt::rt::deck&) const at /home/mbrock/nxtui/build/../src-ng/nxt/rt/task.hpp:1901:18
#3  0x00005d1d4f415a82 in nxt::rt::deck::run_ready_with() at /home/mbrock/nxtui/build/../src-ng/nxt/rt/deck.hpp:200:33
#4  0x00005d1d4f4157d6 in nxt::rt::deck::run_ready() at /home/mbrock/nxtui/build/../src-ng/nxt/rt/deck.hpp:130:23
#5  0x00005d1d4f4abf2e in void nxt::rt::uring_wand::run_until_done<int>(nxt::rt::deck&, nxt::rt::task<int>&) at /home/mbrock/nxtui/build/../src-ng/nxt/rt/uring_wand.hpp:173:28
#6  0x00005d1d4f47fc31 in int nxt::rt::runtime::run<int>(nxt::rt::task<int>) at /home/mbrock/nxtui/build/../src-ng/nxt/rt/app.hpp:141:29
#7  0x00005d1d4f3873ee in main at /home/mbrock/nxtui/build/../src-ng/nxtai/nxtllm.cpp:1272:18
#8  0x000070ce23e2a600 in __libc_start_call_main at ./csu/../sysdeps/nptl/libc_start_call_main.h:59:16
#9  0x000070ce23e2a717 in __libc_start_main_impl at ./csu/../csu/libc-start.c:360:3
#10 0x00005d1d4f364f24 in _start at /home/mbrock/nxtui/build/nxtllm

stdout write #14 bytes 61
  at ../src-ng/nxt/rt/ui_runtime.hpp:434 in nxt::rt::task<void> nxt::rt::ui_runtime::terminal_owner_loop(std::chrono::milliseconds)
  preview "\e7\e[37;45H\e[48;2;15;23;42m\e[38;2;148;163;184md\e[37;47Hcrypt\e8"
Stack trace (most recent call first):
#0  0x00005d1d4f374d47 in write_stdout_all at /home/mbrock/nxtui/build/../src-ng/nxt/rt/ui_runtime.hpp:40:23
#1  0x00005d1d4f4138da in std::__n4861::coroutine_handle<void>::resume() const at /usr/include/c++/15/coroutine:142:50
#2  0x00005d1d4f419574 in nxt::rt::deck::ready_item::resume_if_ready(nxt::rt::deck&) const at /home/mbrock/nxtui/build/../src-ng/nxt/rt/task.hpp:1901:18
#3  0x00005d1d4f415a82 in nxt::rt::deck::run_ready_with() at /home/mbrock/nxtui/build/../src-ng/nxt/rt/deck.hpp:200:33
#4  0x00005d1d4f4157d6 in nxt::rt::deck::run_ready() at /home/mbrock/nxtui/build/../src-ng/nxt/rt/deck.hpp:130:23
#5  0x00005d1d4f4abf2e in void nxt::rt::uring_wand::run_until_done<int>(nxt::rt::deck&, nxt::rt::task<int>&) at /home/mbrock/nxtui/build/../src-ng/nxt/rt/uring_wand.hpp:173:28
#6  0x00005d1d4f47fc31 in int nxt::rt::runtime::run<int>(nxt::rt::task<int>) at /home/mbrock/nxtui/build/../src-ng/nxt/rt/app.hpp:141:29
#7  0x00005d1d4f3873ee in main at /home/mbrock/nxtui/build/../src-ng/nxtai/nxtllm.cpp:1272:18
#8  0x000070ce23e2a600 in __libc_start_call_main at ./csu/../sysdeps/nptl/libc_start_call_main.h:59:16
#9  0x000070ce23e2a717 in __libc_start_main_impl at ./csu/../csu/libc-start.c:360:3
#10 0x00005d1d4f364f24 in _start at /home/mbrock/nxtui/build/nxtllm

stdout write #15 bytes 78
  at ../src-ng/nxt/rt/ui_runtime.hpp:434 in nxt::rt::task<void> nxt::rt::ui_runtime::terminal_owner_loop(std::chrono::milliseconds)
  preview "\e7\e[37;28H\e[48;2;15;23;42m\e[38;2;148;163;184mcertificate pa\e[37;43Hse       \e8"
Stack trace (most recent call first):
#0  0x00005d1d4f374d47 in write_stdout_all at /home/mbrock/nxtui/build/../src-ng/nxt/rt/ui_runtime.hpp:40:23
#1  0x00005d1d4f4138da in std::__n4861::coroutine_handle<void>::resume() const at /usr/include/c++/15/coroutine:142:50
#2  0x00005d1d4f419574 in nxt::rt::deck::ready_item::resume_if_ready(nxt::rt::deck&) const at /home/mbrock/nxtui/build/../src-ng/nxt/rt/task.hpp:1901:18
#3  0x00005d1d4f415a82 in nxt::rt::deck::run_ready_with() at /home/mbrock/nxtui/build/../src-ng/nxt/rt/deck.hpp:200:33
#4  0x00005d1d4f4157d6 in nxt::rt::deck::run_ready() at /home/mbrock/nxtui/build/../src-ng/nxt/rt/deck.hpp:130:23
#5  0x00005d1d4f4abf2e in void nxt::rt::uring_wand::run_until_done<int>(nxt::rt::deck&, nxt::rt::task<int>&) at /home/mbrock/nxtui/build/../src-ng/nxt/rt/uring_wand.hpp:173:28
#6  0x00005d1d4f47fc31 in int nxt::rt::runtime::run<int>(nxt::rt::task<int>) at /home/mbrock/nxtui/build/../src-ng/nxt/rt/app.hpp:141:29
#7  0x00005d1d4f3873ee in main at /home/mbrock/nxtui/build/../src-ng/nxtai/nxtllm.cpp:1272:18
#8  0x000070ce23e2a600 in __libc_start_call_main at ./csu/../sysdeps/nptl/libc_start_call_main.h:59:16
#9  0x000070ce23e2a717 in __libc_start_main_impl at ./csu/../csu/libc-start.c:360:3
#10 0x00005d1d4f364f24 in _start at /home/mbrock/nxtui/build/nxtllm

stdout write #16 bytes 60
  at ../src-ng/nxt/rt/ui_runtime.hpp:434 in nxt::rt::task<void> nxt::rt::ui_runtime::terminal_owner_loop(std::chrono::milliseconds)
  preview "\e7\e[37;40H\e[48;2;15;23;42m\e[38;2;148;163;184mve\e[37;43Hify\e8"
Stack trace (most recent call first):
#0  0x00005d1d4f374d47 in write_stdout_all at /home/mbrock/nxtui/build/../src-ng/nxt/rt/ui_runtime.hpp:40:23
#1  0x00005d1d4f4138da in std::__n4861::coroutine_handle<void>::resume() const at /usr/include/c++/15/coroutine:142:50
#2  0x00005d1d4f419574 in nxt::rt::deck::ready_item::resume_if_ready(nxt::rt::deck&) const at /home/mbrock/nxtui/build/../src-ng/nxt/rt/task.hpp:1901:18
#3  0x00005d1d4f415a82 in nxt::rt::deck::run_ready_with() at /home/mbrock/nxtui/build/../src-ng/nxt/rt/deck.hpp:200:33
#4  0x00005d1d4f4157d6 in nxt::rt::deck::run_ready() at /home/mbrock/nxtui/build/../src-ng/nxt/rt/deck.hpp:130:23
#5  0x00005d1d4f4abf2e in void nxt::rt::uring_wand::run_until_done<int>(nxt::rt::deck&, nxt::rt::task<int>&) at /home/mbrock/nxtui/build/../src-ng/nxt/rt/uring_wand.hpp:173:28
#6  0x00005d1d4f47fc31 in int nxt::rt::runtime::run<int>(nxt::rt::task<int>) at /home/mbrock/nxtui/build/../src-ng/nxt/rt/app.hpp:141:29
#7  0x00005d1d4f3873ee in main at /home/mbrock/nxtui/build/../src-ng/nxtai/nxtllm.cpp:1272:18
#8  0x000070ce23e2a600 in __libc_start_call_main at ./csu/../sysdeps/nptl/libc_start_call_main.h:59:16
#9  0x000070ce23e2a717 in __libc_start_main_impl at ./csu/../csu/libc-start.c:360:3
#10 0x00005d1d4f364f24 in _start at /home/mbrock/nxtui/build/nxtllm

stdout write #17 bytes 83
  at ../src-ng/nxt/rt/ui_runtime.hpp:434 in nxt::rt::task<void> nxt::rt::ui_runtime::terminal_owner_loop(std::chrono::milliseconds)
  preview "\e7\e[37;28H\e[48;2;15;23;42m\e[38;2;148;163;184mk\e[37;30Hys deriv\e[37;40Happlication\e8"
Stack trace (most recent call first):
#0  0x00005d1d4f374d47 in write_stdout_all at /home/mbrock/nxtui/build/../src-ng/nxt/rt/ui_runtime.hpp:40:23
#1  0x00005d1d4f4138da in std::__n4861::coroutine_handle<void>::resume() const at /usr/include/c++/15/coroutine:142:50
#2  0x00005d1d4f419574 in nxt::rt::deck::ready_item::resume_if_ready(nxt::rt::deck&) const at /home/mbrock/nxtui/build/../src-ng/nxt/rt/task.hpp:1901:18
#3  0x00005d1d4f415a82 in nxt::rt::deck::run_ready_with() at /home/mbrock/nxtui/build/../src-ng/nxt/rt/deck.hpp:200:33
#4  0x00005d1d4f4157d6 in nxt::rt::deck::run_ready() at /home/mbrock/nxtui/build/../src-ng/nxt/rt/deck.hpp:130:23
#5  0x00005d1d4f4abf2e in void nxt::rt::uring_wand::run_until_done<int>(nxt::rt::deck&, nxt::rt::task<int>&) at /home/mbrock/nxtui/build/../src-ng/nxt/rt/uring_wand.hpp:173:28
#6  0x00005d1d4f47fc31 in int nxt::rt::runtime::run<int>(nxt::rt::task<int>) at /home/mbrock/nxtui/build/../src-ng/nxt/rt/app.hpp:141:29
#7  0x00005d1d4f3873ee in main at /home/mbrock/nxtui/build/../src-ng/nxtai/nxtllm.cpp:1272:18
#8  0x000070ce23e2a600 in __libc_start_call_main at ./csu/../sysdeps/nptl/libc_start_call_main.h:59:16
#9  0x000070ce23e2a717 in __libc_start_main_impl at ./csu/../csu/libc-start.c:360:3
#10 0x00005d1d4f364f24 in _start at /home/mbrock/nxtui/build/nxtllm

stdout write #18 bytes 84
  at ../src-ng/nxt/rt/ui_runtime.hpp:434 in nxt::rt::task<void> nxt::rt::ui_runtime::terminal_owner_loop(std::chrono::milliseconds)
  preview "\e7\e[37;28H\e[48;2;15;23;42m\e[38;2;148;163;184mclient f\e[37;37Hnished wri\e[37;48He  \e8"
Stack trace (most recent call first):
#0  0x00005d1d4f374d47 in write_stdout_all at /home/mbrock/nxtui/build/../src-ng/nxt/rt/ui_runtime.hpp:40:23
#1  0x00005d1d4f4138da in std::__n4861::coroutine_handle<void>::resume() const at /usr/include/c++/15/coroutine:142:50
#2  0x00005d1d4f419574 in nxt::rt::deck::ready_item::resume_if_ready(nxt::rt::deck&) const at /home/mbrock/nxtui/build/../src-ng/nxt/rt/task.hpp:1901:18
#3  0x00005d1d4f415a82 in nxt::rt::deck::run_ready_with() at /home/mbrock/nxtui/build/../src-ng/nxt/rt/deck.hpp:200:33
#4  0x00005d1d4f4157d6 in nxt::rt::deck::run_ready() at /home/mbrock/nxtui/build/../src-ng/nxt/rt/deck.hpp:130:23
#5  0x00005d1d4f4abf2e in void nxt::rt::uring_wand::run_until_done<int>(nxt::rt::deck&, nxt::rt::task<int>&) at /home/mbrock/nxtui/build/../src-ng/nxt/rt/uring_wand.hpp:173:28
#6  0x00005d1d4f47fc31 in int nxt::rt::runtime::run<int>(nxt::rt::task<int>) at /home/mbrock/nxtui/build/../src-ng/nxt/rt/app.hpp:141:29
#7  0x00005d1d4f3873ee in main at /home/mbrock/nxtui/build/../src-ng/nxtai/nxtllm.cpp:1272:18
#8  0x000070ce23e2a600 in __libc_start_call_main at ./csu/../sysdeps/nptl/libc_start_call_main.h:59:16
#9  0x000070ce23e2a717 in __libc_start_main_impl at ./csu/../csu/libc-start.c:360:3
#10 0x00005d1d4f364f24 in _start at /home/mbrock/nxtui/build/nxtllm

stdout write #19 bytes 82
  at ../src-ng/nxt/rt/ui_runtime.hpp:434 in nxt::rt::task<void> nxt::rt::ui_runtime::terminal_owner_loop(std::chrono::milliseconds)
  preview "\e7\e[37;28H\e[48;2;15;23;42m\e[38;2;148;163;184mready \e[37;35H        \e[37;44H     \e8"
Stack trace (most recent call first):
#0  0x00005d1d4f374d47 in write_stdout_all at /home/mbrock/nxtui/build/../src-ng/nxt/rt/ui_runtime.hpp:40:23
#1  0x00005d1d4f4138da in std::__n4861::coroutine_handle<void>::resume() const at /usr/include/c++/15/coroutine:142:50
#2  0x00005d1d4f419574 in nxt::rt::deck::ready_item::resume_if_ready(nxt::rt::deck&) const at /home/mbrock/nxtui/build/../src-ng/nxt/rt/task.hpp:1901:18
#3  0x00005d1d4f415a82 in nxt::rt::deck::run_ready_with() at /home/mbrock/nxtui/build/../src-ng/nxt/rt/deck.hpp:200:33
#4  0x00005d1d4f4157d6 in nxt::rt::deck::run_ready() at /home/mbrock/nxtui/build/../src-ng/nxt/rt/deck.hpp:130:23
#5  0x00005d1d4f4abf2e in void nxt::rt::uring_wand::run_until_done<int>(nxt::rt::deck&, nxt::rt::task<int>&) at /home/mbrock/nxtui/build/../src-ng/nxt/rt/uring_wand.hpp:173:28
#6  0x00005d1d4f47fc31 in int nxt::rt::runtime::run<int>(nxt::rt::task<int>) at /home/mbrock/nxtui/build/../src-ng/nxt/rt/app.hpp:141:29
#7  0x00005d1d4f3873ee in main at /home/mbrock/nxtui/build/../src-ng/nxtai/nxtllm.cpp:1272:18
#8  0x000070ce23e2a600 in __libc_start_call_main at ./csu/../sysdeps/nptl/libc_start_call_main.h:59:16
#9  0x000070ce23e2a717 in __libc_start_main_impl at ./csu/../csu/libc-start.c:360:3
#10 0x00005d1d4f364f24 in _start at /home/mbrock/nxtui/build/nxtllm

stdout write #20 bytes 4
  at ../src-ng/nxt/rt/ui_runtime.hpp:434 in nxt::rt::task<void> nxt::rt::ui_runtime::terminal_owner_loop(std::chrono::milliseconds)
  preview "\e7\e8"
Stack trace (most recent call first):
#0  0x00005d1d4f374d47 in write_stdout_all at /home/mbrock/nxtui/build/../src-ng/nxt/rt/ui_runtime.hpp:40:23
#1  0x00005d1d4f4138da in std::__n4861::coroutine_handle<void>::resume() const at /usr/include/c++/15/coroutine:142:50
#2  0x00005d1d4f419574 in nxt::rt::deck::ready_item::resume_if_ready(nxt::rt::deck&) const at /home/mbrock/nxtui/build/../src-ng/nxt/rt/task.hpp:1901:18
#3  0x00005d1d4f415a82 in nxt::rt::deck::run_ready_with() at /home/mbrock/nxtui/build/../src-ng/nxt/rt/deck.hpp:200:33
#4  0x00005d1d4f4157d6 in nxt::rt::deck::run_ready() at /home/mbrock/nxtui/build/../src-ng/nxt/rt/deck.hpp:130:23
#5  0x00005d1d4f4abf2e in void nxt::rt::uring_wand::run_until_done<int>(nxt::rt::deck&, nxt::rt::task<int>&) at /home/mbrock/nxtui/build/../src-ng/nxt/rt/uring_wand.hpp:173:28
#6  0x00005d1d4f47fc31 in int nxt::rt::runtime::run<int>(nxt::rt::task<int>) at /home/mbrock/nxtui/build/../src-ng/nxt/rt/app.hpp:141:29
#7  0x00005d1d4f3873ee in main at /home/mbrock/nxtui/build/../src-ng/nxtai/nxtllm.cpp:1272:18
#8  0x000070ce23e2a600 in __libc_start_call_main at ./csu/../sysdeps/nptl/libc_start_call_main.h:59:16
#9  0x000070ce23e2a717 in __libc_start_main_impl at ./csu/../csu/libc-start.c:360:3
#10 0x00005d1d4f364f24 in _start at /home/mbrock/nxtui/build/nxtllm

stdout write #21 bytes 257
  at ../src-ng/nxt/rt/ui_runtime.hpp:434 in nxt::rt::task<void> nxt::rt::ui_runtime::terminal_owner_loop(std::chrono::milliseconds)
  preview "\e7\e[38;2H\e[48;2;2;6;23m\e[38;2;94;234;212m\e[1mhttp respons\e[38;15H \e[38;19H\e[0m\e[38;2;94;234;212m\e[48;2;2;6;23m\e[38;2;203;213;225m2.8K\e[38;25H\e[48;2;28;58;70m               2.7K/s\xe2\x86\x93\e[38;50H\e[48;2;2;6;23m2.0K\e[38;56H\e[48;2;51;52;47m               2.0K/s\xe2\x86\x91\e8"
Stack trace (most recent call first):
#0  0x00005d1d4f374d47 in write_stdout_all at /home/mbrock/nxtui/build/../src-ng/nxt/rt/ui_runtime.hpp:40:23
#1  0x00005d1d4f4138da in std::__n4861::coroutine_handle<void>::resume() const at /usr/include/c++/15/coroutine:142:50
#2  0x00005d1d4f419574 in nxt::rt::deck::ready_item::resume_if_ready(nxt::rt::deck&) const at /home/mbrock/nxtui/build/../src-ng/nxt/rt/task.hpp:1901:18
#3  0x00005d1d4f415a82 in nxt::rt::deck::run_ready_with() at /home/mbrock/nxtui/build/../src-ng/nxt/rt/deck.hpp:200:33
#4  0x00005d1d4f4157d6 in nxt::rt::deck::run_ready() at /home/mbrock/nxtui/build/../src-ng/nxt/rt/deck.hpp:130:23
#5  0x00005d1d4f4abf2e in void nxt::rt::uring_wand::run_until_done<int>(nxt::rt::deck&, nxt::rt::task<int>&) at /home/mbrock/nxtui/build/../src-ng/nxt/rt/uring_wand.hpp:173:28
#6  0x00005d1d4f47fc31 in int nxt::rt::runtime::run<int>(nxt::rt::task<int>) at /home/mbrock/nxtui/build/../src-ng/nxt/rt/app.hpp:141:29
#7  0x00005d1d4f3873ee in main at /home/mbrock/nxtui/build/../src-ng/nxtai/nxtllm.cpp:1272:18
#8  0x000070ce23e2a600 in __libc_start_call_main at ./csu/../sysdeps/nptl/libc_start_call_main.h:59:16
#9  0x000070ce23e2a717 in __libc_start_main_impl at ./csu/../csu/libc-start.c:360:3
#10 0x00005d1d4f364f24 in _start at /home/mbrock/nxtui/build/nxtllm

stdout write #22 bytes 4
  at ../src-ng/nxt/rt/ui_runtime.hpp:434 in nxt::rt::task<void> nxt::rt::ui_runtime::terminal_owner_loop(std::chrono::milliseconds)
  preview "\e7\e8"
Stack trace (most recent call first):
#0  0x00005d1d4f374d47 in write_stdout_all at /home/mbrock/nxtui/build/../src-ng/nxt/rt/ui_runtime.hpp:40:23
#1  0x00005d1d4f4138da in std::__n4861::coroutine_handle<void>::resume() const at /usr/include/c++/15/coroutine:142:50
#2  0x00005d1d4f419574 in nxt::rt::deck::ready_item::resume_if_ready(nxt::rt::deck&) const at /home/mbrock/nxtui/build/../src-ng/nxt/rt/task.hpp:1901:18
#3  0x00005d1d4f415a82 in nxt::rt::deck::run_ready_with() at /home/mbrock/nxtui/build/../src-ng/nxt/rt/deck.hpp:200:33
#4  0x00005d1d4f4157d6 in nxt::rt::deck::run_ready() at /home/mbrock/nxtui/build/../src-ng/nxt/rt/deck.hpp:130:23
#5  0x00005d1d4f4abf2e in void nxt::rt::uring_wand::run_until_done<int>(nxt::rt::deck&, nxt::rt::task<int>&) at /home/mbrock/nxtui/build/../src-ng/nxt/rt/uring_wand.hpp:173:28
#6  0x00005d1d4f47fc31 in int nxt::rt::runtime::run<int>(nxt::rt::task<int>) at /home/mbrock/nxtui/build/../src-ng/nxt/rt/app.hpp:141:29
#7  0x00005d1d4f3873ee in main at /home/mbrock/nxtui/build/../src-ng/nxtai/nxtllm.cpp:1272:18
#8  0x000070ce23e2a600 in __libc_start_call_main at ./csu/../sysdeps/nptl/libc_start_call_main.h:59:16
#9  0x000070ce23e2a717 in __libc_start_main_impl at ./csu/../csu/libc-start.c:360:3
#10 0x00005d1d4f364f24 in _start at /home/mbrock/nxtui/build/nxtllm

stdout write #23 bytes 82
  at ../src-ng/nxt/rt/ui_runtime.hpp:434 in nxt::rt::task<void> nxt::rt::ui_runtime::terminal_owner_loop(std::chrono::milliseconds)
  preview "\e7\e[38;42H\e[48;2;28;58;70m\e[38;2;203;213;225m6\e[38;71H\e[48;2;51;52;47m1\e[38;73H9\e8"
Stack trace (most recent call first):
#0  0x00005d1d4f374d47 in write_stdout_all at /home/mbrock/nxtui/build/../src-ng/nxt/rt/ui_runtime.hpp:40:23
#1  0x00005d1d4f4138da in std::__n4861::coroutine_handle<void>::resume() const at /usr/include/c++/15/coroutine:142:50
#2  0x00005d1d4f419574 in nxt::rt::deck::ready_item::resume_if_ready(nxt::rt::deck&) const at /home/mbrock/nxtui/build/../src-ng/nxt/rt/task.hpp:1901:18
#3  0x00005d1d4f415a82 in nxt::rt::deck::run_ready_with() at /home/mbrock/nxtui/build/../src-ng/nxt/rt/deck.hpp:200:33
#4  0x00005d1d4f4157d6 in nxt::rt::deck::run_ready() at /home/mbrock/nxtui/build/../src-ng/nxt/rt/deck.hpp:130:23
#5  0x00005d1d4f4abf2e in void nxt::rt::uring_wand::run_until_done<int>(nxt::rt::deck&, nxt::rt::task<int>&) at /home/mbrock/nxtui/build/../src-ng/nxt/rt/uring_wand.hpp:173:28
#6  0x00005d1d4f47fc31 in int nxt::rt::runtime::run<int>(nxt::rt::task<int>) at /home/mbrock/nxtui/build/../src-ng/nxt/rt/app.hpp:141:29
#7  0x00005d1d4f3873ee in main at /home/mbrock/nxtui/build/../src-ng/nxtai/nxtllm.cpp:1272:18
#8  0x000070ce23e2a600 in __libc_start_call_main at ./csu/../sysdeps/nptl/libc_start_call_main.h:59:16
#9  0x000070ce23e2a717 in __libc_start_main_impl at ./csu/../csu/libc-start.c:360:3
#10 0x00005d1d4f364f24 in _start at /home/mbrock/nxtui/build/nxtllm

stdout write #24 bytes 71
  at ../src-ng/nxt/rt/ui_runtime.hpp:434 in nxt::rt::task<void> nxt::rt::ui_runtime::terminal_owner_loop(std::chrono::milliseconds)
  preview "\e7\e[38;56H\e[48;2;51;51;47m\e[38;2;203;213;225m               1.9K/s\xe2\x86\x91\e8"
Stack trace (most recent call first):
#0  0x00005d1d4f374d47 in write_stdout_all at /home/mbrock/nxtui/build/../src-ng/nxt/rt/ui_runtime.hpp:40:23
#1  0x00005d1d4f4138da in std::__n4861::coroutine_handle<void>::resume() const at /usr/include/c++/15/coroutine:142:50
#2  0x00005d1d4f419574 in nxt::rt::deck::ready_item::resume_if_ready(nxt::rt::deck&) const at /home/mbrock/nxtui/build/../src-ng/nxt/rt/task.hpp:1901:18
#3  0x00005d1d4f415a82 in nxt::rt::deck::run_ready_with() at /home/mbrock/nxtui/build/../src-ng/nxt/rt/deck.hpp:200:33
#4  0x00005d1d4f4157d6 in nxt::rt::deck::run_ready() at /home/mbrock/nxtui/build/../src-ng/nxt/rt/deck.hpp:130:23
#5  0x00005d1d4f4abf2e in void nxt::rt::uring_wand::run_until_done<int>(nxt::rt::deck&, nxt::rt::task<int>&) at /home/mbrock/nxtui/build/../src-ng/nxt/rt/uring_wand.hpp:173:28
#6  0x00005d1d4f47fc31 in int nxt::rt::runtime::run<int>(nxt::rt::task<int>) at /home/mbrock/nxtui/build/../src-ng/nxt/rt/app.hpp:141:29
#7  0x00005d1d4f3873ee in main at /home/mbrock/nxtui/build/../src-ng/nxtai/nxtllm.cpp:1272:18
#8  0x000070ce23e2a600 in __libc_start_call_main at ./csu/../sysdeps/nptl/libc_start_call_main.h:59:16
#9  0x000070ce23e2a717 in __libc_start_main_impl at ./csu/../csu/libc-start.c:360:3
#10 0x00005d1d4f364f24 in _start at /home/mbrock/nxtui/build/nxtllm

stdout write #25 bytes 48
  at ../src-ng/nxt/rt/ui_runtime.hpp:434 in nxt::rt::task<void> nxt::rt::ui_runtime::terminal_owner_loop(std::chrono::milliseconds)
  preview "\e7\e[38;42H\e[48;2;28;58;70m\e[38;2;203;213;225m5\e8"
Stack trace (most recent call first):
#0  0x00005d1d4f374d47 in write_stdout_all at /home/mbrock/nxtui/build/../src-ng/nxt/rt/ui_runtime.hpp:40:23
#1  0x00005d1d4f4138da in std::__n4861::coroutine_handle<void>::resume() const at /usr/include/c++/15/coroutine:142:50
#2  0x00005d1d4f419574 in nxt::rt::deck::ready_item::resume_if_ready(nxt::rt::deck&) const at /home/mbrock/nxtui/build/../src-ng/nxt/rt/task.hpp:1901:18
#3  0x00005d1d4f415a82 in nxt::rt::deck::run_ready_with() at /home/mbrock/nxtui/build/../src-ng/nxt/rt/deck.hpp:200:33
#4  0x00005d1d4f4157d6 in nxt::rt::deck::run_ready() at /home/mbrock/nxtui/build/../src-ng/nxt/rt/deck.hpp:130:23
#5  0x00005d1d4f4abf2e in void nxt::rt::uring_wand::run_until_done<int>(nxt::rt::deck&, nxt::rt::task<int>&) at /home/mbrock/nxtui/build/../src-ng/nxt/rt/uring_wand.hpp:173:28
#6  0x00005d1d4f47fc31 in int nxt::rt::runtime::run<int>(nxt::rt::task<int>) at /home/mbrock/nxtui/build/../src-ng/nxt/rt/app.hpp:141:29
#7  0x00005d1d4f3873ee in main at /home/mbrock/nxtui/build/../src-ng/nxtai/nxtllm.cpp:1272:18
#8  0x000070ce23e2a600 in __libc_start_call_main at ./csu/../sysdeps/nptl/libc_start_call_main.h:59:16
#9  0x000070ce23e2a717 in __libc_start_main_impl at ./csu/../csu/libc-start.c:360:3
#10 0x00005d1d4f364f24 in _start at /home/mbrock/nxtui/build/nxtllm

stdout write #26 bytes 96
  at ../src-ng/nxt/rt/ui_runtime.hpp:434 in nxt::rt::task<void> nxt::rt::ui_runtime::terminal_owner_loop(std::chrono::milliseconds)
  preview "\e7\e[38;25H\e[48;2;28;57;70m\e[38;2;203;213;225m               2.5K/s\xe2\x86\x93\e[38;73H\e[48;2;51;51;47m8\e8"
Stack trace (most recent call first):
#0  0x00005d1d4f374d47 in write_stdout_all at /home/mbrock/nxtui/build/../src-ng/nxt/rt/ui_runtime.hpp:40:23
#1  0x00005d1d4f4138da in std::__n4861::coroutine_handle<void>::resume() const at /usr/include/c++/15/coroutine:142:50
#2  0x00005d1d4f419574 in nxt::rt::deck::ready_item::resume_if_ready(nxt::rt::deck&) const at /home/mbrock/nxtui/build/../src-ng/nxt/rt/task.hpp:1901:18
#3  0x00005d1d4f415a82 in nxt::rt::deck::run_ready_with() at /home/mbrock/nxtui/build/../src-ng/nxt/rt/deck.hpp:200:33
#4  0x00005d1d4f4157d6 in nxt::rt::deck::run_ready() at /home/mbrock/nxtui/build/../src-ng/nxt/rt/deck.hpp:130:23
#5  0x00005d1d4f4abf2e in void nxt::rt::uring_wand::run_until_done<int>(nxt::rt::deck&, nxt::rt::task<int>&) at /home/mbrock/nxtui/build/../src-ng/nxt/rt/uring_wand.hpp:173:28
#6  0x00005d1d4f47fc31 in int nxt::rt::runtime::run<int>(nxt::rt::task<int>) at /home/mbrock/nxtui/build/../src-ng/nxt/rt/app.hpp:141:29
#7  0x00005d1d4f3873ee in main at /home/mbrock/nxtui/build/../src-ng/nxtai/nxtllm.cpp:1272:18
#8  0x000070ce23e2a600 in __libc_start_call_main at ./csu/../sysdeps/nptl/libc_start_call_main.h:59:16
#9  0x000070ce23e2a717 in __libc_start_main_impl at ./csu/../csu/libc-start.c:360:3
#10 0x00005d1d4f364f24 in _start at /home/mbrock/nxtui/build/nxtllm

stdout write #27 bytes 4
  at ../src-ng/nxt/rt/ui_runtime.hpp:434 in nxt::rt::task<void> nxt::rt::ui_runtime::terminal_owner_loop(std::chrono::milliseconds)
  preview "\e7\e8"
Stack trace (most recent call first):
#0  0x00005d1d4f374d47 in write_stdout_all at /home/mbrock/nxtui/build/../src-ng/nxt/rt/ui_runtime.hpp:40:23
#1  0x00005d1d4f4138da in std::__n4861::coroutine_handle<void>::resume() const at /usr/include/c++/15/coroutine:142:50
#2  0x00005d1d4f419574 in nxt::rt::deck::ready_item::resume_if_ready(nxt::rt::deck&) const at /home/mbrock/nxtui/build/../src-ng/nxt/rt/task.hpp:1901:18
#3  0x00005d1d4f415a82 in nxt::rt::deck::run_ready_with() at /home/mbrock/nxtui/build/../src-ng/nxt/rt/deck.hpp:200:33
#4  0x00005d1d4f4157d6 in nxt::rt::deck::run_ready() at /home/mbrock/nxtui/build/../src-ng/nxt/rt/deck.hpp:130:23
#5  0x00005d1d4f4abf2e in void nxt::rt::uring_wand::run_until_done<int>(nxt::rt::deck&, nxt::rt::task<int>&) at /home/mbrock/nxtui/build/../src-ng/nxt/rt/uring_wand.hpp:173:28
#6  0x00005d1d4f47fc31 in int nxt::rt::runtime::run<int>(nxt::rt::task<int>) at /home/mbrock/nxtui/build/../src-ng/nxt/rt/app.hpp:141:29
#7  0x00005d1d4f3873ee in main at /home/mbrock/nxtui/build/../src-ng/nxtai/nxtllm.cpp:1272:18
#8  0x000070ce23e2a600 in __libc_start_call_main at ./csu/../sysdeps/nptl/libc_start_call_main.h:59:16
#9  0x000070ce23e2a717 in __libc_start_main_impl at ./csu/../csu/libc-start.c:360:3
#10 0x00005d1d4f364f24 in _start at /home/mbrock/nxtui/build/nxtllm

stdout write #28 bytes 71
  at ../src-ng/nxt/rt/ui_runtime.hpp:434 in nxt::rt::task<void> nxt::rt::ui_runtime::terminal_owner_loop(std::chrono::milliseconds)
  preview "\e7\e[38;25H\e[48;2;27;57;69m\e[38;2;203;213;225m               2.4K/s\xe2\x86\x93\e8"
Stack trace (most recent call first):
#0  0x00005d1d4f374d47 in write_stdout_all at /home/mbrock/nxtui/build/../src-ng/nxt/rt/ui_runtime.hpp:40:23
#1  0x00005d1d4f4138da in std::__n4861::coroutine_handle<void>::resume() const at /usr/include/c++/15/coroutine:142:50
#2  0x00005d1d4f419574 in nxt::rt::deck::ready_item::resume_if_ready(nxt::rt::deck&) const at /home/mbrock/nxtui/build/../src-ng/nxt/rt/task.hpp:1901:18
#3  0x00005d1d4f415a82 in nxt::rt::deck::run_ready_with() at /home/mbrock/nxtui/build/../src-ng/nxt/rt/deck.hpp:200:33
#4  0x00005d1d4f4157d6 in nxt::rt::deck::run_ready() at /home/mbrock/nxtui/build/../src-ng/nxt/rt/deck.hpp:130:23
#5  0x00005d1d4f4abf2e in void nxt::rt::uring_wand::run_until_done<int>(nxt::rt::deck&, nxt::rt::task<int>&) at /home/mbrock/nxtui/build/../src-ng/nxt/rt/uring_wand.hpp:173:28
#6  0x00005d1d4f47fc31 in int nxt::rt::runtime::run<int>(nxt::rt::task<int>) at /home/mbrock/nxtui/build/../src-ng/nxt/rt/app.hpp:141:29
#7  0x00005d1d4f3873ee in main at /home/mbrock/nxtui/build/../src-ng/nxtai/nxtllm.cpp:1272:18
#8  0x000070ce23e2a600 in __libc_start_call_main at ./csu/../sysdeps/nptl/libc_start_call_main.h:59:16
#9  0x000070ce23e2a717 in __libc_start_main_impl at ./csu/../csu/libc-start.c:360:3
#10 0x00005d1d4f364f24 in _start at /home/mbrock/nxtui/build/nxtllm

stdout write #29 bytes 71
  at ../src-ng/nxt/rt/ui_runtime.hpp:434 in nxt::rt::task<void> nxt::rt::ui_runtime::terminal_owner_loop(std::chrono::milliseconds)
  preview "\e7\e[38;56H\e[48;2;50;51;47m\e[38;2;203;213;225m               1.7K/s\xe2\x86\x91\e8"
Stack trace (most recent call first):
#0  0x00005d1d4f374d47 in write_stdout_all at /home/mbrock/nxtui/build/../src-ng/nxt/rt/ui_runtime.hpp:40:23
#1  0x00005d1d4f4138da in std::__n4861::coroutine_handle<void>::resume() const at /usr/include/c++/15/coroutine:142:50
#2  0x00005d1d4f419574 in nxt::rt::deck::ready_item::resume_if_ready(nxt::rt::deck&) const at /home/mbrock/nxtui/build/../src-ng/nxt/rt/task.hpp:1901:18
#3  0x00005d1d4f415a82 in nxt::rt::deck::run_ready_with() at /home/mbrock/nxtui/build/../src-ng/nxt/rt/deck.hpp:200:33
#4  0x00005d1d4f4157d6 in nxt::rt::deck::run_ready() at /home/mbrock/nxtui/build/../src-ng/nxt/rt/deck.hpp:130:23
#5  0x00005d1d4f4abf2e in void nxt::rt::uring_wand::run_until_done<int>(nxt::rt::deck&, nxt::rt::task<int>&) at /home/mbrock/nxtui/build/../src-ng/nxt/rt/uring_wand.hpp:173:28
#6  0x00005d1d4f47fc31 in int nxt::rt::runtime::run<int>(nxt::rt::task<int>) at /home/mbrock/nxtui/build/../src-ng/nxt/rt/app.hpp:141:29
#7  0x00005d1d4f3873ee in main at /home/mbrock/nxtui/build/../src-ng/nxtai/nxtllm.cpp:1272:18
#8  0x000070ce23e2a600 in __libc_start_call_main at ./csu/../sysdeps/nptl/libc_start_call_main.h:59:16
#9  0x000070ce23e2a717 in __libc_start_main_impl at ./csu/../csu/libc-start.c:360:3
#10 0x00005d1d4f364f24 in _start at /home/mbrock/nxtui/build/nxtllm

stdout write #30 bytes 4
  at ../src-ng/nxt/rt/ui_runtime.hpp:434 in nxt::rt::task<void> nxt::rt::ui_runtime::terminal_owner_loop(std::chrono::milliseconds)
  preview "\e7\e8"
Stack trace (most recent call first):
#0  0x00005d1d4f374d47 in write_stdout_all at /home/mbrock/nxtui/build/../src-ng/nxt/rt/ui_runtime.hpp:40:23
#1  0x00005d1d4f4138da in std::__n4861::coroutine_handle<void>::resume() const at /usr/include/c++/15/coroutine:142:50
#2  0x00005d1d4f419574 in nxt::rt::deck::ready_item::resume_if_ready(nxt::rt::deck&) const at /home/mbrock/nxtui/build/../src-ng/nxt/rt/task.hpp:1901:18
#3  0x00005d1d4f415a82 in nxt::rt::deck::run_ready_with() at /home/mbrock/nxtui/build/../src-ng/nxt/rt/deck.hpp:200:33
#4  0x00005d1d4f4157d6 in nxt::rt::deck::run_ready() at /home/mbrock/nxtui/build/../src-ng/nxt/rt/deck.hpp:130:23
#5  0x00005d1d4f4abf2e in void nxt::rt::uring_wand::run_until_done<int>(nxt::rt::deck&, nxt::rt::task<int>&) at /home/mbrock/nxtui/build/../src-ng/nxt/rt/uring_wand.hpp:173:28
#6  0x00005d1d4f47fc31 in int nxt::rt::runtime::run<int>(nxt::rt::task<int>) at /home/mbrock/nxtui/build/../src-ng/nxt/rt/app.hpp:141:29
#7  0x00005d1d4f3873ee in main at /home/mbrock/nxtui/build/../src-ng/nxtai/nxtllm.cpp:1272:18
#8  0x000070ce23e2a600 in __libc_start_call_main at ./csu/../sysdeps/nptl/libc_start_call_main.h:59:16
#9  0x000070ce23e2a717 in __libc_start_main_impl at ./csu/../csu/libc-start.c:360:3
#10 0x00005d1d4f364f24 in _start at /home/mbrock/nxtui/build/nxtllm

stdout write #31 bytes 48
  at ../src-ng/nxt/rt/ui_runtime.hpp:434 in nxt::rt::task<void> nxt::rt::ui_runtime::terminal_owner_loop(std::chrono::milliseconds)
  preview "\e7\e[38;42H\e[48;2;27;57;69m\e[38;2;203;213;225m3\e8"
Stack trace (most recent call first):
#0  0x00005d1d4f374d47 in write_stdout_all at /home/mbrock/nxtui/build/../src-ng/nxt/rt/ui_runtime.hpp:40:23
#1  0x00005d1d4f4138da in std::__n4861::coroutine_handle<void>::resume() const at /usr/include/c++/15/coroutine:142:50
#2  0x00005d1d4f419574 in nxt::rt::deck::ready_item::resume_if_ready(nxt::rt::deck&) const at /home/mbrock/nxtui/build/../src-ng/nxt/rt/task.hpp:1901:18
#3  0x00005d1d4f415a82 in nxt::rt::deck::run_ready_with() at /home/mbrock/nxtui/build/../src-ng/nxt/rt/deck.hpp:200:33
#4  0x00005d1d4f4157d6 in nxt::rt::deck::run_ready() at /home/mbrock/nxtui/build/../src-ng/nxt/rt/deck.hpp:130:23
#5  0x00005d1d4f4abf2e in void nxt::rt::uring_wand::run_until_done<int>(nxt::rt::deck&, nxt::rt::task<int>&) at /home/mbrock/nxtui/build/../src-ng/nxt/rt/uring_wand.hpp:173:28
#6  0x00005d1d4f47fc31 in int nxt::rt::runtime::run<int>(nxt::rt::task<int>) at /home/mbrock/nxtui/build/../src-ng/nxt/rt/app.hpp:141:29
#7  0x00005d1d4f3873ee in main at /home/mbrock/nxtui/build/../src-ng/nxtai/nxtllm.cpp:1272:18
#8  0x000070ce23e2a600 in __libc_start_call_main at ./csu/../sysdeps/nptl/libc_start_call_main.h:59:16
#9  0x000070ce23e2a717 in __libc_start_main_impl at ./csu/../csu/libc-start.c:360:3
#10 0x00005d1d4f364f24 in _start at /home/mbrock/nxtui/build/nxtllm

stdout write #32 bytes 4
  at ../src-ng/nxt/rt/ui_runtime.hpp:434 in nxt::rt::task<void> nxt::rt::ui_runtime::terminal_owner_loop(std::chrono::milliseconds)
  preview "\e7\e8"
Stack trace (most recent call first):
#0  0x00005d1d4f374d47 in write_stdout_all at /home/mbrock/nxtui/build/../src-ng/nxt/rt/ui_runtime.hpp:40:23
#1  0x00005d1d4f4138da in std::__n4861::coroutine_handle<void>::resume() const at /usr/include/c++/15/coroutine:142:50
#2  0x00005d1d4f419574 in nxt::rt::deck::ready_item::resume_if_ready(nxt::rt::deck&) const at /home/mbrock/nxtui/build/../src-ng/nxt/rt/task.hpp:1901:18
#3  0x00005d1d4f415a82 in nxt::rt::deck::run_ready_with() at /home/mbrock/nxtui/build/../src-ng/nxt/rt/deck.hpp:200:33
#4  0x00005d1d4f4157d6 in nxt::rt::deck::run_ready() at /home/mbrock/nxtui/build/../src-ng/nxt/rt/deck.hpp:130:23
#5  0x00005d1d4f4abf2e in void nxt::rt::uring_wand::run_until_done<int>(nxt::rt::deck&, nxt::rt::task<int>&) at /home/mbrock/nxtui/build/../src-ng/nxt/rt/uring_wand.hpp:173:28
#6  0x00005d1d4f47fc31 in int nxt::rt::runtime::run<int>(nxt::rt::task<int>) at /home/mbrock/nxtui/build/../src-ng/nxt/rt/app.hpp:141:29
#7  0x00005d1d4f3873ee in main at /home/mbrock/nxtui/build/../src-ng/nxtai/nxtllm.cpp:1272:18
#8  0x000070ce23e2a600 in __libc_start_call_main at ./csu/../sysdeps/nptl/libc_start_call_main.h:59:16
#9  0x000070ce23e2a717 in __libc_start_main_impl at ./csu/../csu/libc-start.c:360:3
#10 0x00005d1d4f364f24 in _start at /home/mbrock/nxtui/build/nxtllm

stdout write #33 bytes 96
  at ../src-ng/nxt/rt/ui_runtime.hpp:434 in nxt::rt::task<void> nxt::rt::ui_runtime::terminal_owner_loop(std::chrono::milliseconds)
  preview "\e7\e[38;25H\e[48;2;27;56;69m\e[38;2;203;213;225m               2.2K/s\xe2\x86\x93\e[38;73H\e[48;2;50;51;47m6\e8"
Stack trace (most recent call first):
#0  0x00005d1d4f374d47 in write_stdout_all at /home/mbrock/nxtui/build/../src-ng/nxt/rt/ui_runtime.hpp:40:23
#1  0x00005d1d4f4138da in std::__n4861::coroutine_handle<void>::resume() const at /usr/include/c++/15/coroutine:142:50
#2  0x00005d1d4f419574 in nxt::rt::deck::ready_item::resume_if_ready(nxt::rt::deck&) const at /home/mbrock/nxtui/build/../src-ng/nxt/rt/task.hpp:1901:18
#3  0x00005d1d4f415a82 in nxt::rt::deck::run_ready_with() at /home/mbrock/nxtui/build/../src-ng/nxt/rt/deck.hpp:200:33
#4  0x00005d1d4f4157d6 in nxt::rt::deck::run_ready() at /home/mbrock/nxtui/build/../src-ng/nxt/rt/deck.hpp:130:23
#5  0x00005d1d4f4abf2e in void nxt::rt::uring_wand::run_until_done<int>(nxt::rt::deck&, nxt::rt::task<int>&) at /home/mbrock/nxtui/build/../src-ng/nxt/rt/uring_wand.hpp:173:28
#6  0x00005d1d4f47fc31 in int nxt::rt::runtime::run<int>(nxt::rt::task<int>) at /home/mbrock/nxtui/build/../src-ng/nxt/rt/app.hpp:141:29
#7  0x00005d1d4f3873ee in main at /home/mbrock/nxtui/build/../src-ng/nxtai/nxtllm.cpp:1272:18
#8  0x000070ce23e2a600 in __libc_start_call_main at ./csu/../sysdeps/nptl/libc_start_call_main.h:59:16
#9  0x000070ce23e2a717 in __libc_start_main_impl at ./csu/../csu/libc-start.c:360:3
#10 0x00005d1d4f364f24 in _start at /home/mbrock/nxtui/build/nxtllm

stdout write #34 bytes 4
  at ../src-ng/nxt/rt/ui_runtime.hpp:434 in nxt::rt::task<void> nxt::rt::ui_runtime::terminal_owner_loop(std::chrono::milliseconds)
  preview "\e7\e8"
Stack trace (most recent call first):
#0  0x00005d1d4f374d47 in write_stdout_all at /home/mbrock/nxtui/build/../src-ng/nxt/rt/ui_runtime.hpp:40:23
#1  0x00005d1d4f4138da in std::__n4861::coroutine_handle<void>::resume() const at /usr/include/c++/15/coroutine:142:50
#2  0x00005d1d4f419574 in nxt::rt::deck::ready_item::resume_if_ready(nxt::rt::deck&) const at /home/mbrock/nxtui/build/../src-ng/nxt/rt/task.hpp:1901:18
#3  0x00005d1d4f415a82 in nxt::rt::deck::run_ready_with() at /home/mbrock/nxtui/build/../src-ng/nxt/rt/deck.hpp:200:33
#4  0x00005d1d4f4157d6 in nxt::rt::deck::run_ready() at /home/mbrock/nxtui/build/../src-ng/nxt/rt/deck.hpp:130:23
#5  0x00005d1d4f4abf2e in void nxt::rt::uring_wand::run_until_done<int>(nxt::rt::deck&, nxt::rt::task<int>&) at /home/mbrock/nxtui/build/../src-ng/nxt/rt/uring_wand.hpp:173:28
#6  0x00005d1d4f47fc31 in int nxt::rt::runtime::run<int>(nxt::rt::task<int>) at /home/mbrock/nxtui/build/../src-ng/nxt/rt/app.hpp:141:29
#7  0x00005d1d4f3873ee in main at /home/mbrock/nxtui/build/../src-ng/nxtai/nxtllm.cpp:1272:18
#8  0x000070ce23e2a600 in __libc_start_call_main at ./csu/../sysdeps/nptl/libc_start_call_main.h:59:16
#9  0x000070ce23e2a717 in __libc_start_main_impl at ./csu/../csu/libc-start.c:360:3
#10 0x00005d1d4f364f24 in _start at /home/mbrock/nxtui/build/nxtllm

stdout write #35 bytes 71
  at ../src-ng/nxt/rt/ui_runtime.hpp:434 in nxt::rt::task<void> nxt::rt::ui_runtime::terminal_owner_loop(std::chrono::milliseconds)
  preview "\e7\e[38;56H\e[48;2;50;50;47m\e[38;2;203;213;225m               1.6K/s\xe2\x86\x91\e8"
Stack trace (most recent call first):
#0  0x00005d1d4f374d47 in write_stdout_all at /home/mbrock/nxtui/build/../src-ng/nxt/rt/ui_runtime.hpp:40:23
#1  0x00005d1d4f4138da in std::__n4861::coroutine_handle<void>::resume() const at /usr/include/c++/15/coroutine:142:50
#2  0x00005d1d4f419574 in nxt::rt::deck::ready_item::resume_if_ready(nxt::rt::deck&) const at /home/mbrock/nxtui/build/../src-ng/nxt/rt/task.hpp:1901:18
#3  0x00005d1d4f415a82 in nxt::rt::deck::run_ready_with() at /home/mbrock/nxtui/build/../src-ng/nxt/rt/deck.hpp:200:33
#4  0x00005d1d4f4157d6 in nxt::rt::deck::run_ready() at /home/mbrock/nxtui/build/../src-ng/nxt/rt/deck.hpp:130:23
#5  0x00005d1d4f4abf2e in void nxt::rt::uring_wand::run_until_done<int>(nxt::rt::deck&, nxt::rt::task<int>&) at /home/mbrock/nxtui/build/../src-ng/nxt/rt/uring_wand.hpp:173:28
#6  0x00005d1d4f47fc31 in int nxt::rt::runtime::run<int>(nxt::rt::task<int>) at /home/mbrock/nxtui/build/../src-ng/nxt/rt/app.hpp:141:29
#7  0x00005d1d4f3873ee in main at /home/mbrock/nxtui/build/../src-ng/nxtai/nxtllm.cpp:1272:18
#8  0x000070ce23e2a600 in __libc_start_call_main at ./csu/../sysdeps/nptl/libc_start_call_main.h:59:16
#9  0x000070ce23e2a717 in __libc_start_main_impl at ./csu/../csu/libc-start.c:360:3
#10 0x00005d1d4f364f24 in _start at /home/mbrock/nxtui/build/nxtllm

stdout write #36 bytes 71
  at ../src-ng/nxt/rt/ui_runtime.hpp:434 in nxt::rt::task<void> nxt::rt::ui_runtime::terminal_owner_loop(std::chrono::milliseconds)
  preview "\e7\e[38;25H\e[48;2;27;56;68m\e[38;2;203;213;225m               2.1K/s\xe2\x86\x93\e8"
Stack trace (most recent call first):
#0  0x00005d1d4f374d47 in write_stdout_all at /home/mbrock/nxtui/build/../src-ng/nxt/rt/ui_runtime.hpp:40:23
#1  0x00005d1d4f4138da in std::__n4861::coroutine_handle<void>::resume() const at /usr/include/c++/15/coroutine:142:50
#2  0x00005d1d4f419574 in nxt::rt::deck::ready_item::resume_if_ready(nxt::rt::deck&) const at /home/mbrock/nxtui/build/../src-ng/nxt/rt/task.hpp:1901:18
#3  0x00005d1d4f415a82 in nxt::rt::deck::run_ready_with() at /home/mbrock/nxtui/build/../src-ng/nxt/rt/deck.hpp:200:33
#4  0x00005d1d4f4157d6 in nxt::rt::deck::run_ready() at /home/mbrock/nxtui/build/../src-ng/nxt/rt/deck.hpp:130:23
#5  0x00005d1d4f4abf2e in void nxt::rt::uring_wand::run_until_done<int>(nxt::rt::deck&, nxt::rt::task<int>&) at /home/mbrock/nxtui/build/../src-ng/nxt/rt/uring_wand.hpp:173:28
#6  0x00005d1d4f47fc31 in int nxt::rt::runtime::run<int>(nxt::rt::task<int>) at /home/mbrock/nxtui/build/../src-ng/nxt/rt/app.hpp:141:29
#7  0x00005d1d4f3873ee in main at /home/mbrock/nxtui/build/../src-ng/nxtai/nxtllm.cpp:1272:18
#8  0x000070ce23e2a600 in __libc_start_call_main at ./csu/../sysdeps/nptl/libc_start_call_main.h:59:16
#9  0x000070ce23e2a717 in __libc_start_main_impl at ./csu/../csu/libc-start.c:360:3
#10 0x00005d1d4f364f24 in _start at /home/mbrock/nxtui/build/nxtllm

stdout write #37 bytes 48
  at ../src-ng/nxt/rt/ui_runtime.hpp:434 in nxt::rt::task<void> nxt::rt::ui_runtime::terminal_owner_loop(std::chrono::milliseconds)
  preview "\e7\e[38;73H\e[48;2;50;50;47m\e[38;2;203;213;225m5\e8"
Stack trace (most recent call first):
#0  0x00005d1d4f374d47 in write_stdout_all at /home/mbrock/nxtui/build/../src-ng/nxt/rt/ui_runtime.hpp:40:23
#1  0x00005d1d4f4138da in std::__n4861::coroutine_handle<void>::resume() const at /usr/include/c++/15/coroutine:142:50
#2  0x00005d1d4f419574 in nxt::rt::deck::ready_item::resume_if_ready(nxt::rt::deck&) const at /home/mbrock/nxtui/build/../src-ng/nxt/rt/task.hpp:1901:18
#3  0x00005d1d4f415a82 in nxt::rt::deck::run_ready_with() at /home/mbrock/nxtui/build/../src-ng/nxt/rt/deck.hpp:200:33
#4  0x00005d1d4f4157d6 in nxt::rt::deck::run_ready() at /home/mbrock/nxtui/build/../src-ng/nxt/rt/deck.hpp:130:23
#5  0x00005d1d4f4abf2e in void nxt::rt::uring_wand::run_until_done<int>(nxt::rt::deck&, nxt::rt::task<int>&) at /home/mbrock/nxtui/build/../src-ng/nxt/rt/uring_wand.hpp:173:28
#6  0x00005d1d4f47fc31 in int nxt::rt::runtime::run<int>(nxt::rt::task<int>) at /home/mbrock/nxtui/build/../src-ng/nxt/rt/app.hpp:141:29
#7  0x00005d1d4f3873ee in main at /home/mbrock/nxtui/build/../src-ng/nxtai/nxtllm.cpp:1272:18
#8  0x000070ce23e2a600 in __libc_start_call_main at ./csu/../sysdeps/nptl/libc_start_call_main.h:59:16
#9  0x000070ce23e2a717 in __libc_start_main_impl at ./csu/../csu/libc-start.c:360:3
#10 0x00005d1d4f364f24 in _start at /home/mbrock/nxtui/build/nxtllm

stdout write #38 bytes 71
  at ../src-ng/nxt/rt/ui_runtime.hpp:434 in nxt::rt::task<void> nxt::rt::ui_runtime::terminal_owner_loop(std::chrono::milliseconds)
  preview "\e7\e[38;56H\e[48;2;49;50;47m\e[38;2;203;213;225m               1.5K/s\xe2\x86\x91\e8"
Stack trace (most recent call first):
#0  0x00005d1d4f374d47 in write_stdout_all at /home/mbrock/nxtui/build/../src-ng/nxt/rt/ui_runtime.hpp:40:23
#1  0x00005d1d4f4138da in std::__n4861::coroutine_handle<void>::resume() const at /usr/include/c++/15/coroutine:142:50
#2  0x00005d1d4f419574 in nxt::rt::deck::ready_item::resume_if_ready(nxt::rt::deck&) const at /home/mbrock/nxtui/build/../src-ng/nxt/rt/task.hpp:1901:18
#3  0x00005d1d4f415a82 in nxt::rt::deck::run_ready_with() at /home/mbrock/nxtui/build/../src-ng/nxt/rt/deck.hpp:200:33
#4  0x00005d1d4f4157d6 in nxt::rt::deck::run_ready() at /home/mbrock/nxtui/build/../src-ng/nxt/rt/deck.hpp:130:23
#5  0x00005d1d4f4abf2e in void nxt::rt::uring_wand::run_until_done<int>(nxt::rt::deck&, nxt::rt::task<int>&) at /home/mbrock/nxtui/build/../src-ng/nxt/rt/uring_wand.hpp:173:28
#6  0x00005d1d4f47fc31 in int nxt::rt::runtime::run<int>(nxt::rt::task<int>) at /home/mbrock/nxtui/build/../src-ng/nxt/rt/app.hpp:141:29
#7  0x00005d1d4f3873ee in main at /home/mbrock/nxtui/build/../src-ng/nxtai/nxtllm.cpp:1272:18
#8  0x000070ce23e2a600 in __libc_start_call_main at ./csu/../sysdeps/nptl/libc_start_call_main.h:59:16
#9  0x000070ce23e2a717 in __libc_start_main_impl at ./csu/../csu/libc-start.c:360:3
#10 0x00005d1d4f364f24 in _start at /home/mbrock/nxtui/build/nxtllm

stdout write #39 bytes 48
  at ../src-ng/nxt/rt/ui_runtime.hpp:434 in nxt::rt::task<void> nxt::rt::ui_runtime::terminal_owner_loop(std::chrono::milliseconds)
  preview "\e7\e[38;42H\e[48;2;27;56;68m\e[38;2;203;213;225m0\e8"
Stack trace (most recent call first):
#0  0x00005d1d4f374d47 in write_stdout_all at /home/mbrock/nxtui/build/../src-ng/nxt/rt/ui_runtime.hpp:40:23
#1  0x00005d1d4f4138da in std::__n4861::coroutine_handle<void>::resume() const at /usr/include/c++/15/coroutine:142:50
#2  0x00005d1d4f419574 in nxt::rt::deck::ready_item::resume_if_ready(nxt::rt::deck&) const at /home/mbrock/nxtui/build/../src-ng/nxt/rt/task.hpp:1901:18
#3  0x00005d1d4f415a82 in nxt::rt::deck::run_ready_with() at /home/mbrock/nxtui/build/../src-ng/nxt/rt/deck.hpp:200:33
#4  0x00005d1d4f4157d6 in nxt::rt::deck::run_ready() at /home/mbrock/nxtui/build/../src-ng/nxt/rt/deck.hpp:130:23
#5  0x00005d1d4f4abf2e in void nxt::rt::uring_wand::run_until_done<int>(nxt::rt::deck&, nxt::rt::task<int>&) at /home/mbrock/nxtui/build/../src-ng/nxt/rt/uring_wand.hpp:173:28
#6  0x00005d1d4f47fc31 in int nxt::rt::runtime::run<int>(nxt::rt::task<int>) at /home/mbrock/nxtui/build/../src-ng/nxt/rt/app.hpp:141:29
#7  0x00005d1d4f3873ee in main at /home/mbrock/nxtui/build/../src-ng/nxtai/nxtllm.cpp:1272:18
#8  0x000070ce23e2a600 in __libc_start_call_main at ./csu/../sysdeps/nptl/libc_start_call_main.h:59:16
#9  0x000070ce23e2a717 in __libc_start_main_impl at ./csu/../csu/libc-start.c:360:3
#10 0x00005d1d4f364f24 in _start at /home/mbrock/nxtui/build/nxtllm

stdout write #40 bytes 71
  at ../src-ng/nxt/rt/ui_runtime.hpp:434 in nxt::rt::task<void> nxt::rt::ui_runtime::terminal_owner_loop(std::chrono::milliseconds)
  preview "\e7\e[38;25H\e[48;2;27;55;68m\e[38;2;203;213;225m               2.0K/s\xe2\x86\x93\e8"
Stack trace (most recent call first):
#0  0x00005d1d4f374d47 in write_stdout_all at /home/mbrock/nxtui/build/../src-ng/nxt/rt/ui_runtime.hpp:40:23
#1  0x00005d1d4f4138da in std::__n4861::coroutine_handle<void>::resume() const at /usr/include/c++/15/coroutine:142:50
#2  0x00005d1d4f419574 in nxt::rt::deck::ready_item::resume_if_ready(nxt::rt::deck&) const at /home/mbrock/nxtui/build/../src-ng/nxt/rt/task.hpp:1901:18
#3  0x00005d1d4f415a82 in nxt::rt::deck::run_ready_with() at /home/mbrock/nxtui/build/../src-ng/nxt/rt/deck.hpp:200:33
#4  0x00005d1d4f4157d6 in nxt::rt::deck::run_ready() at /home/mbrock/nxtui/build/../src-ng/nxt/rt/deck.hpp:130:23
#5  0x00005d1d4f4abf2e in void nxt::rt::uring_wand::run_until_done<int>(nxt::rt::deck&, nxt::rt::task<int>&) at /home/mbrock/nxtui/build/../src-ng/nxt/rt/uring_wand.hpp:173:28
#6  0x00005d1d4f47fc31 in int nxt::rt::runtime::run<int>(nxt::rt::task<int>) at /home/mbrock/nxtui/build/../src-ng/nxt/rt/app.hpp:141:29
#7  0x00005d1d4f3873ee in main at /home/mbrock/nxtui/build/../src-ng/nxtai/nxtllm.cpp:1272:18
#8  0x000070ce23e2a600 in __libc_start_call_main at ./csu/../sysdeps/nptl/libc_start_call_main.h:59:16
#9  0x000070ce23e2a717 in __libc_start_main_impl at ./csu/../csu/libc-start.c:360:3
#10 0x00005d1d4f364f24 in _start at /home/mbrock/nxtui/build/nxtllm

stdout write #41 bytes 48
  at ../src-ng/nxt/rt/ui_runtime.hpp:434 in nxt::rt::task<void> nxt::rt::ui_runtime::terminal_owner_loop(std::chrono::milliseconds)
  preview "\e7\e[38;73H\e[48;2;49;50;47m\e[38;2;203;213;225m4\e8"
Stack trace (most recent call first):
#0  0x00005d1d4f374d47 in write_stdout_all at /home/mbrock/nxtui/build/../src-ng/nxt/rt/ui_runtime.hpp:40:23
#1  0x00005d1d4f4138da in std::__n4861::coroutine_handle<void>::resume() const at /usr/include/c++/15/coroutine:142:50
#2  0x00005d1d4f419574 in nxt::rt::deck::ready_item::resume_if_ready(nxt::rt::deck&) const at /home/mbrock/nxtui/build/../src-ng/nxt/rt/task.hpp:1901:18
#3  0x00005d1d4f415a82 in nxt::rt::deck::run_ready_with() at /home/mbrock/nxtui/build/../src-ng/nxt/rt/deck.hpp:200:33
#4  0x00005d1d4f4157d6 in nxt::rt::deck::run_ready() at /home/mbrock/nxtui/build/../src-ng/nxt/rt/deck.hpp:130:23
#5  0x00005d1d4f4abf2e in void nxt::rt::uring_wand::run_until_done<int>(nxt::rt::deck&, nxt::rt::task<int>&) at /home/mbrock/nxtui/build/../src-ng/nxt/rt/uring_wand.hpp:173:28
#6  0x00005d1d4f47fc31 in int nxt::rt::runtime::run<int>(nxt::rt::task<int>) at /home/mbrock/nxtui/build/../src-ng/nxt/rt/app.hpp:141:29
#7  0x00005d1d4f3873ee in main at /home/mbrock/nxtui/build/../src-ng/nxtai/nxtllm.cpp:1272:18
#8  0x000070ce23e2a600 in __libc_start_call_main at ./csu/../sysdeps/nptl/libc_start_call_main.h:59:16
#9  0x000070ce23e2a717 in __libc_start_main_impl at ./csu/../csu/libc-start.c:360:3
#10 0x00005d1d4f364f24 in _start at /home/mbrock/nxtui/build/nxtllm

stdout write #42 bytes 57
  at ../src-ng/nxt/rt/ui_runtime.hpp:434 in nxt::rt::task<void> nxt::rt::ui_runtime::terminal_owner_loop(std::chrono::milliseconds)
  preview "\e7\e[38;40H\e[48;2;27;55;68m\e[38;2;203;213;225m1\e[38;42H9\e8"
Stack trace (most recent call first):
#0  0x00005d1d4f374d47 in write_stdout_all at /home/mbrock/nxtui/build/../src-ng/nxt/rt/ui_runtime.hpp:40:23
#1  0x00005d1d4f4138da in std::__n4861::coroutine_handle<void>::resume() const at /usr/include/c++/15/coroutine:142:50
#2  0x00005d1d4f419574 in nxt::rt::deck::ready_item::resume_if_ready(nxt::rt::deck&) const at /home/mbrock/nxtui/build/../src-ng/nxt/rt/task.hpp:1901:18
#3  0x00005d1d4f415a82 in nxt::rt::deck::run_ready_with() at /home/mbrock/nxtui/build/../src-ng/nxt/rt/deck.hpp:200:33
#4  0x00005d1d4f4157d6 in nxt::rt::deck::run_ready() at /home/mbrock/nxtui/build/../src-ng/nxt/rt/deck.hpp:130:23
#5  0x00005d1d4f4abf2e in void nxt::rt::uring_wand::run_until_done<int>(nxt::rt::deck&, nxt::rt::task<int>&) at /home/mbrock/nxtui/build/../src-ng/nxt/rt/uring_wand.hpp:173:28
#6  0x00005d1d4f47fc31 in int nxt::rt::runtime::run<int>(nxt::rt::task<int>) at /home/mbrock/nxtui/build/../src-ng/nxt/rt/app.hpp:141:29
#7  0x00005d1d4f3873ee in main at /home/mbrock/nxtui/build/../src-ng/nxtai/nxtllm.cpp:1272:18
#8  0x000070ce23e2a600 in __libc_start_call_main at ./csu/../sysdeps/nptl/libc_start_call_main.h:59:16
#9  0x000070ce23e2a717 in __libc_start_main_impl at ./csu/../csu/libc-start.c:360:3
#10 0x00005d1d4f364f24 in _start at /home/mbrock/nxtui/build/nxtllm

stdout write #43 bytes 4
  at ../src-ng/nxt/rt/ui_runtime.hpp:434 in nxt::rt::task<void> nxt::rt::ui_runtime::terminal_owner_loop(std::chrono::milliseconds)
  preview "\e7\e8"
Stack trace (most recent call first):
#0  0x00005d1d4f374d47 in write_stdout_all at /home/mbrock/nxtui/build/../src-ng/nxt/rt/ui_runtime.hpp:40:23
#1  0x00005d1d4f4138da in std::__n4861::coroutine_handle<void>::resume() const at /usr/include/c++/15/coroutine:142:50
#2  0x00005d1d4f419574 in nxt::rt::deck::ready_item::resume_if_ready(nxt::rt::deck&) const at /home/mbrock/nxtui/build/../src-ng/nxt/rt/task.hpp:1901:18
#3  0x00005d1d4f415a82 in nxt::rt::deck::run_ready_with() at /home/mbrock/nxtui/build/../src-ng/nxt/rt/deck.hpp:200:33
#4  0x00005d1d4f4157d6 in nxt::rt::deck::run_ready() at /home/mbrock/nxtui/build/../src-ng/nxt/rt/deck.hpp:130:23
#5  0x00005d1d4f4abf2e in void nxt::rt::uring_wand::run_until_done<int>(nxt::rt::deck&, nxt::rt::task<int>&) at /home/mbrock/nxtui/build/../src-ng/nxt/rt/uring_wand.hpp:173:28
#6  0x00005d1d4f47fc31 in int nxt::rt::runtime::run<int>(nxt::rt::task<int>) at /home/mbrock/nxtui/build/../src-ng/nxt/rt/app.hpp:141:29
#7  0x00005d1d4f3873ee in main at /home/mbrock/nxtui/build/../src-ng/nxtai/nxtllm.cpp:1272:18
#8  0x000070ce23e2a600 in __libc_start_call_main at ./csu/../sysdeps/nptl/libc_start_call_main.h:59:16
#9  0x000070ce23e2a717 in __libc_start_main_impl at ./csu/../csu/libc-start.c:360:3
#10 0x00005d1d4f364f24 in _start at /home/mbrock/nxtui/build/nxtllm

stdout write #44 bytes 4
  at ../src-ng/nxt/rt/ui_runtime.hpp:434 in nxt::rt::task<void> nxt::rt::ui_runtime::terminal_owner_loop(std::chrono::milliseconds)
  preview "\e7\e8"
Stack trace (most recent call first):
#0  0x00005d1d4f374d47 in write_stdout_all at /home/mbrock/nxtui/build/../src-ng/nxt/rt/ui_runtime.hpp:40:23
#1  0x00005d1d4f4138da in std::__n4861::coroutine_handle<void>::resume() const at /usr/include/c++/15/coroutine:142:50
#2  0x00005d1d4f419574 in nxt::rt::deck::ready_item::resume_if_ready(nxt::rt::deck&) const at /home/mbrock/nxtui/build/../src-ng/nxt/rt/task.hpp:1901:18
#3  0x00005d1d4f415a82 in nxt::rt::deck::run_ready_with() at /home/mbrock/nxtui/build/../src-ng/nxt/rt/deck.hpp:200:33
#4  0x00005d1d4f4157d6 in nxt::rt::deck::run_ready() at /home/mbrock/nxtui/build/../src-ng/nxt/rt/deck.hpp:130:23
#5  0x00005d1d4f4abf2e in void nxt::rt::uring_wand::run_until_done<int>(nxt::rt::deck&, nxt::rt::task<int>&) at /home/mbrock/nxtui/build/../src-ng/nxt/rt/uring_wand.hpp:173:28
#6  0x00005d1d4f47fc31 in int nxt::rt::runtime::run<int>(nxt::rt::task<int>) at /home/mbrock/nxtui/build/../src-ng/nxt/rt/app.hpp:141:29
#7  0x00005d1d4f3873ee in main at /home/mbrock/nxtui/build/../src-ng/nxtai/nxtllm.cpp:1272:18
#8  0x000070ce23e2a600 in __libc_start_call_main at ./csu/../sysdeps/nptl/libc_start_call_main.h:59:16
#9  0x000070ce23e2a717 in __libc_start_main_impl at ./csu/../csu/libc-start.c:360:3
#10 0x00005d1d4f364f24 in _start at /home/mbrock/nxtui/build/nxtllm

stdout write #45 bytes 73
  at ../src-ng/nxt/rt/ui_runtime.hpp:434 in nxt::rt::task<void> nxt::rt::ui_runtime::terminal_owner_loop(std::chrono::milliseconds)
  preview "\e7\e[38;42H\e[48;2;27;55;68m\e[38;2;203;213;225m8\e[38;73H\e[48;2;49;50;47m3\e8"
Stack trace (most recent call first):
#0  0x00005d1d4f374d47 in write_stdout_all at /home/mbrock/nxtui/build/../src-ng/nxt/rt/ui_runtime.hpp:40:23
#1  0x00005d1d4f4138da in std::__n4861::coroutine_handle<void>::resume() const at /usr/include/c++/15/coroutine:142:50
#2  0x00005d1d4f419574 in nxt::rt::deck::ready_item::resume_if_ready(nxt::rt::deck&) const at /home/mbrock/nxtui/build/../src-ng/nxt/rt/task.hpp:1901:18
#3  0x00005d1d4f415a82 in nxt::rt::deck::run_ready_with() at /home/mbrock/nxtui/build/../src-ng/nxt/rt/deck.hpp:200:33
#4  0x00005d1d4f4157d6 in nxt::rt::deck::run_ready() at /home/mbrock/nxtui/build/../src-ng/nxt/rt/deck.hpp:130:23
#5  0x00005d1d4f4abf2e in void nxt::rt::uring_wand::run_until_done<int>(nxt::rt::deck&, nxt::rt::task<int>&) at /home/mbrock/nxtui/build/../src-ng/nxt/rt/uring_wand.hpp:173:28
#6  0x00005d1d4f47fc31 in int nxt::rt::runtime::run<int>(nxt::rt::task<int>) at /home/mbrock/nxtui/build/../src-ng/nxt/rt/app.hpp:141:29
#7  0x00005d1d4f3873ee in main at /home/mbrock/nxtui/build/../src-ng/nxtai/nxtllm.cpp:1272:18
#8  0x000070ce23e2a600 in __libc_start_call_main at ./csu/../sysdeps/nptl/libc_start_call_main.h:59:16
#9  0x000070ce23e2a717 in __libc_start_main_impl at ./csu/../csu/libc-start.c:360:3
#10 0x00005d1d4f364f24 in _start at /home/mbrock/nxtui/build/nxtllm

stdout write #46 bytes 4
  at ../src-ng/nxt/rt/ui_runtime.hpp:434 in nxt::rt::task<void> nxt::rt::ui_runtime::terminal_owner_loop(std::chrono::milliseconds)
  preview "\e7\e8"
Stack trace (most recent call first):
#0  0x00005d1d4f374d47 in write_stdout_all at /home/mbrock/nxtui/build/../src-ng/nxt/rt/ui_runtime.hpp:40:23
#1  0x00005d1d4f4138da in std::__n4861::coroutine_handle<void>::resume() const at /usr/include/c++/15/coroutine:142:50
#2  0x00005d1d4f419574 in nxt::rt::deck::ready_item::resume_if_ready(nxt::rt::deck&) const at /home/mbrock/nxtui/build/../src-ng/nxt/rt/task.hpp:1901:18
#3  0x00005d1d4f415a82 in nxt::rt::deck::run_ready_with() at /home/mbrock/nxtui/build/../src-ng/nxt/rt/deck.hpp:200:33
#4  0x00005d1d4f4157d6 in nxt::rt::deck::run_ready() at /home/mbrock/nxtui/build/../src-ng/nxt/rt/deck.hpp:130:23
#5  0x00005d1d4f4abf2e in void nxt::rt::uring_wand::run_until_done<int>(nxt::rt::deck&, nxt::rt::task<int>&) at /home/mbrock/nxtui/build/../src-ng/nxt/rt/uring_wand.hpp:173:28
#6  0x00005d1d4f47fc31 in int nxt::rt::runtime::run<int>(nxt::rt::task<int>) at /home/mbrock/nxtui/build/../src-ng/nxt/rt/app.hpp:141:29
#7  0x00005d1d4f3873ee in main at /home/mbrock/nxtui/build/../src-ng/nxtai/nxtllm.cpp:1272:18
#8  0x000070ce23e2a600 in __libc_start_call_main at ./csu/../sysdeps/nptl/libc_start_call_main.h:59:16
#9  0x000070ce23e2a717 in __libc_start_main_impl at ./csu/../csu/libc-start.c:360:3
#10 0x00005d1d4f364f24 in _start at /home/mbrock/nxtui/build/nxtllm

stdout write #47 bytes 71
  at ../src-ng/nxt/rt/ui_runtime.hpp:434 in nxt::rt::task<void> nxt::rt::ui_runtime::terminal_owner_loop(std::chrono::milliseconds)
  preview "\e7\e[38;25H\e[48;2;27;55;67m\e[38;2;203;213;225m               1.8K/s\xe2\x86\x93\e8"
Stack trace (most recent call first):
#0  0x00005d1d4f374d47 in write_stdout_all at /home/mbrock/nxtui/build/../src-ng/nxt/rt/ui_runtime.hpp:40:23
#1  0x00005d1d4f4138da in std::__n4861::coroutine_handle<void>::resume() const at /usr/include/c++/15/coroutine:142:50
#2  0x00005d1d4f419574 in nxt::rt::deck::ready_item::resume_if_ready(nxt::rt::deck&) const at /home/mbrock/nxtui/build/../src-ng/nxt/rt/task.hpp:1901:18
#3  0x00005d1d4f415a82 in nxt::rt::deck::run_ready_with() at /home/mbrock/nxtui/build/../src-ng/nxt/rt/deck.hpp:200:33
#4  0x00005d1d4f4157d6 in nxt::rt::deck::run_ready() at /home/mbrock/nxtui/build/../src-ng/nxt/rt/deck.hpp:130:23
#5  0x00005d1d4f4abf2e in void nxt::rt::uring_wand::run_until_done<int>(nxt::rt::deck&, nxt::rt::task<int>&) at /home/mbrock/nxtui/build/../src-ng/nxt/rt/uring_wand.hpp:173:28
#6  0x00005d1d4f47fc31 in int nxt::rt::runtime::run<int>(nxt::rt::task<int>) at /home/mbrock/nxtui/build/../src-ng/nxt/rt/app.hpp:141:29
#7  0x00005d1d4f3873ee in main at /home/mbrock/nxtui/build/../src-ng/nxtai/nxtllm.cpp:1272:18
#8  0x000070ce23e2a600 in __libc_start_call_main at ./csu/../sysdeps/nptl/libc_start_call_main.h:59:16
#9  0x000070ce23e2a717 in __libc_start_main_impl at ./csu/../csu/libc-start.c:360:3
#10 0x00005d1d4f364f24 in _start at /home/mbrock/nxtui/build/nxtllm

stdout write #48 bytes 71
  at ../src-ng/nxt/rt/ui_runtime.hpp:434 in nxt::rt::task<void> nxt::rt::ui_runtime::terminal_owner_loop(std::chrono::milliseconds)
  preview "\e7\e[38;56H\e[48;2;48;49;47m\e[38;2;203;213;225m               1.3K/s\xe2\x86\x91\e8"
Stack trace (most recent call first):
#0  0x00005d1d4f374d47 in write_stdout_all at /home/mbrock/nxtui/build/../src-ng/nxt/rt/ui_runtime.hpp:40:23
#1  0x00005d1d4f4138da in std::__n4861::coroutine_handle<void>::resume() const at /usr/include/c++/15/coroutine:142:50
#2  0x00005d1d4f419574 in nxt::rt::deck::ready_item::resume_if_ready(nxt::rt::deck&) const at /home/mbrock/nxtui/build/../src-ng/nxt/rt/task.hpp:1901:18
#3  0x00005d1d4f415a82 in nxt::rt::deck::run_ready_with() at /home/mbrock/nxtui/build/../src-ng/nxt/rt/deck.hpp:200:33
#4  0x00005d1d4f4157d6 in nxt::rt::deck::run_ready() at /home/mbrock/nxtui/build/../src-ng/nxt/rt/deck.hpp:130:23
#5  0x00005d1d4f4abf2e in void nxt::rt::uring_wand::run_until_done<int>(nxt::rt::deck&, nxt::rt::task<int>&) at /home/mbrock/nxtui/build/../src-ng/nxt/rt/uring_wand.hpp:173:28
#6  0x00005d1d4f47fc31 in int nxt::rt::runtime::run<int>(nxt::rt::task<int>) at /home/mbrock/nxtui/build/../src-ng/nxt/rt/app.hpp:141:29
#7  0x00005d1d4f3873ee in main at /home/mbrock/nxtui/build/../src-ng/nxtai/nxtllm.cpp:1272:18
#8  0x000070ce23e2a600 in __libc_start_call_main at ./csu/../sysdeps/nptl/libc_start_call_main.h:59:16
#9  0x000070ce23e2a717 in __libc_start_main_impl at ./csu/../csu/libc-start.c:360:3
#10 0x00005d1d4f364f24 in _start at /home/mbrock/nxtui/build/nxtllm

stdout write #49 bytes 71
  at ../src-ng/nxt/rt/ui_runtime.hpp:434 in nxt::rt::task<void> nxt::rt::ui_runtime::terminal_owner_loop(std::chrono::milliseconds)
  preview "\e7\e[38;25H\e[48;2;26;54;67m\e[38;2;203;213;225m               1.7K/s\xe2\x86\x93\e8"
Stack trace (most recent call first):
#0  0x00005d1d4f374d47 in write_stdout_all at /home/mbrock/nxtui/build/../src-ng/nxt/rt/ui_runtime.hpp:40:23
#1  0x00005d1d4f4138da in std::__n4861::coroutine_handle<void>::resume() const at /usr/include/c++/15/coroutine:142:50
#2  0x00005d1d4f419574 in nxt::rt::deck::ready_item::resume_if_ready(nxt::rt::deck&) const at /home/mbrock/nxtui/build/../src-ng/nxt/rt/task.hpp:1901:18
#3  0x00005d1d4f415a82 in nxt::rt::deck::run_ready_with() at /home/mbrock/nxtui/build/../src-ng/nxt/rt/deck.hpp:200:33
#4  0x00005d1d4f4157d6 in nxt::rt::deck::run_ready() at /home/mbrock/nxtui/build/../src-ng/nxt/rt/deck.hpp:130:23
#5  0x00005d1d4f4abf2e in void nxt::rt::uring_wand::run_until_done<int>(nxt::rt::deck&, nxt::rt::task<int>&) at /home/mbrock/nxtui/build/../src-ng/nxt/rt/uring_wand.hpp:173:28
#6  0x00005d1d4f47fc31 in int nxt::rt::runtime::run<int>(nxt::rt::task<int>) at /home/mbrock/nxtui/build/../src-ng/nxt/rt/app.hpp:141:29
#7  0x00005d1d4f3873ee in main at /home/mbrock/nxtui/build/../src-ng/nxtai/nxtllm.cpp:1272:18
#8  0x000070ce23e2a600 in __libc_start_call_main at ./csu/../sysdeps/nptl/libc_start_call_main.h:59:16
#9  0x000070ce23e2a717 in __libc_start_main_impl at ./csu/../csu/libc-start.c:360:3
#10 0x00005d1d4f364f24 in _start at /home/mbrock/nxtui/build/nxtllm

stdout write #50 bytes 71
  at ../src-ng/nxt/rt/ui_runtime.hpp:434 in nxt::rt::task<void> nxt::rt::ui_runtime::terminal_owner_loop(std::chrono::milliseconds)
  preview "\e7\e[38;56H\e[48;2;48;49;46m\e[38;2;203;213;225m               1.2K/s\xe2\x86\x91\e8"
Stack trace (most recent call first):
#0  0x00005d1d4f374d47 in write_stdout_all at /home/mbrock/nxtui/build/../src-ng/nxt/rt/ui_runtime.hpp:40:23
#1  0x00005d1d4f4138da in std::__n4861::coroutine_handle<void>::resume() const at /usr/include/c++/15/coroutine:142:50
#2  0x00005d1d4f419574 in nxt::rt::deck::ready_item::resume_if_ready(nxt::rt::deck&) const at /home/mbrock/nxtui/build/../src-ng/nxt/rt/task.hpp:1901:18
#3  0x00005d1d4f415a82 in nxt::rt::deck::run_ready_with() at /home/mbrock/nxtui/build/../src-ng/nxt/rt/deck.hpp:200:33
#4  0x00005d1d4f4157d6 in nxt::rt::deck::run_ready() at /home/mbrock/nxtui/build/../src-ng/nxt/rt/deck.hpp:130:23
#5  0x00005d1d4f4abf2e in void nxt::rt::uring_wand::run_until_done<int>(nxt::rt::deck&, nxt::rt::task<int>&) at /home/mbrock/nxtui/build/../src-ng/nxt/rt/uring_wand.hpp:173:28
#6  0x00005d1d4f47fc31 in int nxt::rt::runtime::run<int>(nxt::rt::task<int>) at /home/mbrock/nxtui/build/../src-ng/nxt/rt/app.hpp:141:29
#7  0x00005d1d4f3873ee in main at /home/mbrock/nxtui/build/../src-ng/nxtai/nxtllm.cpp:1272:18
#8  0x000070ce23e2a600 in __libc_start_call_main at ./csu/../sysdeps/nptl/libc_start_call_main.h:59:16
#9  0x000070ce23e2a717 in __libc_start_main_impl at ./csu/../csu/libc-start.c:360:3
#10 0x00005d1d4f364f24 in _start at /home/mbrock/nxtui/build/nxtllm

stdout write #51 bytes 4
  at ../src-ng/nxt/rt/ui_runtime.hpp:434 in nxt::rt::task<void> nxt::rt::ui_runtime::terminal_owner_loop(std::chrono::milliseconds)
  preview "\e7\e8"
Stack trace (most recent call first):
#0  0x00005d1d4f374d47 in write_stdout_all at /home/mbrock/nxtui/build/../src-ng/nxt/rt/ui_runtime.hpp:40:23
#1  0x00005d1d4f4138da in std::__n4861::coroutine_handle<void>::resume() const at /usr/include/c++/15/coroutine:142:50
#2  0x00005d1d4f419574 in nxt::rt::deck::ready_item::resume_if_ready(nxt::rt::deck&) const at /home/mbrock/nxtui/build/../src-ng/nxt/rt/task.hpp:1901:18
#3  0x00005d1d4f415a82 in nxt::rt::deck::run_ready_with() at /home/mbrock/nxtui/build/../src-ng/nxt/rt/deck.hpp:200:33
#4  0x00005d1d4f4157d6 in nxt::rt::deck::run_ready() at /home/mbrock/nxtui/build/../src-ng/nxt/rt/deck.hpp:130:23
#5  0x00005d1d4f4abf2e in void nxt::rt::uring_wand::run_until_done<int>(nxt::rt::deck&, nxt::rt::task<int>&) at /home/mbrock/nxtui/build/../src-ng/nxt/rt/uring_wand.hpp:173:28
#6  0x00005d1d4f47fc31 in int nxt::rt::runtime::run<int>(nxt::rt::task<int>) at /home/mbrock/nxtui/build/../src-ng/nxt/rt/app.hpp:141:29
#7  0x00005d1d4f3873ee in main at /home/mbrock/nxtui/build/../src-ng/nxtai/nxtllm.cpp:1272:18
#8  0x000070ce23e2a600 in __libc_start_call_main at ./csu/../sysdeps/nptl/libc_start_call_main.h:59:16
#9  0x000070ce23e2a717 in __libc_start_main_impl at ./csu/../csu/libc-start.c:360:3
#10 0x00005d1d4f364f24 in _start at /home/mbrock/nxtui/build/nxtllm

stdout write #52 bytes 4
  at ../src-ng/nxt/rt/ui_runtime.hpp:434 in nxt::rt::task<void> nxt::rt::ui_runtime::terminal_owner_loop(std::chrono::milliseconds)
  preview "\e7\e8"
Stack trace (most recent call first):
#0  0x00005d1d4f374d47 in write_stdout_all at /home/mbrock/nxtui/build/../src-ng/nxt/rt/ui_runtime.hpp:40:23
#1  0x00005d1d4f4138da in std::__n4861::coroutine_handle<void>::resume() const at /usr/include/c++/15/coroutine:142:50
#2  0x00005d1d4f419574 in nxt::rt::deck::ready_item::resume_if_ready(nxt::rt::deck&) const at /home/mbrock/nxtui/build/../src-ng/nxt/rt/task.hpp:1901:18
#3  0x00005d1d4f415a82 in nxt::rt::deck::run_ready_with() at /home/mbrock/nxtui/build/../src-ng/nxt/rt/deck.hpp:200:33
#4  0x00005d1d4f4157d6 in nxt::rt::deck::run_ready() at /home/mbrock/nxtui/build/../src-ng/nxt/rt/deck.hpp:130:23
#5  0x00005d1d4f4abf2e in void nxt::rt::uring_wand::run_until_done<int>(nxt::rt::deck&, nxt::rt::task<int>&) at /home/mbrock/nxtui/build/../src-ng/nxt/rt/uring_wand.hpp:173:28
#6  0x00005d1d4f47fc31 in int nxt::rt::runtime::run<int>(nxt::rt::task<int>) at /home/mbrock/nxtui/build/../src-ng/nxt/rt/app.hpp:141:29
#7  0x00005d1d4f3873ee in main at /home/mbrock/nxtui/build/../src-ng/nxtai/nxtllm.cpp:1272:18
#8  0x000070ce23e2a600 in __libc_start_call_main at ./csu/../sysdeps/nptl/libc_start_call_main.h:59:16
#9  0x000070ce23e2a717 in __libc_start_main_impl at ./csu/../csu/libc-start.c:360:3
#10 0x00005d1d4f364f24 in _start at /home/mbrock/nxtui/build/nxtllm

stdout write #53 bytes 48
  at ../src-ng/nxt/rt/ui_runtime.hpp:434 in nxt::rt::task<void> nxt::rt::ui_runtime::terminal_owner_loop(std::chrono::milliseconds)
  preview "\e7\e[38;42H\e[48;2;26;54;67m\e[38;2;203;213;225m6\e8"
Stack trace (most recent call first):
#0  0x00005d1d4f374d47 in write_stdout_all at /home/mbrock/nxtui/build/../src-ng/nxt/rt/ui_runtime.hpp:40:23
#1  0x00005d1d4f4138da in std::__n4861::coroutine_handle<void>::resume() const at /usr/include/c++/15/coroutine:142:50
#2  0x00005d1d4f419574 in nxt::rt::deck::ready_item::resume_if_ready(nxt::rt::deck&) const at /home/mbrock/nxtui/build/../src-ng/nxt/rt/task.hpp:1901:18
#3  0x00005d1d4f415a82 in nxt::rt::deck::run_ready_with() at /home/mbrock/nxtui/build/../src-ng/nxt/rt/deck.hpp:200:33
#4  0x00005d1d4f4157d6 in nxt::rt::deck::run_ready() at /home/mbrock/nxtui/build/../src-ng/nxt/rt/deck.hpp:130:23
#5  0x00005d1d4f4abf2e in void nxt::rt::uring_wand::run_until_done<int>(nxt::rt::deck&, nxt::rt::task<int>&) at /home/mbrock/nxtui/build/../src-ng/nxt/rt/uring_wand.hpp:173:28
#6  0x00005d1d4f47fc31 in int nxt::rt::runtime::run<int>(nxt::rt::task<int>) at /home/mbrock/nxtui/build/../src-ng/nxt/rt/app.hpp:141:29
#7  0x00005d1d4f3873ee in main at /home/mbrock/nxtui/build/../src-ng/nxtai/nxtllm.cpp:1272:18
#8  0x000070ce23e2a600 in __libc_start_call_main at ./csu/../sysdeps/nptl/libc_start_call_main.h:59:16
#9  0x000070ce23e2a717 in __libc_start_main_impl at ./csu/../csu/libc-start.c:360:3
#10 0x00005d1d4f364f24 in _start at /home/mbrock/nxtui/build/nxtllm

stdout write #54 bytes 4
  at ../src-ng/nxt/rt/ui_runtime.hpp:434 in nxt::rt::task<void> nxt::rt::ui_runtime::terminal_owner_loop(std::chrono::milliseconds)
  preview "\e7\e8"
Stack trace (most recent call first):
#0  0x00005d1d4f374d47 in write_stdout_all at /home/mbrock/nxtui/build/../src-ng/nxt/rt/ui_runtime.hpp:40:23
#1  0x00005d1d4f4138da in std::__n4861::coroutine_handle<void>::resume() const at /usr/include/c++/15/coroutine:142:50
#2  0x00005d1d4f419574 in nxt::rt::deck::ready_item::resume_if_ready(nxt::rt::deck&) const at /home/mbrock/nxtui/build/../src-ng/nxt/rt/task.hpp:1901:18
#3  0x00005d1d4f415a82 in nxt::rt::deck::run_ready_with() at /home/mbrock/nxtui/build/../src-ng/nxt/rt/deck.hpp:200:33
#4  0x00005d1d4f4157d6 in nxt::rt::deck::run_ready() at /home/mbrock/nxtui/build/../src-ng/nxt/rt/deck.hpp:130:23
#5  0x00005d1d4f4abf2e in void nxt::rt::uring_wand::run_until_done<int>(nxt::rt::deck&, nxt::rt::task<int>&) at /home/mbrock/nxtui/build/../src-ng/nxt/rt/uring_wand.hpp:173:28
#6  0x00005d1d4f47fc31 in int nxt::rt::runtime::run<int>(nxt::rt::task<int>) at /home/mbrock/nxtui/build/../src-ng/nxt/rt/app.hpp:141:29
#7  0x00005d1d4f3873ee in main at /home/mbrock/nxtui/build/../src-ng/nxtai/nxtllm.cpp:1272:18
#8  0x000070ce23e2a600 in __libc_start_call_main at ./csu/../sysdeps/nptl/libc_start_call_main.h:59:16
#9  0x000070ce23e2a717 in __libc_start_main_impl at ./csu/../csu/libc-start.c:360:3
#10 0x00005d1d4f364f24 in _start at /home/mbrock/nxtui/build/nxtllm

stdout write #55 bytes 48
  at ../src-ng/nxt/rt/ui_runtime.hpp:434 in nxt::rt::task<void> nxt::rt::ui_runtime::terminal_owner_loop(std::chrono::milliseconds)
  preview "\e7\e[38;73H\e[48;2;48;49;46m\e[38;2;203;213;225m1\e8"
Stack trace (most recent call first):
#0  0x00005d1d4f374d47 in write_stdout_all at /home/mbrock/nxtui/build/../src-ng/nxt/rt/ui_runtime.hpp:40:23
#1  0x00005d1d4f4138da in std::__n4861::coroutine_handle<void>::resume() const at /usr/include/c++/15/coroutine:142:50
#2  0x00005d1d4f419574 in nxt::rt::deck::ready_item::resume_if_ready(nxt::rt::deck&) const at /home/mbrock/nxtui/build/../src-ng/nxt/rt/task.hpp:1901:18
#3  0x00005d1d4f415a82 in nxt::rt::deck::run_ready_with() at /home/mbrock/nxtui/build/../src-ng/nxt/rt/deck.hpp:200:33
#4  0x00005d1d4f4157d6 in nxt::rt::deck::run_ready() at /home/mbrock/nxtui/build/../src-ng/nxt/rt/deck.hpp:130:23
#5  0x00005d1d4f4abf2e in void nxt::rt::uring_wand::run_until_done<int>(nxt::rt::deck&, nxt::rt::task<int>&) at /home/mbrock/nxtui/build/../src-ng/nxt/rt/uring_wand.hpp:173:28
#6  0x00005d1d4f47fc31 in int nxt::rt::runtime::run<int>(nxt::rt::task<int>) at /home/mbrock/nxtui/build/../src-ng/nxt/rt/app.hpp:141:29
#7  0x00005d1d4f3873ee in main at /home/mbrock/nxtui/build/../src-ng/nxtai/nxtllm.cpp:1272:18
#8  0x000070ce23e2a600 in __libc_start_call_main at ./csu/../sysdeps/nptl/libc_start_call_main.h:59:16
#9  0x000070ce23e2a717 in __libc_start_main_impl at ./csu/../csu/libc-start.c:360:3
#10 0x00005d1d4f364f24 in _start at /home/mbrock/nxtui/build/nxtllm

stdout write #56 bytes 4
  at ../src-ng/nxt/rt/ui_runtime.hpp:434 in nxt::rt::task<void> nxt::rt::ui_runtime::terminal_owner_loop(std::chrono::milliseconds)
  preview "\e7\e8"
Stack trace (most recent call first):
#0  0x00005d1d4f374d47 in write_stdout_all at /home/mbrock/nxtui/build/../src-ng/nxt/rt/ui_runtime.hpp:40:23
#1  0x00005d1d4f4138da in std::__n4861::coroutine_handle<void>::resume() const at /usr/include/c++/15/coroutine:142:50
#2  0x00005d1d4f419574 in nxt::rt::deck::ready_item::resume_if_ready(nxt::rt::deck&) const at /home/mbrock/nxtui/build/../src-ng/nxt/rt/task.hpp:1901:18
#3  0x00005d1d4f415a82 in nxt::rt::deck::run_ready_with() at /home/mbrock/nxtui/build/../src-ng/nxt/rt/deck.hpp:200:33
#4  0x00005d1d4f4157d6 in nxt::rt::deck::run_ready() at /home/mbrock/nxtui/build/../src-ng/nxt/rt/deck.hpp:130:23
#5  0x00005d1d4f4abf2e in void nxt::rt::uring_wand::run_until_done<int>(nxt::rt::deck&, nxt::rt::task<int>&) at /home/mbrock/nxtui/build/../src-ng/nxt/rt/uring_wand.hpp:173:28
#6  0x00005d1d4f47fc31 in int nxt::rt::runtime::run<int>(nxt::rt::task<int>) at /home/mbrock/nxtui/build/../src-ng/nxt/rt/app.hpp:141:29
#7  0x00005d1d4f3873ee in main at /home/mbrock/nxtui/build/../src-ng/nxtai/nxtllm.cpp:1272:18
#8  0x000070ce23e2a600 in __libc_start_call_main at ./csu/../sysdeps/nptl/libc_start_call_main.h:59:16
#9  0x000070ce23e2a717 in __libc_start_main_impl at ./csu/../csu/libc-start.c:360:3
#10 0x00005d1d4f364f24 in _start at /home/mbrock/nxtui/build/nxtllm

stdout write #57 bytes 48
  at ../src-ng/nxt/rt/ui_runtime.hpp:434 in nxt::rt::task<void> nxt::rt::ui_runtime::terminal_owner_loop(std::chrono::milliseconds)
  preview "\e7\e[38;42H\e[48;2;26;54;67m\e[38;2;203;213;225m5\e8"
Stack trace (most recent call first):
#0  0x00005d1d4f374d47 in write_stdout_all at /home/mbrock/nxtui/build/../src-ng/nxt/rt/ui_runtime.hpp:40:23
#1  0x00005d1d4f4138da in std::__n4861::coroutine_handle<void>::resume() const at /usr/include/c++/15/coroutine:142:50
#2  0x00005d1d4f419574 in nxt::rt::deck::ready_item::resume_if_ready(nxt::rt::deck&) const at /home/mbrock/nxtui/build/../src-ng/nxt/rt/task.hpp:1901:18
#3  0x00005d1d4f415a82 in nxt::rt::deck::run_ready_with() at /home/mbrock/nxtui/build/../src-ng/nxt/rt/deck.hpp:200:33
#4  0x00005d1d4f4157d6 in nxt::rt::deck::run_ready() at /home/mbrock/nxtui/build/../src-ng/nxt/rt/deck.hpp:130:23
#5  0x00005d1d4f4abf2e in void nxt::rt::uring_wand::run_until_done<int>(nxt::rt::deck&, nxt::rt::task<int>&) at /home/mbrock/nxtui/build/../src-ng/nxt/rt/uring_wand.hpp:173:28
#6  0x00005d1d4f47fc31 in int nxt::rt::runtime::run<int>(nxt::rt::task<int>) at /home/mbrock/nxtui/build/../src-ng/nxt/rt/app.hpp:141:29
#7  0x00005d1d4f3873ee in main at /home/mbrock/nxtui/build/../src-ng/nxtai/nxtllm.cpp:1272:18
#8  0x000070ce23e2a600 in __libc_start_call_main at ./csu/../sysdeps/nptl/libc_start_call_main.h:59:16
#9  0x000070ce23e2a717 in __libc_start_main_impl at ./csu/../csu/libc-start.c:360:3
#10 0x00005d1d4f364f24 in _start at /home/mbrock/nxtui/build/nxtllm

stdout write #58 bytes 4
  at ../src-ng/nxt/rt/ui_runtime.hpp:434 in nxt::rt::task<void> nxt::rt::ui_runtime::terminal_owner_loop(std::chrono::milliseconds)
  preview "\e7\e8"
Stack trace (most recent call first):
#0  0x00005d1d4f374d47 in write_stdout_all at /home/mbrock/nxtui/build/../src-ng/nxt/rt/ui_runtime.hpp:40:23
#1  0x00005d1d4f4138da in std::__n4861::coroutine_handle<void>::resume() const at /usr/include/c++/15/coroutine:142:50
#2  0x00005d1d4f419574 in nxt::rt::deck::ready_item::resume_if_ready(nxt::rt::deck&) const at /home/mbrock/nxtui/build/../src-ng/nxt/rt/task.hpp:1901:18
#3  0x00005d1d4f415a82 in nxt::rt::deck::run_ready_with() at /home/mbrock/nxtui/build/../src-ng/nxt/rt/deck.hpp:200:33
#4  0x00005d1d4f4157d6 in nxt::rt::deck::run_ready() at /home/mbrock/nxtui/build/../src-ng/nxt/rt/deck.hpp:130:23
#5  0x00005d1d4f4abf2e in void nxt::rt::uring_wand::run_until_done<int>(nxt::rt::deck&, nxt::rt::task<int>&) at /home/mbrock/nxtui/build/../src-ng/nxt/rt/uring_wand.hpp:173:28
#6  0x00005d1d4f47fc31 in int nxt::rt::runtime::run<int>(nxt::rt::task<int>) at /home/mbrock/nxtui/build/../src-ng/nxt/rt/app.hpp:141:29
#7  0x00005d1d4f3873ee in main at /home/mbrock/nxtui/build/../src-ng/nxtai/nxtllm.cpp:1272:18
#8  0x000070ce23e2a600 in __libc_start_call_main at ./csu/../sysdeps/nptl/libc_start_call_main.h:59:16
#9  0x000070ce23e2a717 in __libc_start_main_impl at ./csu/../csu/libc-start.c:360:3
#10 0x00005d1d4f364f24 in _start at /home/mbrock/nxtui/build/nxtllm

stdout write #59 bytes 71
  at ../src-ng/nxt/rt/ui_runtime.hpp:434 in nxt::rt::task<void> nxt::rt::ui_runtime::terminal_owner_loop(std::chrono::milliseconds)
  preview "\e7\e[38;25H\e[48;2;26;53;66m\e[38;2;203;213;225m               1.5K/s\xe2\x86\x93\e8"
Stack trace (most recent call first):
#0  0x00005d1d4f374d47 in write_stdout_all at /home/mbrock/nxtui/build/../src-ng/nxt/rt/ui_runtime.hpp:40:23
#1  0x00005d1d4f4138da in std::__n4861::coroutine_handle<void>::resume() const at /usr/include/c++/15/coroutine:142:50
#2  0x00005d1d4f419574 in nxt::rt::deck::ready_item::resume_if_ready(nxt::rt::deck&) const at /home/mbrock/nxtui/build/../src-ng/nxt/rt/task.hpp:1901:18
#3  0x00005d1d4f415a82 in nxt::rt::deck::run_ready_with() at /home/mbrock/nxtui/build/../src-ng/nxt/rt/deck.hpp:200:33
#4  0x00005d1d4f4157d6 in nxt::rt::deck::run_ready() at /home/mbrock/nxtui/build/../src-ng/nxt/rt/deck.hpp:130:23
#5  0x00005d1d4f4abf2e in void nxt::rt::uring_wand::run_until_done<int>(nxt::rt::deck&, nxt::rt::task<int>&) at /home/mbrock/nxtui/build/../src-ng/nxt/rt/uring_wand.hpp:173:28
#6  0x00005d1d4f47fc31 in int nxt::rt::runtime::run<int>(nxt::rt::task<int>) at /home/mbrock/nxtui/build/../src-ng/nxt/rt/app.hpp:141:29
#7  0x00005d1d4f3873ee in main at /home/mbrock/nxtui/build/../src-ng/nxtai/nxtllm.cpp:1272:18
#8  0x000070ce23e2a600 in __libc_start_call_main at ./csu/../sysdeps/nptl/libc_start_call_main.h:59:16
#9  0x000070ce23e2a717 in __libc_start_main_impl at ./csu/../csu/libc-start.c:360:3
#10 0x00005d1d4f364f24 in _start at /home/mbrock/nxtui/build/nxtllm

stdout write #60 bytes 4
  at ../src-ng/nxt/rt/ui_runtime.hpp:434 in nxt::rt::task<void> nxt::rt::ui_runtime::terminal_owner_loop(std::chrono::milliseconds)
  preview "\e7\e8"
Stack trace (most recent call first):
#0  0x00005d1d4f374d47 in write_stdout_all at /home/mbrock/nxtui/build/../src-ng/nxt/rt/ui_runtime.hpp:40:23
#1  0x00005d1d4f4138da in std::__n4861::coroutine_handle<void>::resume() const at /usr/include/c++/15/coroutine:142:50
#2  0x00005d1d4f419574 in nxt::rt::deck::ready_item::resume_if_ready(nxt::rt::deck&) const at /home/mbrock/nxtui/build/../src-ng/nxt/rt/task.hpp:1901:18
#3  0x00005d1d4f415a82 in nxt::rt::deck::run_ready_with() at /home/mbrock/nxtui/build/../src-ng/nxt/rt/deck.hpp:200:33
#4  0x00005d1d4f4157d6 in nxt::rt::deck::run_ready() at /home/mbrock/nxtui/build/../src-ng/nxt/rt/deck.hpp:130:23
#5  0x00005d1d4f4abf2e in void nxt::rt::uring_wand::run_until_done<int>(nxt::rt::deck&, nxt::rt::task<int>&) at /home/mbrock/nxtui/build/../src-ng/nxt/rt/uring_wand.hpp:173:28
#6  0x00005d1d4f47fc31 in int nxt::rt::runtime::run<int>(nxt::rt::task<int>) at /home/mbrock/nxtui/build/../src-ng/nxt/rt/app.hpp:141:29
#7  0x00005d1d4f3873ee in main at /home/mbrock/nxtui/build/../src-ng/nxtai/nxtllm.cpp:1272:18
#8  0x000070ce23e2a600 in __libc_start_call_main at ./csu/../sysdeps/nptl/libc_start_call_main.h:59:16
#9  0x000070ce23e2a717 in __libc_start_main_impl at ./csu/../csu/libc-start.c:360:3
#10 0x00005d1d4f364f24 in _start at /home/mbrock/nxtui/build/nxtllm

stdout write #61 bytes 4
  at ../src-ng/nxt/rt/ui_runtime.hpp:434 in nxt::rt::task<void> nxt::rt::ui_runtime::terminal_owner_loop(std::chrono::milliseconds)
  preview "\e7\e8"
Stack trace (most recent call first):
#0  0x00005d1d4f374d47 in write_stdout_all at /home/mbrock/nxtui/build/../src-ng/nxt/rt/ui_runtime.hpp:40:23
#1  0x00005d1d4f4138da in std::__n4861::coroutine_handle<void>::resume() const at /usr/include/c++/15/coroutine:142:50
#2  0x00005d1d4f419574 in nxt::rt::deck::ready_item::resume_if_ready(nxt::rt::deck&) const at /home/mbrock/nxtui/build/../src-ng/nxt/rt/task.hpp:1901:18
#3  0x00005d1d4f415a82 in nxt::rt::deck::run_ready_with() at /home/mbrock/nxtui/build/../src-ng/nxt/rt/deck.hpp:200:33
#4  0x00005d1d4f4157d6 in nxt::rt::deck::run_ready() at /home/mbrock/nxtui/build/../src-ng/nxt/rt/deck.hpp:130:23
#5  0x00005d1d4f4abf2e in void nxt::rt::uring_wand::run_until_done<int>(nxt::rt::deck&, nxt::rt::task<int>&) at /home/mbrock/nxtui/build/../src-ng/nxt/rt/uring_wand.hpp:173:28
#6  0x00005d1d4f47fc31 in int nxt::rt::runtime::run<int>(nxt::rt::task<int>) at /home/mbrock/nxtui/build/../src-ng/nxt/rt/app.hpp:141:29
#7  0x00005d1d4f3873ee in main at /home/mbrock/nxtui/build/../src-ng/nxtai/nxtllm.cpp:1272:18
#8  0x000070ce23e2a600 in __libc_start_call_main at ./csu/../sysdeps/nptl/libc_start_call_main.h:59:16
#9  0x000070ce23e2a717 in __libc_start_main_impl at ./csu/../csu/libc-start.c:360:3
#10 0x00005d1d4f364f24 in _start at /home/mbrock/nxtui/build/nxtllm

stdout write #62 bytes 278
  at ../src-ng/nxt/rt/ui_runtime.hpp:434 in nxt::rt::task<void> nxt::rt::ui_runtime::terminal_owner_loop(std::chrono::milliseconds)
  preview "\e7\e[38;2H\e[48;2;2;6;23m\e[38;2;94;234;212m\e[1ms\e[38;4Hreaming SSE\e[38;19H\e[0m\e[38;2;94;234;212m\e[48;2;2;6;23m\e[38;2;203;213;225m8\e[38;21H2\e[38;25H\e[48;2;34;74;83m               6.8K/s\xe2\x86\x93\e[38;56H\e[48;2;47;49;46m               1.0K/s\xe2\x86\x91\e[38;82H\e[48;2;2;6;23m\e[38;2;100;116;139m#2\e8"
Stack trace (most recent call first):
#0  0x00005d1d4f374d47 in write_stdout_all at /home/mbrock/nxtui/build/../src-ng/nxt/rt/ui_runtime.hpp:40:23
#1  0x00005d1d4f4138da in std::__n4861::coroutine_handle<void>::resume() const at /usr/include/c++/15/coroutine:142:50
#2  0x00005d1d4f419574 in nxt::rt::deck::ready_item::resume_if_ready(nxt::rt::deck&) const at /home/mbrock/nxtui/build/../src-ng/nxt/rt/task.hpp:1901:18
#3  0x00005d1d4f415a82 in nxt::rt::deck::run_ready_with() at /home/mbrock/nxtui/build/../src-ng/nxt/rt/deck.hpp:200:33
#4  0x00005d1d4f4157d6 in nxt::rt::deck::run_ready() at /home/mbrock/nxtui/build/../src-ng/nxt/rt/deck.hpp:130:23
#5  0x00005d1d4f4abf2e in void nxt::rt::uring_wand::run_until_done<int>(nxt::rt::deck&, nxt::rt::task<int>&) at /home/mbrock/nxtui/build/../src-ng/nxt/rt/uring_wand.hpp:173:28
#6  0x00005d1d4f47fc31 in int nxt::rt::runtime::run<int>(nxt::rt::task<int>) at /home/mbrock/nxtui/build/../src-ng/nxt/rt/app.hpp:141:29
#7  0x00005d1d4f3873ee in main at /home/mbrock/nxtui/build/../src-ng/nxtai/nxtllm.cpp:1272:18
#8  0x000070ce23e2a600 in __libc_start_call_main at ./csu/../sysdeps/nptl/libc_start_call_main.h:59:16
#9  0x000070ce23e2a717 in __libc_start_main_impl at ./csu/../csu/libc-start.c:360:3
#10 0x00005d1d4f364f24 in _start at /home/mbrock/nxtui/build/nxtllm

stdout write #63 bytes 71
  at ../src-ng/nxt/rt/ui_runtime.hpp:434 in nxt::rt::task<void> nxt::rt::ui_runtime::terminal_owner_loop(std::chrono::milliseconds)
  preview "\e7\e[38;25H\e[48;2;33;73;82m\e[38;2;203;213;225m               6.6K/s\xe2\x86\x93\e8"
Stack trace (most recent call first):
#0  0x00005d1d4f374d47 in write_stdout_all at /home/mbrock/nxtui/build/../src-ng/nxt/rt/ui_runtime.hpp:40:23
#1  0x00005d1d4f4138da in std::__n4861::coroutine_handle<void>::resume() const at /usr/include/c++/15/coroutine:142:50
#2  0x00005d1d4f419574 in nxt::rt::deck::ready_item::resume_if_ready(nxt::rt::deck&) const at /home/mbrock/nxtui/build/../src-ng/nxt/rt/task.hpp:1901:18
#3  0x00005d1d4f415a82 in nxt::rt::deck::run_ready_with() at /home/mbrock/nxtui/build/../src-ng/nxt/rt/deck.hpp:200:33
#4  0x00005d1d4f4157d6 in nxt::rt::deck::run_ready() at /home/mbrock/nxtui/build/../src-ng/nxt/rt/deck.hpp:130:23
#5  0x00005d1d4f4abf2e in void nxt::rt::uring_wand::run_until_done<int>(nxt::rt::deck&, nxt::rt::task<int>&) at /home/mbrock/nxtui/build/../src-ng/nxt/rt/uring_wand.hpp:173:28
#6  0x00005d1d4f47fc31 in int nxt::rt::runtime::run<int>(nxt::rt::task<int>) at /home/mbrock/nxtui/build/../src-ng/nxt/rt/app.hpp:141:29
#7  0x00005d1d4f3873ee in main at /home/mbrock/nxtui/build/../src-ng/nxtai/nxtllm.cpp:1272:18
#8  0x000070ce23e2a600 in __libc_start_call_main at ./csu/../sysdeps/nptl/libc_start_call_main.h:59:16
#9  0x000070ce23e2a717 in __libc_start_main_impl at ./csu/../csu/libc-start.c:360:3
#10 0x00005d1d4f364f24 in _start at /home/mbrock/nxtui/build/nxtllm

stdout write #64 bytes 48
  at ../src-ng/nxt/rt/ui_runtime.hpp:434 in nxt::rt::task<void> nxt::rt::ui_runtime::terminal_owner_loop(std::chrono::milliseconds)
  preview "\e7\e[38;42H\e[48;2;33;73;82m\e[38;2;203;213;225m5\e8"
Stack trace (most recent call first):
#0  0x00005d1d4f374d47 in write_stdout_all at /home/mbrock/nxtui/build/../src-ng/nxt/rt/ui_runtime.hpp:40:23
#1  0x00005d1d4f4138da in std::__n4861::coroutine_handle<void>::resume() const at /usr/include/c++/15/coroutine:142:50
#2  0x00005d1d4f419574 in nxt::rt::deck::ready_item::resume_if_ready(nxt::rt::deck&) const at /home/mbrock/nxtui/build/../src-ng/nxt/rt/task.hpp:1901:18
#3  0x00005d1d4f415a82 in nxt::rt::deck::run_ready_with() at /home/mbrock/nxtui/build/../src-ng/nxt/rt/deck.hpp:200:33
#4  0x00005d1d4f4157d6 in nxt::rt::deck::run_ready() at /home/mbrock/nxtui/build/../src-ng/nxt/rt/deck.hpp:130:23
#5  0x00005d1d4f4abf2e in void nxt::rt::uring_wand::run_until_done<int>(nxt::rt::deck&, nxt::rt::task<int>&) at /home/mbrock/nxtui/build/../src-ng/nxt/rt/uring_wand.hpp:173:28
#6  0x00005d1d4f47fc31 in int nxt::rt::runtime::run<int>(nxt::rt::task<int>) at /home/mbrock/nxtui/build/../src-ng/nxt/rt/app.hpp:141:29
#7  0x00005d1d4f3873ee in main at /home/mbrock/nxtui/build/../src-ng/nxtai/nxtllm.cpp:1272:18
#8  0x000070ce23e2a600 in __libc_start_call_main at ./csu/../sysdeps/nptl/libc_start_call_main.h:59:16
#9  0x000070ce23e2a717 in __libc_start_main_impl at ./csu/../csu/libc-start.c:360:3
#10 0x00005d1d4f364f24 in _start at /home/mbrock/nxtui/build/nxtllm

stdout write #65 bytes 119
  at ../src-ng/nxt/rt/ui_runtime.hpp:434 in nxt::rt::task<void> nxt::rt::ui_runtime::terminal_owner_loop(std::chrono::milliseconds)
  preview "\e7\e[38;25H\e[48;2;33;72;82m\e[38;2;203;213;225m               6.4K/s\xe2\x86\x93\e[38;56H\e[48;2;47;48;46m               1.0K/s\xe2\x86\x91\e8"
Stack trace (most recent call first):
#0  0x00005d1d4f374d47 in write_stdout_all at /home/mbrock/nxtui/build/../src-ng/nxt/rt/ui_runtime.hpp:40:23
#1  0x00005d1d4f4138da in std::__n4861::coroutine_handle<void>::resume() const at /usr/include/c++/15/coroutine:142:50
#2  0x00005d1d4f419574 in nxt::rt::deck::ready_item::resume_if_ready(nxt::rt::deck&) const at /home/mbrock/nxtui/build/../src-ng/nxt/rt/task.hpp:1901:18
#3  0x00005d1d4f415a82 in nxt::rt::deck::run_ready_with() at /home/mbrock/nxtui/build/../src-ng/nxt/rt/deck.hpp:200:33
#4  0x00005d1d4f4157d6 in nxt::rt::deck::run_ready() at /home/mbrock/nxtui/build/../src-ng/nxt/rt/deck.hpp:130:23
#5  0x00005d1d4f4abf2e in void nxt::rt::uring_wand::run_until_done<int>(nxt::rt::deck&, nxt::rt::task<int>&) at /home/mbrock/nxtui/build/../src-ng/nxt/rt/uring_wand.hpp:173:28
#6  0x00005d1d4f47fc31 in int nxt::rt::runtime::run<int>(nxt::rt::task<int>) at /home/mbrock/nxtui/build/../src-ng/nxt/rt/app.hpp:141:29
#7  0x00005d1d4f3873ee in main at /home/mbrock/nxtui/build/../src-ng/nxtai/nxtllm.cpp:1272:18
#8  0x000070ce23e2a600 in __libc_start_call_main at ./csu/../sysdeps/nptl/libc_start_call_main.h:59:16
#9  0x000070ce23e2a717 in __libc_start_main_impl at ./csu/../csu/libc-start.c:360:3
#10 0x00005d1d4f364f24 in _start at /home/mbrock/nxtui/build/nxtllm

stdout write #66 bytes 71
  at ../src-ng/nxt/rt/ui_runtime.hpp:434 in nxt::rt::task<void> nxt::rt::ui_runtime::terminal_owner_loop(std::chrono::milliseconds)
  preview "\e7\e[38;25H\e[48;2;33;72;81m\e[38;2;203;213;225m               6.3K/s\xe2\x86\x93\e8"
Stack trace (most recent call first):
#0  0x00005d1d4f374d47 in write_stdout_all at /home/mbrock/nxtui/build/../src-ng/nxt/rt/ui_runtime.hpp:40:23
#1  0x00005d1d4f4138da in std::__n4861::coroutine_handle<void>::resume() const at /usr/include/c++/15/coroutine:142:50
#2  0x00005d1d4f419574 in nxt::rt::deck::ready_item::resume_if_ready(nxt::rt::deck&) const at /home/mbrock/nxtui/build/../src-ng/nxt/rt/task.hpp:1901:18
#3  0x00005d1d4f415a82 in nxt::rt::deck::run_ready_with() at /home/mbrock/nxtui/build/../src-ng/nxt/rt/deck.hpp:200:33
#4  0x00005d1d4f4157d6 in nxt::rt::deck::run_ready() at /home/mbrock/nxtui/build/../src-ng/nxt/rt/deck.hpp:130:23
#5  0x00005d1d4f4abf2e in void nxt::rt::uring_wand::run_until_done<int>(nxt::rt::deck&, nxt::rt::task<int>&) at /home/mbrock/nxtui/build/../src-ng/nxt/rt/uring_wand.hpp:173:28
#6  0x00005d1d4f47fc31 in int nxt::rt::runtime::run<int>(nxt::rt::task<int>) at /home/mbrock/nxtui/build/../src-ng/nxt/rt/app.hpp:141:29
#7  0x00005d1d4f3873ee in main at /home/mbrock/nxtui/build/../src-ng/nxtai/nxtllm.cpp:1272:18
#8  0x000070ce23e2a600 in __libc_start_call_main at ./csu/../sysdeps/nptl/libc_start_call_main.h:59:16
#9  0x000070ce23e2a717 in __libc_start_main_impl at ./csu/../csu/libc-start.c:360:3
#10 0x00005d1d4f364f24 in _start at /home/mbrock/nxtui/build/nxtllm

stdout write #67 bytes 76
  at ../src-ng/nxt/rt/ui_runtime.hpp:434 in nxt::rt::task<void> nxt::rt::ui_runtime::terminal_owner_loop(std::chrono::milliseconds)
  preview "\e7\e[38;42H\e[48;2;33;72;81m\e[38;2;203;213;225m2\e[38;71H\e[48;2;47;48;46m 987\e8"
Stack trace (most recent call first):
#0  0x00005d1d4f374d47 in write_stdout_all at /home/mbrock/nxtui/build/../src-ng/nxt/rt/ui_runtime.hpp:40:23
#1  0x00005d1d4f4138da in std::__n4861::coroutine_handle<void>::resume() const at /usr/include/c++/15/coroutine:142:50
#2  0x00005d1d4f419574 in nxt::rt::deck::ready_item::resume_if_ready(nxt::rt::deck&) const at /home/mbrock/nxtui/build/../src-ng/nxt/rt/task.hpp:1901:18
#3  0x00005d1d4f415a82 in nxt::rt::deck::run_ready_with() at /home/mbrock/nxtui/build/../src-ng/nxt/rt/deck.hpp:200:33
#4  0x00005d1d4f4157d6 in nxt::rt::deck::run_ready() at /home/mbrock/nxtui/build/../src-ng/nxt/rt/deck.hpp:130:23
#5  0x00005d1d4f4abf2e in void nxt::rt::uring_wand::run_until_done<int>(nxt::rt::deck&, nxt::rt::task<int>&) at /home/mbrock/nxtui/build/../src-ng/nxt/rt/uring_wand.hpp:173:28
#6  0x00005d1d4f47fc31 in int nxt::rt::runtime::run<int>(nxt::rt::task<int>) at /home/mbrock/nxtui/build/../src-ng/nxt/rt/app.hpp:141:29
#7  0x00005d1d4f3873ee in main at /home/mbrock/nxtui/build/../src-ng/nxtai/nxtllm.cpp:1272:18
#8  0x000070ce23e2a600 in __libc_start_call_main at ./csu/../sysdeps/nptl/libc_start_call_main.h:59:16
#9  0x000070ce23e2a717 in __libc_start_main_impl at ./csu/../csu/libc-start.c:360:3
#10 0x00005d1d4f364f24 in _start at /home/mbrock/nxtui/build/nxtllm

stdout write #68 bytes 97
  at ../src-ng/nxt/rt/ui_runtime.hpp:434 in nxt::rt::task<void> nxt::rt::ui_runtime::terminal_owner_loop(std::chrono::milliseconds)
  preview "\e7\e[38;25H\e[48;2;33;71;81m\e[38;2;203;213;225m               6.1K/s\xe2\x86\x93\e[38;73H\e[48;2;47;48;46m71\e8"
Stack trace (most recent call first):
#0  0x00005d1d4f374d47 in write_stdout_all at /home/mbrock/nxtui/build/../src-ng/nxt/rt/ui_runtime.hpp:40:23
#1  0x00005d1d4f4138da in std::__n4861::coroutine_handle<void>::resume() const at /usr/include/c++/15/coroutine:142:50
#2  0x00005d1d4f419574 in nxt::rt::deck::ready_item::resume_if_ready(nxt::rt::deck&) const at /home/mbrock/nxtui/build/../src-ng/nxt/rt/task.hpp:1901:18
#3  0x00005d1d4f415a82 in nxt::rt::deck::run_ready_with() at /home/mbrock/nxtui/build/../src-ng/nxt/rt/deck.hpp:200:33
#4  0x00005d1d4f4157d6 in nxt::rt::deck::run_ready() at /home/mbrock/nxtui/build/../src-ng/nxt/rt/deck.hpp:130:23
#5  0x00005d1d4f4abf2e in void nxt::rt::uring_wand::run_until_done<int>(nxt::rt::deck&, nxt::rt::task<int>&) at /home/mbrock/nxtui/build/../src-ng/nxt/rt/uring_wand.hpp:173:28
#6  0x00005d1d4f47fc31 in int nxt::rt::runtime::run<int>(nxt::rt::task<int>) at /home/mbrock/nxtui/build/../src-ng/nxt/rt/app.hpp:141:29
#7  0x00005d1d4f3873ee in main at /home/mbrock/nxtui/build/../src-ng/nxtai/nxtllm.cpp:1272:18
#8  0x000070ce23e2a600 in __libc_start_call_main at ./csu/../sysdeps/nptl/libc_start_call_main.h:59:16
#9  0x000070ce23e2a717 in __libc_start_main_impl at ./csu/../csu/libc-start.c:360:3
#10 0x00005d1d4f364f24 in _start at /home/mbrock/nxtui/build/nxtllm

stdout write #69 bytes 74
  at ../src-ng/nxt/rt/ui_runtime.hpp:434 in nxt::rt::task<void> nxt::rt::ui_runtime::terminal_owner_loop(std::chrono::milliseconds)
  preview "\e7\e[38;42H\e[48;2;33;71;81m\e[38;2;203;213;225m0\e[38;73H\e[48;2;47;48;46m56\e8"
Stack trace (most recent call first):
#0  0x00005d1d4f374d47 in write_stdout_all at /home/mbrock/nxtui/build/../src-ng/nxt/rt/ui_runtime.hpp:40:23
#1  0x00005d1d4f4138da in std::__n4861::coroutine_handle<void>::resume() const at /usr/include/c++/15/coroutine:142:50
#2  0x00005d1d4f419574 in nxt::rt::deck::ready_item::resume_if_ready(nxt::rt::deck&) const at /home/mbrock/nxtui/build/../src-ng/nxt/rt/task.hpp:1901:18
#3  0x00005d1d4f415a82 in nxt::rt::deck::run_ready_with() at /home/mbrock/nxtui/build/../src-ng/nxt/rt/deck.hpp:200:33
#4  0x00005d1d4f4157d6 in nxt::rt::deck::run_ready() at /home/mbrock/nxtui/build/../src-ng/nxt/rt/deck.hpp:130:23
#5  0x00005d1d4f4abf2e in void nxt::rt::uring_wand::run_until_done<int>(nxt::rt::deck&, nxt::rt::task<int>&) at /home/mbrock/nxtui/build/../src-ng/nxt/rt/uring_wand.hpp:173:28
#6  0x00005d1d4f47fc31 in int nxt::rt::runtime::run<int>(nxt::rt::task<int>) at /home/mbrock/nxtui/build/../src-ng/nxt/rt/app.hpp:141:29
#7  0x00005d1d4f3873ee in main at /home/mbrock/nxtui/build/../src-ng/nxtai/nxtllm.cpp:1272:18
#8  0x000070ce23e2a600 in __libc_start_call_main at ./csu/../sysdeps/nptl/libc_start_call_main.h:59:16
#9  0x000070ce23e2a717 in __libc_start_main_impl at ./csu/../csu/libc-start.c:360:3
#10 0x00005d1d4f364f24 in _start at /home/mbrock/nxtui/build/nxtllm

stdout write #70 bytes 97
  at ../src-ng/nxt/rt/ui_runtime.hpp:434 in nxt::rt::task<void> nxt::rt::ui_runtime::terminal_owner_loop(std::chrono::milliseconds)
  preview "\e7\e[38;25H\e[48;2;32;71;80m\e[38;2;203;213;225m               5.9K/s\xe2\x86\x93\e[38;73H\e[48;2;47;48;46m40\e8"
Stack trace (most recent call first):
#0  0x00005d1d4f374d47 in write_stdout_all at /home/mbrock/nxtui/build/../src-ng/nxt/rt/ui_runtime.hpp:40:23
#1  0x00005d1d4f4138da in std::__n4861::coroutine_handle<void>::resume() const at /usr/include/c++/15/coroutine:142:50
#2  0x00005d1d4f419574 in nxt::rt::deck::ready_item::resume_if_ready(nxt::rt::deck&) const at /home/mbrock/nxtui/build/../src-ng/nxt/rt/task.hpp:1901:18
#3  0x00005d1d4f415a82 in nxt::rt::deck::run_ready_with() at /home/mbrock/nxtui/build/../src-ng/nxt/rt/deck.hpp:200:33
#4  0x00005d1d4f4157d6 in nxt::rt::deck::run_ready() at /home/mbrock/nxtui/build/../src-ng/nxt/rt/deck.hpp:130:23
#5  0x00005d1d4f4abf2e in void nxt::rt::uring_wand::run_until_done<int>(nxt::rt::deck&, nxt::rt::task<int>&) at /home/mbrock/nxtui/build/../src-ng/nxt/rt/uring_wand.hpp:173:28
#6  0x00005d1d4f47fc31 in int nxt::rt::runtime::run<int>(nxt::rt::task<int>) at /home/mbrock/nxtui/build/../src-ng/nxt/rt/app.hpp:141:29
#7  0x00005d1d4f3873ee in main at /home/mbrock/nxtui/build/../src-ng/nxtai/nxtllm.cpp:1272:18
#8  0x000070ce23e2a600 in __libc_start_call_main at ./csu/../sysdeps/nptl/libc_start_call_main.h:59:16
#9  0x000070ce23e2a717 in __libc_start_main_impl at ./csu/../csu/libc-start.c:360:3
#10 0x00005d1d4f364f24 in _start at /home/mbrock/nxtui/build/nxtllm

stdout write #71 bytes 97
  at ../src-ng/nxt/rt/ui_runtime.hpp:434 in nxt::rt::task<void> nxt::rt::ui_runtime::terminal_owner_loop(std::chrono::milliseconds)
  preview "\e7\e[38;25H\e[48;2;32;70;80m\e[38;2;203;213;225m               5.8K/s\xe2\x86\x93\e[38;73H\e[48;2;47;48;46m25\e8"
Stack trace (most recent call first):
#0  0x00005d1d4f374d47 in write_stdout_all at /home/mbrock/nxtui/build/../src-ng/nxt/rt/ui_runtime.hpp:40:23
#1  0x00005d1d4f4138da in std::__n4861::coroutine_handle<void>::resume() const at /usr/include/c++/15/coroutine:142:50
#2  0x00005d1d4f419574 in nxt::rt::deck::ready_item::resume_if_ready(nxt::rt::deck&) const at /home/mbrock/nxtui/build/../src-ng/nxt/rt/task.hpp:1901:18
#3  0x00005d1d4f415a82 in nxt::rt::deck::run_ready_with() at /home/mbrock/nxtui/build/../src-ng/nxt/rt/deck.hpp:200:33
#4  0x00005d1d4f4157d6 in nxt::rt::deck::run_ready() at /home/mbrock/nxtui/build/../src-ng/nxt/rt/deck.hpp:130:23
#5  0x00005d1d4f4abf2e in void nxt::rt::uring_wand::run_until_done<int>(nxt::rt::deck&, nxt::rt::task<int>&) at /home/mbrock/nxtui/build/../src-ng/nxt/rt/uring_wand.hpp:173:28
#6  0x00005d1d4f47fc31 in int nxt::rt::runtime::run<int>(nxt::rt::task<int>) at /home/mbrock/nxtui/build/../src-ng/nxt/rt/app.hpp:141:29
#7  0x00005d1d4f3873ee in main at /home/mbrock/nxtui/build/../src-ng/nxtai/nxtllm.cpp:1272:18
#8  0x000070ce23e2a600 in __libc_start_call_main at ./csu/../sysdeps/nptl/libc_start_call_main.h:59:16
#9  0x000070ce23e2a717 in __libc_start_main_impl at ./csu/../csu/libc-start.c:360:3
#10 0x00005d1d4f364f24 in _start at /home/mbrock/nxtui/build/nxtllm

stdout write #72 bytes 49
  at ../src-ng/nxt/rt/ui_runtime.hpp:434 in nxt::rt::task<void> nxt::rt::ui_runtime::terminal_owner_loop(std::chrono::milliseconds)
  preview "\e7\e[38;73H\e[48;2;47;48;46m\e[38;2;203;213;225m10\e8"
Stack trace (most recent call first):
#0  0x00005d1d4f374d47 in write_stdout_all at /home/mbrock/nxtui/build/../src-ng/nxt/rt/ui_runtime.hpp:40:23
#1  0x00005d1d4f4138da in std::__n4861::coroutine_handle<void>::resume() const at /usr/include/c++/15/coroutine:142:50
#2  0x00005d1d4f419574 in nxt::rt::deck::ready_item::resume_if_ready(nxt::rt::deck&) const at /home/mbrock/nxtui/build/../src-ng/nxt/rt/task.hpp:1901:18
#3  0x00005d1d4f415a82 in nxt::rt::deck::run_ready_with() at /home/mbrock/nxtui/build/../src-ng/nxt/rt/deck.hpp:200:33
#4  0x00005d1d4f4157d6 in nxt::rt::deck::run_ready() at /home/mbrock/nxtui/build/../src-ng/nxt/rt/deck.hpp:130:23
#5  0x00005d1d4f4abf2e in void nxt::rt::uring_wand::run_until_done<int>(nxt::rt::deck&, nxt::rt::task<int>&) at /home/mbrock/nxtui/build/../src-ng/nxt/rt/uring_wand.hpp:173:28
#6  0x00005d1d4f47fc31 in int nxt::rt::runtime::run<int>(nxt::rt::task<int>) at /home/mbrock/nxtui/build/../src-ng/nxt/rt/app.hpp:141:29
#7  0x00005d1d4f3873ee in main at /home/mbrock/nxtui/build/../src-ng/nxtai/nxtllm.cpp:1272:18
#8  0x000070ce23e2a600 in __libc_start_call_main at ./csu/../sysdeps/nptl/libc_start_call_main.h:59:16
#9  0x000070ce23e2a717 in __libc_start_main_impl at ./csu/../csu/libc-start.c:360:3
#10 0x00005d1d4f364f24 in _start at /home/mbrock/nxtui/build/nxtllm

stdout write #73 bytes 98
  at ../src-ng/nxt/rt/ui_runtime.hpp:434 in nxt::rt::task<void> nxt::rt::ui_runtime::terminal_owner_loop(std::chrono::milliseconds)
  preview "\e7\e[38;25H\e[48;2;32;69;79m\e[38;2;203;213;225m               5.7K/s\xe2\x86\x93\e[38;72H\e[48;2;47;48;46m896\e8"
Stack trace (most recent call first):
#0  0x00005d1d4f374d47 in write_stdout_all at /home/mbrock/nxtui/build/../src-ng/nxt/rt/ui_runtime.hpp:40:23
#1  0x00005d1d4f4138da in std::__n4861::coroutine_handle<void>::resume() const at /usr/include/c++/15/coroutine:142:50
#2  0x00005d1d4f419574 in nxt::rt::deck::ready_item::resume_if_ready(nxt::rt::deck&) const at /home/mbrock/nxtui/build/../src-ng/nxt/rt/task.hpp:1901:18
#3  0x00005d1d4f415a82 in nxt::rt::deck::run_ready_with() at /home/mbrock/nxtui/build/../src-ng/nxt/rt/deck.hpp:200:33
#4  0x00005d1d4f4157d6 in nxt::rt::deck::run_ready() at /home/mbrock/nxtui/build/../src-ng/nxt/rt/deck.hpp:130:23
#5  0x00005d1d4f4abf2e in void nxt::rt::uring_wand::run_until_done<int>(nxt::rt::deck&, nxt::rt::task<int>&) at /home/mbrock/nxtui/build/../src-ng/nxt/rt/uring_wand.hpp:173:28
#6  0x00005d1d4f47fc31 in int nxt::rt::runtime::run<int>(nxt::rt::task<int>) at /home/mbrock/nxtui/build/../src-ng/nxt/rt/app.hpp:141:29
#7  0x00005d1d4f3873ee in main at /home/mbrock/nxtui/build/../src-ng/nxtai/nxtllm.cpp:1272:18
#8  0x000070ce23e2a600 in __libc_start_call_main at ./csu/../sysdeps/nptl/libc_start_call_main.h:59:16
#9  0x000070ce23e2a717 in __libc_start_main_impl at ./csu/../csu/libc-start.c:360:3
#10 0x00005d1d4f364f24 in _start at /home/mbrock/nxtui/build/nxtllm

stdout write #74 bytes 4
  at ../src-ng/nxt/rt/ui_runtime.hpp:434 in nxt::rt::task<void> nxt::rt::ui_runtime::terminal_owner_loop(std::chrono::milliseconds)
  preview "\e7\e8"
Stack trace (most recent call first):
#0  0x00005d1d4f374d47 in write_stdout_all at /home/mbrock/nxtui/build/../src-ng/nxt/rt/ui_runtime.hpp:40:23
#1  0x00005d1d4f4138da in std::__n4861::coroutine_handle<void>::resume() const at /usr/include/c++/15/coroutine:142:50
#2  0x00005d1d4f419574 in nxt::rt::deck::ready_item::resume_if_ready(nxt::rt::deck&) const at /home/mbrock/nxtui/build/../src-ng/nxt/rt/task.hpp:1901:18
#3  0x00005d1d4f415a82 in nxt::rt::deck::run_ready_with() at /home/mbrock/nxtui/build/../src-ng/nxt/rt/deck.hpp:200:33
#4  0x00005d1d4f4157d6 in nxt::rt::deck::run_ready() at /home/mbrock/nxtui/build/../src-ng/nxt/rt/deck.hpp:130:23
#5  0x00005d1d4f4abf2e in void nxt::rt::uring_wand::run_until_done<int>(nxt::rt::deck&, nxt::rt::task<int>&) at /home/mbrock/nxtui/build/../src-ng/nxt/rt/uring_wand.hpp:173:28
#6  0x00005d1d4f47fc31 in int nxt::rt::runtime::run<int>(nxt::rt::task<int>) at /home/mbrock/nxtui/build/../src-ng/nxt/rt/app.hpp:141:29
#7  0x00005d1d4f3873ee in main at /home/mbrock/nxtui/build/../src-ng/nxtai/nxtllm.cpp:1272:18
#8  0x000070ce23e2a600 in __libc_start_call_main at ./csu/../sysdeps/nptl/libc_start_call_main.h:59:16
#9  0x000070ce23e2a717 in __libc_start_main_impl at ./csu/../csu/libc-start.c:360:3
#10 0x00005d1d4f364f24 in _start at /home/mbrock/nxtui/build/nxtllm

stdout write #75 bytes 162
  at ../src-ng/nxt/rt/ui_runtime.hpp:434 in nxt::rt::task<void> nxt::rt::ui_runtime::terminal_owner_loop(std::chrono::milliseconds)
  preview "\e7\e[38;21H\e[48;2;2;6;23m\e[38;2;203;213;225m5\e[38;25H\e[48;2;32;70;80m               5.8K/s\xe2\x86\x93\e[38;73H\e[48;2;47;48;46m82\e[38;83H\e[48;2;2;6;23m\e[38;2;100;116;139m3\e8"
Stack trace (most recent call first):
#0  0x00005d1d4f374d47 in write_stdout_all at /home/mbrock/nxtui/build/../src-ng/nxt/rt/ui_runtime.hpp:40:23
#1  0x00005d1d4f4138da in std::__n4861::coroutine_handle<void>::resume() const at /usr/include/c++/15/coroutine:142:50
#2  0x00005d1d4f419574 in nxt::rt::deck::ready_item::resume_if_ready(nxt::rt::deck&) const at /home/mbrock/nxtui/build/../src-ng/nxt/rt/task.hpp:1901:18
#3  0x00005d1d4f415a82 in nxt::rt::deck::run_ready_with() at /home/mbrock/nxtui/build/../src-ng/nxt/rt/deck.hpp:200:33
#4  0x00005d1d4f4157d6 in nxt::rt::deck::run_ready() at /home/mbrock/nxtui/build/../src-ng/nxt/rt/deck.hpp:130:23
#5  0x00005d1d4f4abf2e in void nxt::rt::uring_wand::run_until_done<int>(nxt::rt::deck&, nxt::rt::task<int>&) at /home/mbrock/nxtui/build/../src-ng/nxt/rt/uring_wand.hpp:173:28
#6  0x00005d1d4f47fc31 in int nxt::rt::runtime::run<int>(nxt::rt::task<int>) at /home/mbrock/nxtui/build/../src-ng/nxt/rt/app.hpp:141:29
#7  0x00005d1d4f3873ee in main at /home/mbrock/nxtui/build/../src-ng/nxtai/nxtllm.cpp:1272:18
#8  0x000070ce23e2a600 in __libc_start_call_main at ./csu/../sysdeps/nptl/libc_start_call_main.h:59:16
#9  0x000070ce23e2a717 in __libc_start_main_impl at ./csu/../csu/libc-start.c:360:3
#10 0x00005d1d4f364f24 in _start at /home/mbrock/nxtui/build/nxtllm

stdout write #76 bytes 74
  at ../src-ng/nxt/rt/ui_runtime.hpp:434 in nxt::rt::task<void> nxt::rt::ui_runtime::terminal_owner_loop(std::chrono::milliseconds)
  preview "\e7\e[38;42H\e[48;2;32;70;80m\e[38;2;203;213;225m7\e[38;73H\e[48;2;47;48;46m68\e8"
Stack trace (most recent call first):
#0  0x00005d1d4f374d47 in write_stdout_all at /home/mbrock/nxtui/build/../src-ng/nxt/rt/ui_runtime.hpp:40:23
#1  0x00005d1d4f4138da in std::__n4861::coroutine_handle<void>::resume() const at /usr/include/c++/15/coroutine:142:50
#2  0x00005d1d4f419574 in nxt::rt::deck::ready_item::resume_if_ready(nxt::rt::deck&) const at /home/mbrock/nxtui/build/../src-ng/nxt/rt/task.hpp:1901:18
#3  0x00005d1d4f415a82 in nxt::rt::deck::run_ready_with() at /home/mbrock/nxtui/build/../src-ng/nxt/rt/deck.hpp:200:33
#4  0x00005d1d4f4157d6 in nxt::rt::deck::run_ready() at /home/mbrock/nxtui/build/../src-ng/nxt/rt/deck.hpp:130:23
#5  0x00005d1d4f4abf2e in void nxt::rt::uring_wand::run_until_done<int>(nxt::rt::deck&, nxt::rt::task<int>&) at /home/mbrock/nxtui/build/../src-ng/nxt/rt/uring_wand.hpp:173:28
#6  0x00005d1d4f47fc31 in int nxt::rt::runtime::run<int>(nxt::rt::task<int>) at /home/mbrock/nxtui/build/../src-ng/nxt/rt/app.hpp:141:29
#7  0x00005d1d4f3873ee in main at /home/mbrock/nxtui/build/../src-ng/nxtai/nxtllm.cpp:1272:18
#8  0x000070ce23e2a600 in __libc_start_call_main at ./csu/../sysdeps/nptl/libc_start_call_main.h:59:16
#9  0x000070ce23e2a717 in __libc_start_main_impl at ./csu/../csu/libc-start.c:360:3
#10 0x00005d1d4f364f24 in _start at /home/mbrock/nxtui/build/nxtllm

stdout write #77 bytes 97
  at ../src-ng/nxt/rt/ui_runtime.hpp:434 in nxt::rt::task<void> nxt::rt::ui_runtime::terminal_owner_loop(std::chrono::milliseconds)
  preview "\e7\e[38;25H\e[48;2;32;69;79m\e[38;2;203;213;225m               5.7K/s\xe2\x86\x93\e[38;73H\e[48;2;47;48;46m54\e8"
Stack trace (most recent call first):
#0  0x00005d1d4f374d47 in write_stdout_all at /home/mbrock/nxtui/build/../src-ng/nxt/rt/ui_runtime.hpp:40:23
#1  0x00005d1d4f4138da in std::__n4861::coroutine_handle<void>::resume() const at /usr/include/c++/15/coroutine:142:50
#2  0x00005d1d4f419574 in nxt::rt::deck::ready_item::resume_if_ready(nxt::rt::deck&) const at /home/mbrock/nxtui/build/../src-ng/nxt/rt/task.hpp:1901:18
#3  0x00005d1d4f415a82 in nxt::rt::deck::run_ready_with() at /home/mbrock/nxtui/build/../src-ng/nxt/rt/deck.hpp:200:33
#4  0x00005d1d4f4157d6 in nxt::rt::deck::run_ready() at /home/mbrock/nxtui/build/../src-ng/nxt/rt/deck.hpp:130:23
#5  0x00005d1d4f4abf2e in void nxt::rt::uring_wand::run_until_done<int>(nxt::rt::deck&, nxt::rt::task<int>&) at /home/mbrock/nxtui/build/../src-ng/nxt/rt/uring_wand.hpp:173:28
#6  0x00005d1d4f47fc31 in int nxt::rt::runtime::run<int>(nxt::rt::task<int>) at /home/mbrock/nxtui/build/../src-ng/nxt/rt/app.hpp:141:29
#7  0x00005d1d4f3873ee in main at /home/mbrock/nxtui/build/../src-ng/nxtai/nxtllm.cpp:1272:18
#8  0x000070ce23e2a600 in __libc_start_call_main at ./csu/../sysdeps/nptl/libc_start_call_main.h:59:16
#9  0x000070ce23e2a717 in __libc_start_main_impl at ./csu/../csu/libc-start.c:360:3
#10 0x00005d1d4f364f24 in _start at /home/mbrock/nxtui/build/nxtllm

stdout write #78 bytes 96
  at ../src-ng/nxt/rt/ui_runtime.hpp:434 in nxt::rt::task<void> nxt::rt::ui_runtime::terminal_owner_loop(std::chrono::milliseconds)
  preview "\e7\e[38;42H\e[48;2;32;69;79m\e[38;2;203;213;225m6\e[38;56H\e[48;2;46;48;46m                840/s\xe2\x86\x91\e8"
Stack trace (most recent call first):
#0  0x00005d1d4f374d47 in write_stdout_all at /home/mbrock/nxtui/build/../src-ng/nxt/rt/ui_runtime.hpp:40:23
#1  0x00005d1d4f4138da in std::__n4861::coroutine_handle<void>::resume() const at /usr/include/c++/15/coroutine:142:50
#2  0x00005d1d4f419574 in nxt::rt::deck::ready_item::resume_if_ready(nxt::rt::deck&) const at /home/mbrock/nxtui/build/../src-ng/nxt/rt/task.hpp:1901:18
#3  0x00005d1d4f415a82 in nxt::rt::deck::run_ready_with() at /home/mbrock/nxtui/build/../src-ng/nxt/rt/deck.hpp:200:33
#4  0x00005d1d4f4157d6 in nxt::rt::deck::run_ready() at /home/mbrock/nxtui/build/../src-ng/nxt/rt/deck.hpp:130:23
#5  0x00005d1d4f4abf2e in void nxt::rt::uring_wand::run_until_done<int>(nxt::rt::deck&, nxt::rt::task<int>&) at /home/mbrock/nxtui/build/../src-ng/nxt/rt/uring_wand.hpp:173:28
#6  0x00005d1d4f47fc31 in int nxt::rt::runtime::run<int>(nxt::rt::task<int>) at /home/mbrock/nxtui/build/../src-ng/nxt/rt/app.hpp:141:29
#7  0x00005d1d4f3873ee in main at /home/mbrock/nxtui/build/../src-ng/nxtai/nxtllm.cpp:1272:18
#8  0x000070ce23e2a600 in __libc_start_call_main at ./csu/../sysdeps/nptl/libc_start_call_main.h:59:16
#9  0x000070ce23e2a717 in __libc_start_main_impl at ./csu/../csu/libc-start.c:360:3
#10 0x00005d1d4f364f24 in _start at /home/mbrock/nxtui/build/nxtllm

stdout write #79 bytes 74
  at ../src-ng/nxt/rt/ui_runtime.hpp:434 in nxt::rt::task<void> nxt::rt::ui_runtime::terminal_owner_loop(std::chrono::milliseconds)
  preview "\e7\e[38;42H\e[48;2;32;69;79m\e[38;2;203;213;225m5\e[38;73H\e[48;2;46;48;46m27\e8"
Stack trace (most recent call first):
#0  0x00005d1d4f374d47 in write_stdout_all at /home/mbrock/nxtui/build/../src-ng/nxt/rt/ui_runtime.hpp:40:23
#1  0x00005d1d4f4138da in std::__n4861::coroutine_handle<void>::resume() const at /usr/include/c++/15/coroutine:142:50
#2  0x00005d1d4f419574 in nxt::rt::deck::ready_item::resume_if_ready(nxt::rt::deck&) const at /home/mbrock/nxtui/build/../src-ng/nxt/rt/task.hpp:1901:18
#3  0x00005d1d4f415a82 in nxt::rt::deck::run_ready_with() at /home/mbrock/nxtui/build/../src-ng/nxt/rt/deck.hpp:200:33
#4  0x00005d1d4f4157d6 in nxt::rt::deck::run_ready() at /home/mbrock/nxtui/build/../src-ng/nxt/rt/deck.hpp:130:23
#5  0x00005d1d4f4abf2e in void nxt::rt::uring_wand::run_until_done<int>(nxt::rt::deck&, nxt::rt::task<int>&) at /home/mbrock/nxtui/build/../src-ng/nxt/rt/uring_wand.hpp:173:28
#6  0x00005d1d4f47fc31 in int nxt::rt::runtime::run<int>(nxt::rt::task<int>) at /home/mbrock/nxtui/build/../src-ng/nxt/rt/app.hpp:141:29
#7  0x00005d1d4f3873ee in main at /home/mbrock/nxtui/build/../src-ng/nxtai/nxtllm.cpp:1272:18
#8  0x000070ce23e2a600 in __libc_start_call_main at ./csu/../sysdeps/nptl/libc_start_call_main.h:59:16
#9  0x000070ce23e2a717 in __libc_start_main_impl at ./csu/../csu/libc-start.c:360:3
#10 0x00005d1d4f364f24 in _start at /home/mbrock/nxtui/build/nxtllm

stdout write #80 bytes 97
  at ../src-ng/nxt/rt/ui_runtime.hpp:434 in nxt::rt::task<void> nxt::rt::ui_runtime::terminal_owner_loop(std::chrono::milliseconds)
  preview "\e7\e[38;25H\e[48;2;32;68;78m\e[38;2;203;213;225m               5.4K/s\xe2\x86\x93\e[38;73H\e[48;2;46;48;46m14\e8"
Stack trace (most recent call first):
#0  0x00005d1d4f374d47 in write_stdout_all at /home/mbrock/nxtui/build/../src-ng/nxt/rt/ui_runtime.hpp:40:23
#1  0x00005d1d4f4138da in std::__n4861::coroutine_handle<void>::resume() const at /usr/include/c++/15/coroutine:142:50
#2  0x00005d1d4f419574 in nxt::rt::deck::ready_item::resume_if_ready(nxt::rt::deck&) const at /home/mbrock/nxtui/build/../src-ng/nxt/rt/task.hpp:1901:18
#3  0x00005d1d4f415a82 in nxt::rt::deck::run_ready_with() at /home/mbrock/nxtui/build/../src-ng/nxt/rt/deck.hpp:200:33
#4  0x00005d1d4f4157d6 in nxt::rt::deck::run_ready() at /home/mbrock/nxtui/build/../src-ng/nxt/rt/deck.hpp:130:23
#5  0x00005d1d4f4abf2e in void nxt::rt::uring_wand::run_until_done<int>(nxt::rt::deck&, nxt::rt::task<int>&) at /home/mbrock/nxtui/build/../src-ng/nxt/rt/uring_wand.hpp:173:28
#6  0x00005d1d4f47fc31 in int nxt::rt::runtime::run<int>(nxt::rt::task<int>) at /home/mbrock/nxtui/build/../src-ng/nxt/rt/app.hpp:141:29
#7  0x00005d1d4f3873ee in main at /home/mbrock/nxtui/build/../src-ng/nxtai/nxtllm.cpp:1272:18
#8  0x000070ce23e2a600 in __libc_start_call_main at ./csu/../sysdeps/nptl/libc_start_call_main.h:59:16
#9  0x000070ce23e2a717 in __libc_start_main_impl at ./csu/../csu/libc-start.c:360:3
#10 0x00005d1d4f364f24 in _start at /home/mbrock/nxtui/build/nxtllm

stdout write #81 bytes 74
  at ../src-ng/nxt/rt/ui_runtime.hpp:434 in nxt::rt::task<void> nxt::rt::ui_runtime::terminal_owner_loop(std::chrono::milliseconds)
  preview "\e7\e[38;42H\e[48;2;32;68;78m\e[38;2;203;213;225m3\e[38;73H\e[48;2;46;48;46m01\e8"
Stack trace (most recent call first):
#0  0x00005d1d4f374d47 in write_stdout_all at /home/mbrock/nxtui/build/../src-ng/nxt/rt/ui_runtime.hpp:40:23
#1  0x00005d1d4f4138da in std::__n4861::coroutine_handle<void>::resume() const at /usr/include/c++/15/coroutine:142:50
#2  0x00005d1d4f419574 in nxt::rt::deck::ready_item::resume_if_ready(nxt::rt::deck&) const at /home/mbrock/nxtui/build/../src-ng/nxt/rt/task.hpp:1901:18
#3  0x00005d1d4f415a82 in nxt::rt::deck::run_ready_with() at /home/mbrock/nxtui/build/../src-ng/nxt/rt/deck.hpp:200:33
#4  0x00005d1d4f4157d6 in nxt::rt::deck::run_ready() at /home/mbrock/nxtui/build/../src-ng/nxt/rt/deck.hpp:130:23
#5  0x00005d1d4f4abf2e in void nxt::rt::uring_wand::run_until_done<int>(nxt::rt::deck&, nxt::rt::task<int>&) at /home/mbrock/nxtui/build/../src-ng/nxt/rt/uring_wand.hpp:173:28
#6  0x00005d1d4f47fc31 in int nxt::rt::runtime::run<int>(nxt::rt::task<int>) at /home/mbrock/nxtui/build/../src-ng/nxt/rt/app.hpp:141:29
#7  0x00005d1d4f3873ee in main at /home/mbrock/nxtui/build/../src-ng/nxtai/nxtllm.cpp:1272:18
#8  0x000070ce23e2a600 in __libc_start_call_main at ./csu/../sysdeps/nptl/libc_start_call_main.h:59:16
#9  0x000070ce23e2a717 in __libc_start_main_impl at ./csu/../csu/libc-start.c:360:3
#10 0x00005d1d4f364f24 in _start at /home/mbrock/nxtui/build/nxtllm

stdout write #82 bytes 98
  at ../src-ng/nxt/rt/ui_runtime.hpp:434 in nxt::rt::task<void> nxt::rt::ui_runtime::terminal_owner_loop(std::chrono::milliseconds)
  preview "\e7\e[38;25H\e[48;2;31;68;78m\e[38;2;203;213;225m               5.2K/s\xe2\x86\x93\e[38;72H\e[48;2;46;48;46m788\e8"
Stack trace (most recent call first):
#0  0x00005d1d4f374d47 in write_stdout_all at /home/mbrock/nxtui/build/../src-ng/nxt/rt/ui_runtime.hpp:40:23
#1  0x00005d1d4f4138da in std::__n4861::coroutine_handle<void>::resume() const at /usr/include/c++/15/coroutine:142:50
#2  0x00005d1d4f419574 in nxt::rt::deck::ready_item::resume_if_ready(nxt::rt::deck&) const at /home/mbrock/nxtui/build/../src-ng/nxt/rt/task.hpp:1901:18
#3  0x00005d1d4f415a82 in nxt::rt::deck::run_ready_with() at /home/mbrock/nxtui/build/../src-ng/nxt/rt/deck.hpp:200:33
#4  0x00005d1d4f4157d6 in nxt::rt::deck::run_ready() at /home/mbrock/nxtui/build/../src-ng/nxt/rt/deck.hpp:130:23
#5  0x00005d1d4f4abf2e in void nxt::rt::uring_wand::run_until_done<int>(nxt::rt::deck&, nxt::rt::task<int>&) at /home/mbrock/nxtui/build/../src-ng/nxt/rt/uring_wand.hpp:173:28
#6  0x00005d1d4f47fc31 in int nxt::rt::runtime::run<int>(nxt::rt::task<int>) at /home/mbrock/nxtui/build/../src-ng/nxt/rt/app.hpp:141:29
#7  0x00005d1d4f3873ee in main at /home/mbrock/nxtui/build/../src-ng/nxtai/nxtllm.cpp:1272:18
#8  0x000070ce23e2a600 in __libc_start_call_main at ./csu/../sysdeps/nptl/libc_start_call_main.h:59:16
#9  0x000070ce23e2a717 in __libc_start_main_impl at ./csu/../csu/libc-start.c:360:3
#10 0x00005d1d4f364f24 in _start at /home/mbrock/nxtui/build/nxtllm

stdout write #83 bytes 97
  at ../src-ng/nxt/rt/ui_runtime.hpp:434 in nxt::rt::task<void> nxt::rt::ui_runtime::terminal_owner_loop(std::chrono::milliseconds)
  preview "\e7\e[38;25H\e[48;2;31;67;78m\e[38;2;203;213;225m               5.1K/s\xe2\x86\x93\e[38;73H\e[48;2;46;48;46m76\e8"
Stack trace (most recent call first):
#0  0x00005d1d4f374d47 in write_stdout_all at /home/mbrock/nxtui/build/../src-ng/nxt/rt/ui_runtime.hpp:40:23
#1  0x00005d1d4f4138da in std::__n4861::coroutine_handle<void>::resume() const at /usr/include/c++/15/coroutine:142:50
#2  0x00005d1d4f419574 in nxt::rt::deck::ready_item::resume_if_ready(nxt::rt::deck&) const at /home/mbrock/nxtui/build/../src-ng/nxt/rt/task.hpp:1901:18
#3  0x00005d1d4f415a82 in nxt::rt::deck::run_ready_with() at /home/mbrock/nxtui/build/../src-ng/nxt/rt/deck.hpp:200:33
#4  0x00005d1d4f4157d6 in nxt::rt::deck::run_ready() at /home/mbrock/nxtui/build/../src-ng/nxt/rt/deck.hpp:130:23
#5  0x00005d1d4f4abf2e in void nxt::rt::uring_wand::run_until_done<int>(nxt::rt::deck&, nxt::rt::task<int>&) at /home/mbrock/nxtui/build/../src-ng/nxt/rt/uring_wand.hpp:173:28
#6  0x00005d1d4f47fc31 in int nxt::rt::runtime::run<int>(nxt::rt::task<int>) at /home/mbrock/nxtui/build/../src-ng/nxt/rt/app.hpp:141:29
#7  0x00005d1d4f3873ee in main at /home/mbrock/nxtui/build/../src-ng/nxtai/nxtllm.cpp:1272:18
#8  0x000070ce23e2a600 in __libc_start_call_main at ./csu/../sysdeps/nptl/libc_start_call_main.h:59:16
#9  0x000070ce23e2a717 in __libc_start_main_impl at ./csu/../csu/libc-start.c:360:3
#10 0x00005d1d4f364f24 in _start at /home/mbrock/nxtui/build/nxtllm

stdout write #84 bytes 97
  at ../src-ng/nxt/rt/ui_runtime.hpp:434 in nxt::rt::task<void> nxt::rt::ui_runtime::terminal_owner_loop(std::chrono::milliseconds)
  preview "\e7\e[38;25H\e[48;2;31;67;77m\e[38;2;203;213;225m               5.1K/s\xe2\x86\x93\e[38;73H\e[48;2;46;48;46m64\e8"
Stack trace (most recent call first):
#0  0x00005d1d4f374d47 in write_stdout_all at /home/mbrock/nxtui/build/../src-ng/nxt/rt/ui_runtime.hpp:40:23
#1  0x00005d1d4f4138da in std::__n4861::coroutine_handle<void>::resume() const at /usr/include/c++/15/coroutine:142:50
#2  0x00005d1d4f419574 in nxt::rt::deck::ready_item::resume_if_ready(nxt::rt::deck&) const at /home/mbrock/nxtui/build/../src-ng/nxt/rt/task.hpp:1901:18
#3  0x00005d1d4f415a82 in nxt::rt::deck::run_ready_with() at /home/mbrock/nxtui/build/../src-ng/nxt/rt/deck.hpp:200:33
#4  0x00005d1d4f4157d6 in nxt::rt::deck::run_ready() at /home/mbrock/nxtui/build/../src-ng/nxt/rt/deck.hpp:130:23
#5  0x00005d1d4f4abf2e in void nxt::rt::uring_wand::run_until_done<int>(nxt::rt::deck&, nxt::rt::task<int>&) at /home/mbrock/nxtui/build/../src-ng/nxt/rt/uring_wand.hpp:173:28
#6  0x00005d1d4f47fc31 in int nxt::rt::runtime::run<int>(nxt::rt::task<int>) at /home/mbrock/nxtui/build/../src-ng/nxt/rt/app.hpp:141:29
#7  0x00005d1d4f3873ee in main at /home/mbrock/nxtui/build/../src-ng/nxtai/nxtllm.cpp:1272:18
#8  0x000070ce23e2a600 in __libc_start_call_main at ./csu/../sysdeps/nptl/libc_start_call_main.h:59:16
#9  0x000070ce23e2a717 in __libc_start_main_impl at ./csu/../csu/libc-start.c:360:3
#10 0x00005d1d4f364f24 in _start at /home/mbrock/nxtui/build/nxtllm

stdout write #85 bytes 74
  at ../src-ng/nxt/rt/ui_runtime.hpp:434 in nxt::rt::task<void> nxt::rt::ui_runtime::terminal_owner_loop(std::chrono::milliseconds)
  preview "\e7\e[38;42H\e[48;2;31;67;77m\e[38;2;203;213;225m0\e[38;73H\e[48;2;46;48;46m51\e8"
Stack trace (most recent call first):
#0  0x00005d1d4f374d47 in write_stdout_all at /home/mbrock/nxtui/build/../src-ng/nxt/rt/ui_runtime.hpp:40:23
#1  0x00005d1d4f4138da in std::__n4861::coroutine_handle<void>::resume() const at /usr/include/c++/15/coroutine:142:50
#2  0x00005d1d4f419574 in nxt::rt::deck::ready_item::resume_if_ready(nxt::rt::deck&) const at /home/mbrock/nxtui/build/../src-ng/nxt/rt/task.hpp:1901:18
#3  0x00005d1d4f415a82 in nxt::rt::deck::run_ready_with() at /home/mbrock/nxtui/build/../src-ng/nxt/rt/deck.hpp:200:33
#4  0x00005d1d4f4157d6 in nxt::rt::deck::run_ready() at /home/mbrock/nxtui/build/../src-ng/nxt/rt/deck.hpp:130:23
#5  0x00005d1d4f4abf2e in void nxt::rt::uring_wand::run_until_done<int>(nxt::rt::deck&, nxt::rt::task<int>&) at /home/mbrock/nxtui/build/../src-ng/nxt/rt/uring_wand.hpp:173:28
#6  0x00005d1d4f47fc31 in int nxt::rt::runtime::run<int>(nxt::rt::task<int>) at /home/mbrock/nxtui/build/../src-ng/nxt/rt/app.hpp:141:29
#7  0x00005d1d4f3873ee in main at /home/mbrock/nxtui/build/../src-ng/nxtai/nxtllm.cpp:1272:18
#8  0x000070ce23e2a600 in __libc_start_call_main at ./csu/../sysdeps/nptl/libc_start_call_main.h:59:16
#9  0x000070ce23e2a717 in __libc_start_main_impl at ./csu/../csu/libc-start.c:360:3
#10 0x00005d1d4f364f24 in _start at /home/mbrock/nxtui/build/nxtllm

stdout write #86 bytes 83
  at ../src-ng/nxt/rt/ui_runtime.hpp:434 in nxt::rt::task<void> nxt::rt::ui_runtime::terminal_owner_loop(std::chrono::milliseconds)
  preview "\e7\e[38;40H\e[48;2;31;67;77m\e[38;2;203;213;225m4\e[38;42H9\e[38;73H\e[48;2;46;48;46m39\e8"
Stack trace (most recent call first):
#0  0x00005d1d4f374d47 in write_stdout_all at /home/mbrock/nxtui/build/../src-ng/nxt/rt/ui_runtime.hpp:40:23
#1  0x00005d1d4f4138da in std::__n4861::coroutine_handle<void>::resume() const at /usr/include/c++/15/coroutine:142:50
#2  0x00005d1d4f419574 in nxt::rt::deck::ready_item::resume_if_ready(nxt::rt::deck&) const at /home/mbrock/nxtui/build/../src-ng/nxt/rt/task.hpp:1901:18
#3  0x00005d1d4f415a82 in nxt::rt::deck::run_ready_with() at /home/mbrock/nxtui/build/../src-ng/nxt/rt/deck.hpp:200:33
#4  0x00005d1d4f4157d6 in nxt::rt::deck::run_ready() at /home/mbrock/nxtui/build/../src-ng/nxt/rt/deck.hpp:130:23
#5  0x00005d1d4f4abf2e in void nxt::rt::uring_wand::run_until_done<int>(nxt::rt::deck&, nxt::rt::task<int>&) at /home/mbrock/nxtui/build/../src-ng/nxt/rt/uring_wand.hpp:173:28
#6  0x00005d1d4f47fc31 in int nxt::rt::runtime::run<int>(nxt::rt::task<int>) at /home/mbrock/nxtui/build/../src-ng/nxt/rt/app.hpp:141:29
#7  0x00005d1d4f3873ee in main at /home/mbrock/nxtui/build/../src-ng/nxtai/nxtllm.cpp:1272:18
#8  0x000070ce23e2a600 in __libc_start_call_main at ./csu/../sysdeps/nptl/libc_start_call_main.h:59:16
#9  0x000070ce23e2a717 in __libc_start_main_impl at ./csu/../csu/libc-start.c:360:3
#10 0x00005d1d4f364f24 in _start at /home/mbrock/nxtui/build/nxtllm

stdout write #87 bytes 119
  at ../src-ng/nxt/rt/ui_runtime.hpp:434 in nxt::rt::task<void> nxt::rt::ui_runtime::terminal_owner_loop(std::chrono::milliseconds)
  preview "\e7\e[38;25H\e[48;2;31;66;77m\e[38;2;203;213;225m               4.8K/s\xe2\x86\x93\e[38;56H\e[48;2;46;47;46m                727/s\xe2\x86\x91\e8"
Stack trace (most recent call first):
#0  0x00005d1d4f374d47 in write_stdout_all at /home/mbrock/nxtui/build/../src-ng/nxt/rt/ui_runtime.hpp:40:23
#1  0x00005d1d4f4138da in std::__n4861::coroutine_handle<void>::resume() const at /usr/include/c++/15/coroutine:142:50
#2  0x00005d1d4f419574 in nxt::rt::deck::ready_item::resume_if_ready(nxt::rt::deck&) const at /home/mbrock/nxtui/build/../src-ng/nxt/rt/task.hpp:1901:18
#3  0x00005d1d4f415a82 in nxt::rt::deck::run_ready_with() at /home/mbrock/nxtui/build/../src-ng/nxt/rt/deck.hpp:200:33
#4  0x00005d1d4f4157d6 in nxt::rt::deck::run_ready() at /home/mbrock/nxtui/build/../src-ng/nxt/rt/deck.hpp:130:23
#5  0x00005d1d4f4abf2e in void nxt::rt::uring_wand::run_until_done<int>(nxt::rt::deck&, nxt::rt::task<int>&) at /home/mbrock/nxtui/build/../src-ng/nxt/rt/uring_wand.hpp:173:28
#6  0x00005d1d4f47fc31 in int nxt::rt::runtime::run<int>(nxt::rt::task<int>) at /home/mbrock/nxtui/build/../src-ng/nxt/rt/app.hpp:141:29
#7  0x00005d1d4f3873ee in main at /home/mbrock/nxtui/build/../src-ng/nxtai/nxtllm.cpp:1272:18
#8  0x000070ce23e2a600 in __libc_start_call_main at ./csu/../sysdeps/nptl/libc_start_call_main.h:59:16
#9  0x000070ce23e2a717 in __libc_start_main_impl at ./csu/../csu/libc-start.c:360:3
#10 0x00005d1d4f364f24 in _start at /home/mbrock/nxtui/build/nxtllm

stdout write #88 bytes 97
  at ../src-ng/nxt/rt/ui_runtime.hpp:434 in nxt::rt::task<void> nxt::rt::ui_runtime::terminal_owner_loop(std::chrono::milliseconds)
  preview "\e7\e[38;25H\e[48;2;31;66;76m\e[38;2;203;213;225m               4.7K/s\xe2\x86\x93\e[38;73H\e[48;2;46;47;46m16\e8"
Stack trace (most recent call first):
#0  0x00005d1d4f374d47 in write_stdout_all at /home/mbrock/nxtui/build/../src-ng/nxt/rt/ui_runtime.hpp:40:23
#1  0x00005d1d4f4138da in std::__n4861::coroutine_handle<void>::resume() const at /usr/include/c++/15/coroutine:142:50
#2  0x00005d1d4f419574 in nxt::rt::deck::ready_item::resume_if_ready(nxt::rt::deck&) const at /home/mbrock/nxtui/build/../src-ng/nxt/rt/task.hpp:1901:18
#3  0x00005d1d4f415a82 in nxt::rt::deck::run_ready_with() at /home/mbrock/nxtui/build/../src-ng/nxt/rt/deck.hpp:200:33
#4  0x00005d1d4f4157d6 in nxt::rt::deck::run_ready() at /home/mbrock/nxtui/build/../src-ng/nxt/rt/deck.hpp:130:23
#5  0x00005d1d4f4abf2e in void nxt::rt::uring_wand::run_until_done<int>(nxt::rt::deck&, nxt::rt::task<int>&) at /home/mbrock/nxtui/build/../src-ng/nxt/rt/uring_wand.hpp:173:28
#6  0x00005d1d4f47fc31 in int nxt::rt::runtime::run<int>(nxt::rt::task<int>) at /home/mbrock/nxtui/build/../src-ng/nxt/rt/app.hpp:141:29
#7  0x00005d1d4f3873ee in main at /home/mbrock/nxtui/build/../src-ng/nxtai/nxtllm.cpp:1272:18
#8  0x000070ce23e2a600 in __libc_start_call_main at ./csu/../sysdeps/nptl/libc_start_call_main.h:59:16
#9  0x000070ce23e2a717 in __libc_start_main_impl at ./csu/../csu/libc-start.c:360:3
#10 0x00005d1d4f364f24 in _start at /home/mbrock/nxtui/build/nxtllm

stdout write #89 bytes 49
  at ../src-ng/nxt/rt/ui_runtime.hpp:434 in nxt::rt::task<void> nxt::rt::ui_runtime::terminal_owner_loop(std::chrono::milliseconds)
  preview "\e7\e[38;73H\e[48;2;46;47;46m\e[38;2;203;213;225m04\e8"
Stack trace (most recent call first):
#0  0x00005d1d4f374d47 in write_stdout_all at /home/mbrock/nxtui/build/../src-ng/nxt/rt/ui_runtime.hpp:40:23
#1  0x00005d1d4f4138da in std::__n4861::coroutine_handle<void>::resume() const at /usr/include/c++/15/coroutine:142:50
#2  0x00005d1d4f419574 in nxt::rt::deck::ready_item::resume_if_ready(nxt::rt::deck&) const at /home/mbrock/nxtui/build/../src-ng/nxt/rt/task.hpp:1901:18
#3  0x00005d1d4f415a82 in nxt::rt::deck::run_ready_with() at /home/mbrock/nxtui/build/../src-ng/nxt/rt/deck.hpp:200:33
#4  0x00005d1d4f4157d6 in nxt::rt::deck::run_ready() at /home/mbrock/nxtui/build/../src-ng/nxt/rt/deck.hpp:130:23
#5  0x00005d1d4f4abf2e in void nxt::rt::uring_wand::run_until_done<int>(nxt::rt::deck&, nxt::rt::task<int>&) at /home/mbrock/nxtui/build/../src-ng/nxt/rt/uring_wand.hpp:173:28
#6  0x00005d1d4f47fc31 in int nxt::rt::runtime::run<int>(nxt::rt::task<int>) at /home/mbrock/nxtui/build/../src-ng/nxt/rt/app.hpp:141:29
#7  0x00005d1d4f3873ee in main at /home/mbrock/nxtui/build/../src-ng/nxtai/nxtllm.cpp:1272:18
#8  0x000070ce23e2a600 in __libc_start_call_main at ./csu/../sysdeps/nptl/libc_start_call_main.h:59:16
#9  0x000070ce23e2a717 in __libc_start_main_impl at ./csu/../csu/libc-start.c:360:3
#10 0x00005d1d4f364f24 in _start at /home/mbrock/nxtui/build/nxtllm

stdout write #90 bytes 98
  at ../src-ng/nxt/rt/ui_runtime.hpp:434 in nxt::rt::task<void> nxt::rt::ui_runtime::terminal_owner_loop(std::chrono::milliseconds)
  preview "\e7\e[38;25H\e[48;2;31;65;76m\e[38;2;203;213;225m               4.6K/s\xe2\x86\x93\e[38;72H\e[48;2;46;47;46m693\e8"
Stack trace (most recent call first):
#0  0x00005d1d4f374d47 in write_stdout_all at /home/mbrock/nxtui/build/../src-ng/nxt/rt/ui_runtime.hpp:40:23
#1  0x00005d1d4f4138da in std::__n4861::coroutine_handle<void>::resume() const at /usr/include/c++/15/coroutine:142:50
#2  0x00005d1d4f419574 in nxt::rt::deck::ready_item::resume_if_ready(nxt::rt::deck&) const at /home/mbrock/nxtui/build/../src-ng/nxt/rt/task.hpp:1901:18
#3  0x00005d1d4f415a82 in nxt::rt::deck::run_ready_with() at /home/mbrock/nxtui/build/../src-ng/nxt/rt/deck.hpp:200:33
#4  0x00005d1d4f4157d6 in nxt::rt::deck::run_ready() at /home/mbrock/nxtui/build/../src-ng/nxt/rt/deck.hpp:130:23
#5  0x00005d1d4f4abf2e in void nxt::rt::uring_wand::run_until_done<int>(nxt::rt::deck&, nxt::rt::task<int>&) at /home/mbrock/nxtui/build/../src-ng/nxt/rt/uring_wand.hpp:173:28
#6  0x00005d1d4f47fc31 in int nxt::rt::runtime::run<int>(nxt::rt::task<int>) at /home/mbrock/nxtui/build/../src-ng/nxt/rt/app.hpp:141:29
#7  0x00005d1d4f3873ee in main at /home/mbrock/nxtui/build/../src-ng/nxtai/nxtllm.cpp:1272:18
#8  0x000070ce23e2a600 in __libc_start_call_main at ./csu/../sysdeps/nptl/libc_start_call_main.h:59:16
#9  0x000070ce23e2a717 in __libc_start_main_impl at ./csu/../csu/libc-start.c:360:3
#10 0x00005d1d4f364f24 in _start at /home/mbrock/nxtui/build/nxtllm

stdout write #91 bytes 97
  at ../src-ng/nxt/rt/ui_runtime.hpp:434 in nxt::rt::task<void> nxt::rt::ui_runtime::terminal_owner_loop(std::chrono::milliseconds)
  preview "\e7\e[38;25H\e[48;2;30;65;76m\e[38;2;203;213;225m               4.5K/s\xe2\x86\x93\e[38;73H\e[48;2;46;47;46m82\e8"
Stack trace (most recent call first):
#0  0x00005d1d4f374d47 in write_stdout_all at /home/mbrock/nxtui/build/../src-ng/nxt/rt/ui_runtime.hpp:40:23
#1  0x00005d1d4f4138da in std::__n4861::coroutine_handle<void>::resume() const at /usr/include/c++/15/coroutine:142:50
#2  0x00005d1d4f419574 in nxt::rt::deck::ready_item::resume_if_ready(nxt::rt::deck&) const at /home/mbrock/nxtui/build/../src-ng/nxt/rt/task.hpp:1901:18
#3  0x00005d1d4f415a82 in nxt::rt::deck::run_ready_with() at /home/mbrock/nxtui/build/../src-ng/nxt/rt/deck.hpp:200:33
#4  0x00005d1d4f4157d6 in nxt::rt::deck::run_ready() at /home/mbrock/nxtui/build/../src-ng/nxt/rt/deck.hpp:130:23
#5  0x00005d1d4f4abf2e in void nxt::rt::uring_wand::run_until_done<int>(nxt::rt::deck&, nxt::rt::task<int>&) at /home/mbrock/nxtui/build/../src-ng/nxt/rt/uring_wand.hpp:173:28
#6  0x00005d1d4f47fc31 in int nxt::rt::runtime::run<int>(nxt::rt::task<int>) at /home/mbrock/nxtui/build/../src-ng/nxt/rt/app.hpp:141:29
#7  0x00005d1d4f3873ee in main at /home/mbrock/nxtui/build/../src-ng/nxtai/nxtllm.cpp:1272:18
#8  0x000070ce23e2a600 in __libc_start_call_main at ./csu/../sysdeps/nptl/libc_start_call_main.h:59:16
#9  0x000070ce23e2a717 in __libc_start_main_impl at ./csu/../csu/libc-start.c:360:3
#10 0x00005d1d4f364f24 in _start at /home/mbrock/nxtui/build/nxtllm

stdout write #92 bytes 74
  at ../src-ng/nxt/rt/ui_runtime.hpp:434 in nxt::rt::task<void> nxt::rt::ui_runtime::terminal_owner_loop(std::chrono::milliseconds)
  preview "\e7\e[38;42H\e[48;2;30;65;76m\e[38;2;203;213;225m4\e[38;73H\e[48;2;46;47;46m71\e8"
Stack trace (most recent call first):
#0  0x00005d1d4f374d47 in write_stdout_all at /home/mbrock/nxtui/build/../src-ng/nxt/rt/ui_runtime.hpp:40:23
#1  0x00005d1d4f4138da in std::__n4861::coroutine_handle<void>::resume() const at /usr/include/c++/15/coroutine:142:50
#2  0x00005d1d4f419574 in nxt::rt::deck::ready_item::resume_if_ready(nxt::rt::deck&) const at /home/mbrock/nxtui/build/../src-ng/nxt/rt/task.hpp:1901:18
#3  0x00005d1d4f415a82 in nxt::rt::deck::run_ready_with() at /home/mbrock/nxtui/build/../src-ng/nxt/rt/deck.hpp:200:33
#4  0x00005d1d4f4157d6 in nxt::rt::deck::run_ready() at /home/mbrock/nxtui/build/../src-ng/nxt/rt/deck.hpp:130:23
#5  0x00005d1d4f4abf2e in void nxt::rt::uring_wand::run_until_done<int>(nxt::rt::deck&, nxt::rt::task<int>&) at /home/mbrock/nxtui/build/../src-ng/nxt/rt/uring_wand.hpp:173:28
#6  0x00005d1d4f47fc31 in int nxt::rt::runtime::run<int>(nxt::rt::task<int>) at /home/mbrock/nxtui/build/../src-ng/nxt/rt/app.hpp:141:29
#7  0x00005d1d4f3873ee in main at /home/mbrock/nxtui/build/../src-ng/nxtai/nxtllm.cpp:1272:18
#8  0x000070ce23e2a600 in __libc_start_call_main at ./csu/../sysdeps/nptl/libc_start_call_main.h:59:16
#9  0x000070ce23e2a717 in __libc_start_main_impl at ./csu/../csu/libc-start.c:360:3
#10 0x00005d1d4f364f24 in _start at /home/mbrock/nxtui/build/nxtllm

stdout write #93 bytes 96
  at ../src-ng/nxt/rt/ui_runtime.hpp:434 in nxt::rt::task<void> nxt::rt::ui_runtime::terminal_owner_loop(std::chrono::milliseconds)
  preview "\e7\e[38;25H\e[48;2;30;65;75m\e[38;2;203;213;225m               4.4K/s\xe2\x86\x93\e[38;73H\e[48;2;46;47;46m6\e8"
Stack trace (most recent call first):
#0  0x00005d1d4f374d47 in write_stdout_all at /home/mbrock/nxtui/build/../src-ng/nxt/rt/ui_runtime.hpp:40:23
#1  0x00005d1d4f4138da in std::__n4861::coroutine_handle<void>::resume() const at /usr/include/c++/15/coroutine:142:50
#2  0x00005d1d4f419574 in nxt::rt::deck::ready_item::resume_if_ready(nxt::rt::deck&) const at /home/mbrock/nxtui/build/../src-ng/nxt/rt/task.hpp:1901:18
#3  0x00005d1d4f415a82 in nxt::rt::deck::run_ready_with() at /home/mbrock/nxtui/build/../src-ng/nxt/rt/deck.hpp:200:33
#4  0x00005d1d4f4157d6 in nxt::rt::deck::run_ready() at /home/mbrock/nxtui/build/../src-ng/nxt/rt/deck.hpp:130:23
#5  0x00005d1d4f4abf2e in void nxt::rt::uring_wand::run_until_done<int>(nxt::rt::deck&, nxt::rt::task<int>&) at /home/mbrock/nxtui/build/../src-ng/nxt/rt/uring_wand.hpp:173:28
#6  0x00005d1d4f47fc31 in int nxt::rt::runtime::run<int>(nxt::rt::task<int>) at /home/mbrock/nxtui/build/../src-ng/nxt/rt/app.hpp:141:29
#7  0x00005d1d4f3873ee in main at /home/mbrock/nxtui/build/../src-ng/nxtai/nxtllm.cpp:1272:18
#8  0x000070ce23e2a600 in __libc_start_call_main at ./csu/../sysdeps/nptl/libc_start_call_main.h:59:16
#9  0x000070ce23e2a717 in __libc_start_main_impl at ./csu/../csu/libc-start.c:360:3
#10 0x00005d1d4f364f24 in _start at /home/mbrock/nxtui/build/nxtllm

stdout write #94 bytes 97
  at ../src-ng/nxt/rt/ui_runtime.hpp:434 in nxt::rt::task<void> nxt::rt::ui_runtime::terminal_owner_loop(std::chrono::milliseconds)
  preview "\e7\e[38;25H\e[48;2;30;64;75m\e[38;2;203;213;225m               4.3K/s\xe2\x86\x93\e[38;73H\e[48;2;46;47;46m50\e8"
Stack trace (most recent call first):
#0  0x00005d1d4f374d47 in write_stdout_all at /home/mbrock/nxtui/build/../src-ng/nxt/rt/ui_runtime.hpp:40:23
#1  0x00005d1d4f4138da in std::__n4861::coroutine_handle<void>::resume() const at /usr/include/c++/15/coroutine:142:50
#2  0x00005d1d4f419574 in nxt::rt::deck::ready_item::resume_if_ready(nxt::rt::deck&) const at /home/mbrock/nxtui/build/../src-ng/nxt/rt/task.hpp:1901:18
#3  0x00005d1d4f415a82 in nxt::rt::deck::run_ready_with() at /home/mbrock/nxtui/build/../src-ng/nxt/rt/deck.hpp:200:33
#4  0x00005d1d4f4157d6 in nxt::rt::deck::run_ready() at /home/mbrock/nxtui/build/../src-ng/nxt/rt/deck.hpp:130:23
#5  0x00005d1d4f4abf2e in void nxt::rt::uring_wand::run_until_done<int>(nxt::rt::deck&, nxt::rt::task<int>&) at /home/mbrock/nxtui/build/../src-ng/nxt/rt/uring_wand.hpp:173:28
#6  0x00005d1d4f47fc31 in int nxt::rt::runtime::run<int>(nxt::rt::task<int>) at /home/mbrock/nxtui/build/../src-ng/nxt/rt/app.hpp:141:29
#7  0x00005d1d4f3873ee in main at /home/mbrock/nxtui/build/../src-ng/nxtai/nxtllm.cpp:1272:18
#8  0x000070ce23e2a600 in __libc_start_call_main at ./csu/../sysdeps/nptl/libc_start_call_main.h:59:16
#9  0x000070ce23e2a717 in __libc_start_main_impl at ./csu/../csu/libc-start.c:360:3
#10 0x00005d1d4f364f24 in _start at /home/mbrock/nxtui/build/nxtllm

stdout write #95 bytes 73
  at ../src-ng/nxt/rt/ui_runtime.hpp:434 in nxt::rt::task<void> nxt::rt::ui_runtime::terminal_owner_loop(std::chrono::milliseconds)
  preview "\e7\e[38;42H\e[48;2;30;64;75m\e[38;2;203;213;225m2\e[38;73H\e[48;2;46;47;46m4\e8"
Stack trace (most recent call first):
#0  0x00005d1d4f374d47 in write_stdout_all at /home/mbrock/nxtui/build/../src-ng/nxt/rt/ui_runtime.hpp:40:23
#1  0x00005d1d4f4138da in std::__n4861::coroutine_handle<void>::resume() const at /usr/include/c++/15/coroutine:142:50
#2  0x00005d1d4f419574 in nxt::rt::deck::ready_item::resume_if_ready(nxt::rt::deck&) const at /home/mbrock/nxtui/build/../src-ng/nxt/rt/task.hpp:1901:18
#3  0x00005d1d4f415a82 in nxt::rt::deck::run_ready_with() at /home/mbrock/nxtui/build/../src-ng/nxt/rt/deck.hpp:200:33
#4  0x00005d1d4f4157d6 in nxt::rt::deck::run_ready() at /home/mbrock/nxtui/build/../src-ng/nxt/rt/deck.hpp:130:23
#5  0x00005d1d4f4abf2e in void nxt::rt::uring_wand::run_until_done<int>(nxt::rt::deck&, nxt::rt::task<int>&) at /home/mbrock/nxtui/build/../src-ng/nxt/rt/uring_wand.hpp:173:28
#6  0x00005d1d4f47fc31 in int nxt::rt::runtime::run<int>(nxt::rt::task<int>) at /home/mbrock/nxtui/build/../src-ng/nxt/rt/app.hpp:141:29
#7  0x00005d1d4f3873ee in main at /home/mbrock/nxtui/build/../src-ng/nxtai/nxtllm.cpp:1272:18
#8  0x000070ce23e2a600 in __libc_start_call_main at ./csu/../sysdeps/nptl/libc_start_call_main.h:59:16
#9  0x000070ce23e2a717 in __libc_start_main_impl at ./csu/../csu/libc-start.c:360:3
#10 0x00005d1d4f364f24 in _start at /home/mbrock/nxtui/build/nxtllm

stdout write #96 bytes 49
  at ../src-ng/nxt/rt/ui_runtime.hpp:434 in nxt::rt::task<void> nxt::rt::ui_runtime::terminal_owner_loop(std::chrono::milliseconds)
  preview "\e7\e[38;73H\e[48;2;46;47;46m\e[38;2;203;213;225m29\e8"
Stack trace (most recent call first):
#0  0x00005d1d4f374d47 in write_stdout_all at /home/mbrock/nxtui/build/../src-ng/nxt/rt/ui_runtime.hpp:40:23
#1  0x00005d1d4f4138da in std::__n4861::coroutine_handle<void>::resume() const at /usr/include/c++/15/coroutine:142:50
#2  0x00005d1d4f419574 in nxt::rt::deck::ready_item::resume_if_ready(nxt::rt::deck&) const at /home/mbrock/nxtui/build/../src-ng/nxt/rt/task.hpp:1901:18
#3  0x00005d1d4f415a82 in nxt::rt::deck::run_ready_with() at /home/mbrock/nxtui/build/../src-ng/nxt/rt/deck.hpp:200:33
#4  0x00005d1d4f4157d6 in nxt::rt::deck::run_ready() at /home/mbrock/nxtui/build/../src-ng/nxt/rt/deck.hpp:130:23
#5  0x00005d1d4f4abf2e in void nxt::rt::uring_wand::run_until_done<int>(nxt::rt::deck&, nxt::rt::task<int>&) at /home/mbrock/nxtui/build/../src-ng/nxt/rt/uring_wand.hpp:173:28
#6  0x00005d1d4f47fc31 in int nxt::rt::runtime::run<int>(nxt::rt::task<int>) at /home/mbrock/nxtui/build/../src-ng/nxt/rt/app.hpp:141:29
#7  0x00005d1d4f3873ee in main at /home/mbrock/nxtui/build/../src-ng/nxtai/nxtllm.cpp:1272:18
#8  0x000070ce23e2a600 in __libc_start_call_main at ./csu/../sysdeps/nptl/libc_start_call_main.h:59:16
#9  0x000070ce23e2a717 in __libc_start_main_impl at ./csu/../csu/libc-start.c:360:3
#10 0x00005d1d4f364f24 in _start at /home/mbrock/nxtui/build/nxtllm

stdout write #97 bytes 96
  at ../src-ng/nxt/rt/ui_runtime.hpp:434 in nxt::rt::task<void> nxt::rt::ui_runtime::terminal_owner_loop(std::chrono::milliseconds)
  preview "\e7\e[38;25H\e[48;2;30;63;75m\e[38;2;203;213;225m               4.1K/s\xe2\x86\x93\e[38;73H\e[48;2;46;47;46m1\e8"
Stack trace (most recent call first):
#0  0x00005d1d4f374d47 in write_stdout_all at /home/mbrock/nxtui/build/../src-ng/nxt/rt/ui_runtime.hpp:40:23
#1  0x00005d1d4f4138da in std::__n4861::coroutine_handle<void>::resume() const at /usr/include/c++/15/coroutine:142:50
#2  0x00005d1d4f419574 in nxt::rt::deck::ready_item::resume_if_ready(nxt::rt::deck&) const at /home/mbrock/nxtui/build/../src-ng/nxt/rt/task.hpp:1901:18
#3  0x00005d1d4f415a82 in nxt::rt::deck::run_ready_with() at /home/mbrock/nxtui/build/../src-ng/nxt/rt/deck.hpp:200:33
#4  0x00005d1d4f4157d6 in nxt::rt::deck::run_ready() at /home/mbrock/nxtui/build/../src-ng/nxt/rt/deck.hpp:130:23
#5  0x00005d1d4f4abf2e in void nxt::rt::uring_wand::run_until_done<int>(nxt::rt::deck&, nxt::rt::task<int>&) at /home/mbrock/nxtui/build/../src-ng/nxt/rt/uring_wand.hpp:173:28
#6  0x00005d1d4f47fc31 in int nxt::rt::runtime::run<int>(nxt::rt::task<int>) at /home/mbrock/nxtui/build/../src-ng/nxt/rt/app.hpp:141:29
#7  0x00005d1d4f3873ee in main at /home/mbrock/nxtui/build/../src-ng/nxtai/nxtllm.cpp:1272:18
#8  0x000070ce23e2a600 in __libc_start_call_main at ./csu/../sysdeps/nptl/libc_start_call_main.h:59:16
#9  0x000070ce23e2a717 in __libc_start_main_impl at ./csu/../csu/libc-start.c:360:3
#10 0x00005d1d4f364f24 in _start at /home/mbrock/nxtui/build/nxtllm

stdout write #98 bytes 119
  at ../src-ng/nxt/rt/ui_runtime.hpp:434 in nxt::rt::task<void> nxt::rt::ui_runtime::terminal_owner_loop(std::chrono::milliseconds)
  preview "\e7\e[38;25H\e[48;2;30;63;74m\e[38;2;203;213;225m               4.0K/s\xe2\x86\x93\e[38;56H\e[48;2;45;47;46m                610/s\xe2\x86\x91\e8"
Stack trace (most recent call first):
#0  0x00005d1d4f374d47 in write_stdout_all at /home/mbrock/nxtui/build/../src-ng/nxt/rt/ui_runtime.hpp:40:23
#1  0x00005d1d4f4138da in std::__n4861::coroutine_handle<void>::resume() const at /usr/include/c++/15/coroutine:142:50
#2  0x00005d1d4f419574 in nxt::rt::deck::ready_item::resume_if_ready(nxt::rt::deck&) const at /home/mbrock/nxtui/build/../src-ng/nxt/rt/task.hpp:1901:18
#3  0x00005d1d4f415a82 in nxt::rt::deck::run_ready_with() at /home/mbrock/nxtui/build/../src-ng/nxt/rt/deck.hpp:200:33
#4  0x00005d1d4f4157d6 in nxt::rt::deck::run_ready() at /home/mbrock/nxtui/build/../src-ng/nxt/rt/deck.hpp:130:23
#5  0x00005d1d4f4abf2e in void nxt::rt::uring_wand::run_until_done<int>(nxt::rt::deck&, nxt::rt::task<int>&) at /home/mbrock/nxtui/build/../src-ng/nxt/rt/uring_wand.hpp:173:28
#6  0x00005d1d4f47fc31 in int nxt::rt::runtime::run<int>(nxt::rt::task<int>) at /home/mbrock/nxtui/build/../src-ng/nxt/rt/app.hpp:141:29
#7  0x00005d1d4f3873ee in main at /home/mbrock/nxtui/build/../src-ng/nxtai/nxtllm.cpp:1272:18
#8  0x000070ce23e2a600 in __libc_start_call_main at ./csu/../sysdeps/nptl/libc_start_call_main.h:59:16
#9  0x000070ce23e2a717 in __libc_start_main_impl at ./csu/../csu/libc-start.c:360:3
#10 0x00005d1d4f364f24 in _start at /home/mbrock/nxtui/build/nxtllm

stdout write #99 bytes 48
  at ../src-ng/nxt/rt/ui_runtime.hpp:434 in nxt::rt::task<void> nxt::rt::ui_runtime::terminal_owner_loop(std::chrono::milliseconds)
  preview "\e7\e[38;73H\e[48;2;45;47;46m\e[38;2;203;213;225m0\e8"
Stack trace (most recent call first):
#0  0x00005d1d4f374d47 in write_stdout_all at /home/mbrock/nxtui/build/../src-ng/nxt/rt/ui_runtime.hpp:40:23
#1  0x00005d1d4f4138da in std::__n4861::coroutine_handle<void>::resume() const at /usr/include/c++/15/coroutine:142:50
#2  0x00005d1d4f419574 in nxt::rt::deck::ready_item::resume_if_ready(nxt::rt::deck&) const at /home/mbrock/nxtui/build/../src-ng/nxt/rt/task.hpp:1901:18
#3  0x00005d1d4f415a82 in nxt::rt::deck::run_ready_with() at /home/mbrock/nxtui/build/../src-ng/nxt/rt/deck.hpp:200:33
#4  0x00005d1d4f4157d6 in nxt::rt::deck::run_ready() at /home/mbrock/nxtui/build/../src-ng/nxt/rt/deck.hpp:130:23
#5  0x00005d1d4f4abf2e in void nxt::rt::uring_wand::run_until_done<int>(nxt::rt::deck&, nxt::rt::task<int>&) at /home/mbrock/nxtui/build/../src-ng/nxt/rt/uring_wand.hpp:173:28
#6  0x00005d1d4f47fc31 in int nxt::rt::runtime::run<int>(nxt::rt::task<int>) at /home/mbrock/nxtui/build/../src-ng/nxt/rt/app.hpp:141:29
#7  0x00005d1d4f3873ee in main at /home/mbrock/nxtui/build/../src-ng/nxtai/nxtllm.cpp:1272:18
#8  0x000070ce23e2a600 in __libc_start_call_main at ./csu/../sysdeps/nptl/libc_start_call_main.h:59:16
#9  0x000070ce23e2a717 in __libc_start_main_impl at ./csu/../csu/libc-start.c:360:3
#10 0x00005d1d4f364f24 in _start at /home/mbrock/nxtui/build/nxtllm

stdout write #100 bytes 83
  at ../src-ng/nxt/rt/ui_runtime.hpp:434 in nxt::rt::task<void> nxt::rt::ui_runtime::terminal_owner_loop(std::chrono::milliseconds)
  preview "\e7\e[38;40H\e[48;2;30;63;74m\e[38;2;203;213;225m3\e[38;42H9\e[38;72H\e[48;2;45;47;46m59\e8"
Stack trace (most recent call first):
#0  0x00005d1d4f374d47 in write_stdout_all at /home/mbrock/nxtui/build/../src-ng/nxt/rt/ui_runtime.hpp:40:23
#1  0x00005d1d4f4138da in std::__n4861::coroutine_handle<void>::resume() const at /usr/include/c++/15/coroutine:142:50
#2  0x00005d1d4f419574 in nxt::rt::deck::ready_item::resume_if_ready(nxt::rt::deck&) const at /home/mbrock/nxtui/build/../src-ng/nxt/rt/task.hpp:1901:18
#3  0x00005d1d4f415a82 in nxt::rt::deck::run_ready_with() at /home/mbrock/nxtui/build/../src-ng/nxt/rt/deck.hpp:200:33
#4  0x00005d1d4f4157d6 in nxt::rt::deck::run_ready() at /home/mbrock/nxtui/build/../src-ng/nxt/rt/deck.hpp:130:23
#5  0x00005d1d4f4abf2e in void nxt::rt::uring_wand::run_until_done<int>(nxt::rt::deck&, nxt::rt::task<int>&) at /home/mbrock/nxtui/build/../src-ng/nxt/rt/uring_wand.hpp:173:28
#6  0x00005d1d4f47fc31 in int nxt::rt::runtime::run<int>(nxt::rt::task<int>) at /home/mbrock/nxtui/build/../src-ng/nxt/rt/app.hpp:141:29
#7  0x00005d1d4f3873ee in main at /home/mbrock/nxtui/build/../src-ng/nxtai/nxtllm.cpp:1272:18
#8  0x000070ce23e2a600 in __libc_start_call_main at ./csu/../sysdeps/nptl/libc_start_call_main.h:59:16
#9  0x000070ce23e2a717 in __libc_start_main_impl at ./csu/../csu/libc-start.c:360:3
#10 0x00005d1d4f364f24 in _start at /home/mbrock/nxtui/build/nxtllm

stdout write #101 bytes 97
  at ../src-ng/nxt/rt/ui_runtime.hpp:434 in nxt::rt::task<void> nxt::rt::ui_runtime::terminal_owner_loop(std::chrono::milliseconds)
  preview "\e7\e[38;25H\e[48;2;29;63;74m\e[38;2;203;213;225m               3.8K/s\xe2\x86\x93\e[38;73H\e[48;2;45;47;46m81\e8"
Stack trace (most recent call first):
#0  0x00005d1d4f374d47 in write_stdout_all at /home/mbrock/nxtui/build/../src-ng/nxt/rt/ui_runtime.hpp:40:23
#1  0x00005d1d4f4138da in std::__n4861::coroutine_handle<void>::resume() const at /usr/include/c++/15/coroutine:142:50
#2  0x00005d1d4f419574 in nxt::rt::deck::ready_item::resume_if_ready(nxt::rt::deck&) const at /home/mbrock/nxtui/build/../src-ng/nxt/rt/task.hpp:1901:18
#3  0x00005d1d4f415a82 in nxt::rt::deck::run_ready_with() at /home/mbrock/nxtui/build/../src-ng/nxt/rt/deck.hpp:200:33
#4  0x00005d1d4f4157d6 in nxt::rt::deck::run_ready() at /home/mbrock/nxtui/build/../src-ng/nxt/rt/deck.hpp:130:23
#5  0x00005d1d4f4abf2e in void nxt::rt::uring_wand::run_until_done<int>(nxt::rt::deck&, nxt::rt::task<int>&) at /home/mbrock/nxtui/build/../src-ng/nxt/rt/uring_wand.hpp:173:28
#6  0x00005d1d4f47fc31 in int nxt::rt::runtime::run<int>(nxt::rt::task<int>) at /home/mbrock/nxtui/build/../src-ng/nxt/rt/app.hpp:141:29
#7  0x00005d1d4f3873ee in main at /home/mbrock/nxtui/build/../src-ng/nxtai/nxtllm.cpp:1272:18
#8  0x000070ce23e2a600 in __libc_start_call_main at ./csu/../sysdeps/nptl/libc_start_call_main.h:59:16
#9  0x000070ce23e2a717 in __libc_start_main_impl at ./csu/../csu/libc-start.c:360:3
#10 0x00005d1d4f364f24 in _start at /home/mbrock/nxtui/build/nxtllm

stdout write #102 bytes 97
  at ../src-ng/nxt/rt/ui_runtime.hpp:434 in nxt::rt::task<void> nxt::rt::ui_runtime::terminal_owner_loop(std::chrono::milliseconds)
  preview "\e7\e[38;25H\e[48;2;29;62;74m\e[38;2;203;213;225m               3.8K/s\xe2\x86\x93\e[38;73H\e[48;2;45;47;46m72\e8"
Stack trace (most recent call first):
#0  0x00005d1d4f374d47 in write_stdout_all at /home/mbrock/nxtui/build/../src-ng/nxt/rt/ui_runtime.hpp:40:23
#1  0x00005d1d4f4138da in std::__n4861::coroutine_handle<void>::resume() const at /usr/include/c++/15/coroutine:142:50
#2  0x00005d1d4f419574 in nxt::rt::deck::ready_item::resume_if_ready(nxt::rt::deck&) const at /home/mbrock/nxtui/build/../src-ng/nxt/rt/task.hpp:1901:18
#3  0x00005d1d4f415a82 in nxt::rt::deck::run_ready_with() at /home/mbrock/nxtui/build/../src-ng/nxt/rt/deck.hpp:200:33
#4  0x00005d1d4f4157d6 in nxt::rt::deck::run_ready() at /home/mbrock/nxtui/build/../src-ng/nxt/rt/deck.hpp:130:23
#5  0x00005d1d4f4abf2e in void nxt::rt::uring_wand::run_until_done<int>(nxt::rt::deck&, nxt::rt::task<int>&) at /home/mbrock/nxtui/build/../src-ng/nxt/rt/uring_wand.hpp:173:28
#6  0x00005d1d4f47fc31 in int nxt::rt::runtime::run<int>(nxt::rt::task<int>) at /home/mbrock/nxtui/build/../src-ng/nxt/rt/app.hpp:141:29
#7  0x00005d1d4f3873ee in main at /home/mbrock/nxtui/build/../src-ng/nxtai/nxtllm.cpp:1272:18
#8  0x000070ce23e2a600 in __libc_start_call_main at ./csu/../sysdeps/nptl/libc_start_call_main.h:59:16
#9  0x000070ce23e2a717 in __libc_start_main_impl at ./csu/../csu/libc-start.c:360:3
#10 0x00005d1d4f364f24 in _start at /home/mbrock/nxtui/build/nxtllm

stdout write #103 bytes 97
  at ../src-ng/nxt/rt/ui_runtime.hpp:434 in nxt::rt::task<void> nxt::rt::ui_runtime::terminal_owner_loop(std::chrono::milliseconds)
  preview "\e7\e[38;25H\e[48;2;29;62;73m\e[38;2;203;213;225m               3.7K/s\xe2\x86\x93\e[38;73H\e[48;2;45;47;46m63\e8"
Stack trace (most recent call first):
#0  0x00005d1d4f374d47 in write_stdout_all at /home/mbrock/nxtui/build/../src-ng/nxt/rt/ui_runtime.hpp:40:23
#1  0x00005d1d4f4138da in std::__n4861::coroutine_handle<void>::resume() const at /usr/include/c++/15/coroutine:142:50
#2  0x00005d1d4f419574 in nxt::rt::deck::ready_item::resume_if_ready(nxt::rt::deck&) const at /home/mbrock/nxtui/build/../src-ng/nxt/rt/task.hpp:1901:18
#3  0x00005d1d4f415a82 in nxt::rt::deck::run_ready_with() at /home/mbrock/nxtui/build/../src-ng/nxt/rt/deck.hpp:200:33
#4  0x00005d1d4f4157d6 in nxt::rt::deck::run_ready() at /home/mbrock/nxtui/build/../src-ng/nxt/rt/deck.hpp:130:23
#5  0x00005d1d4f4abf2e in void nxt::rt::uring_wand::run_until_done<int>(nxt::rt::deck&, nxt::rt::task<int>&) at /home/mbrock/nxtui/build/../src-ng/nxt/rt/uring_wand.hpp:173:28
#6  0x00005d1d4f47fc31 in int nxt::rt::runtime::run<int>(nxt::rt::task<int>) at /home/mbrock/nxtui/build/../src-ng/nxt/rt/app.hpp:141:29
#7  0x00005d1d4f3873ee in main at /home/mbrock/nxtui/build/../src-ng/nxtai/nxtllm.cpp:1272:18
#8  0x000070ce23e2a600 in __libc_start_call_main at ./csu/../sysdeps/nptl/libc_start_call_main.h:59:16
#9  0x000070ce23e2a717 in __libc_start_main_impl at ./csu/../csu/libc-start.c:360:3
#10 0x00005d1d4f364f24 in _start at /home/mbrock/nxtui/build/nxtllm

stdout write #104 bytes 49
  at ../src-ng/nxt/rt/ui_runtime.hpp:434 in nxt::rt::task<void> nxt::rt::ui_runtime::terminal_owner_loop(std::chrono::milliseconds)
  preview "\e7\e[38;73H\e[48;2;45;47;46m\e[38;2;203;213;225m54\e8"
Stack trace (most recent call first):
#0  0x00005d1d4f374d47 in write_stdout_all at /home/mbrock/nxtui/build/../src-ng/nxt/rt/ui_runtime.hpp:40:23
#1  0x00005d1d4f4138da in std::__n4861::coroutine_handle<void>::resume() const at /usr/include/c++/15/coroutine:142:50
#2  0x00005d1d4f419574 in nxt::rt::deck::ready_item::resume_if_ready(nxt::rt::deck&) const at /home/mbrock/nxtui/build/../src-ng/nxt/rt/task.hpp:1901:18
#3  0x00005d1d4f415a82 in nxt::rt::deck::run_ready_with() at /home/mbrock/nxtui/build/../src-ng/nxt/rt/deck.hpp:200:33
#4  0x00005d1d4f4157d6 in nxt::rt::deck::run_ready() at /home/mbrock/nxtui/build/../src-ng/nxt/rt/deck.hpp:130:23
#5  0x00005d1d4f4abf2e in void nxt::rt::uring_wand::run_until_done<int>(nxt::rt::deck&, nxt::rt::task<int>&) at /home/mbrock/nxtui/build/../src-ng/nxt/rt/uring_wand.hpp:173:28
#6  0x00005d1d4f47fc31 in int nxt::rt::runtime::run<int>(nxt::rt::task<int>) at /home/mbrock/nxtui/build/../src-ng/nxt/rt/app.hpp:141:29
#7  0x00005d1d4f3873ee in main at /home/mbrock/nxtui/build/../src-ng/nxtai/nxtllm.cpp:1272:18
#8  0x000070ce23e2a600 in __libc_start_call_main at ./csu/../sysdeps/nptl/libc_start_call_main.h:59:16
#9  0x000070ce23e2a717 in __libc_start_main_impl at ./csu/../csu/libc-start.c:360:3
#10 0x00005d1d4f364f24 in _start at /home/mbrock/nxtui/build/nxtllm

stdout write #105 bytes 74
  at ../src-ng/nxt/rt/ui_runtime.hpp:434 in nxt::rt::task<void> nxt::rt::ui_runtime::terminal_owner_loop(std::chrono::milliseconds)
  preview "\e7\e[38;42H\e[48;2;29;62;73m\e[38;2;203;213;225m6\e[38;73H\e[48;2;45;47;46m45\e8"
Stack trace (most recent call first):
#0  0x00005d1d4f374d47 in write_stdout_all at /home/mbrock/nxtui/build/../src-ng/nxt/rt/ui_runtime.hpp:40:23
#1  0x00005d1d4f4138da in std::__n4861::coroutine_handle<void>::resume() const at /usr/include/c++/15/coroutine:142:50
#2  0x00005d1d4f419574 in nxt::rt::deck::ready_item::resume_if_ready(nxt::rt::deck&) const at /home/mbrock/nxtui/build/../src-ng/nxt/rt/task.hpp:1901:18
#3  0x00005d1d4f415a82 in nxt::rt::deck::run_ready_with() at /home/mbrock/nxtui/build/../src-ng/nxt/rt/deck.hpp:200:33
#4  0x00005d1d4f4157d6 in nxt::rt::deck::run_ready() at /home/mbrock/nxtui/build/../src-ng/nxt/rt/deck.hpp:130:23
#5  0x00005d1d4f4abf2e in void nxt::rt::uring_wand::run_until_done<int>(nxt::rt::deck&, nxt::rt::task<int>&) at /home/mbrock/nxtui/build/../src-ng/nxt/rt/uring_wand.hpp:173:28
#6  0x00005d1d4f47fc31 in int nxt::rt::runtime::run<int>(nxt::rt::task<int>) at /home/mbrock/nxtui/build/../src-ng/nxt/rt/app.hpp:141:29
#7  0x00005d1d4f3873ee in main at /home/mbrock/nxtui/build/../src-ng/nxtai/nxtllm.cpp:1272:18
#8  0x000070ce23e2a600 in __libc_start_call_main at ./csu/../sysdeps/nptl/libc_start_call_main.h:59:16
#9  0x000070ce23e2a717 in __libc_start_main_impl at ./csu/../csu/libc-start.c:360:3
#10 0x00005d1d4f364f24 in _start at /home/mbrock/nxtui/build/nxtllm

stdout write #106 bytes 97
  at ../src-ng/nxt/rt/ui_runtime.hpp:434 in nxt::rt::task<void> nxt::rt::ui_runtime::terminal_owner_loop(std::chrono::milliseconds)
  preview "\e7\e[38;25H\e[48;2;29;61;73m\e[38;2;203;213;225m               3.5K/s\xe2\x86\x93\e[38;73H\e[48;2;45;47;46m36\e8"
Stack trace (most recent call first):
#0  0x00005d1d4f374d47 in write_stdout_all at /home/mbrock/nxtui/build/../src-ng/nxt/rt/ui_runtime.hpp:40:23
#1  0x00005d1d4f4138da in std::__n4861::coroutine_handle<void>::resume() const at /usr/include/c++/15/coroutine:142:50
#2  0x00005d1d4f419574 in nxt::rt::deck::ready_item::resume_if_ready(nxt::rt::deck&) const at /home/mbrock/nxtui/build/../src-ng/nxt/rt/task.hpp:1901:18
#3  0x00005d1d4f415a82 in nxt::rt::deck::run_ready_with() at /home/mbrock/nxtui/build/../src-ng/nxt/rt/deck.hpp:200:33
#4  0x00005d1d4f4157d6 in nxt::rt::deck::run_ready() at /home/mbrock/nxtui/build/../src-ng/nxt/rt/deck.hpp:130:23
#5  0x00005d1d4f4abf2e in void nxt::rt::uring_wand::run_until_done<int>(nxt::rt::deck&, nxt::rt::task<int>&) at /home/mbrock/nxtui/build/../src-ng/nxt/rt/uring_wand.hpp:173:28
#6  0x00005d1d4f47fc31 in int nxt::rt::runtime::run<int>(nxt::rt::task<int>) at /home/mbrock/nxtui/build/../src-ng/nxt/rt/app.hpp:141:29
#7  0x00005d1d4f3873ee in main at /home/mbrock/nxtui/build/../src-ng/nxtai/nxtllm.cpp:1272:18
#8  0x000070ce23e2a600 in __libc_start_call_main at ./csu/../sysdeps/nptl/libc_start_call_main.h:59:16
#9  0x000070ce23e2a717 in __libc_start_main_impl at ./csu/../csu/libc-start.c:360:3
#10 0x00005d1d4f364f24 in _start at /home/mbrock/nxtui/build/nxtllm

stdout write #107 bytes 49
  at ../src-ng/nxt/rt/ui_runtime.hpp:434 in nxt::rt::task<void> nxt::rt::ui_runtime::terminal_owner_loop(std::chrono::milliseconds)
  preview "\e7\e[38;73H\e[48;2;45;47;46m\e[38;2;203;213;225m28\e8"
Stack trace (most recent call first):
#0  0x00005d1d4f374d47 in write_stdout_all at /home/mbrock/nxtui/build/../src-ng/nxt/rt/ui_runtime.hpp:40:23
#1  0x00005d1d4f4138da in std::__n4861::coroutine_handle<void>::resume() const at /usr/include/c++/15/coroutine:142:50
#2  0x00005d1d4f419574 in nxt::rt::deck::ready_item::resume_if_ready(nxt::rt::deck&) const at /home/mbrock/nxtui/build/../src-ng/nxt/rt/task.hpp:1901:18
#3  0x00005d1d4f415a82 in nxt::rt::deck::run_ready_with() at /home/mbrock/nxtui/build/../src-ng/nxt/rt/deck.hpp:200:33
#4  0x00005d1d4f4157d6 in nxt::rt::deck::run_ready() at /home/mbrock/nxtui/build/../src-ng/nxt/rt/deck.hpp:130:23
#5  0x00005d1d4f4abf2e in void nxt::rt::uring_wand::run_until_done<int>(nxt::rt::deck&, nxt::rt::task<int>&) at /home/mbrock/nxtui/build/../src-ng/nxt/rt/uring_wand.hpp:173:28
#6  0x00005d1d4f47fc31 in int nxt::rt::runtime::run<int>(nxt::rt::task<int>) at /home/mbrock/nxtui/build/../src-ng/nxt/rt/app.hpp:141:29
#7  0x00005d1d4f3873ee in main at /home/mbrock/nxtui/build/../src-ng/nxtai/nxtllm.cpp:1272:18
#8  0x000070ce23e2a600 in __libc_start_call_main at ./csu/../sysdeps/nptl/libc_start_call_main.h:59:16
#9  0x000070ce23e2a717 in __libc_start_main_impl at ./csu/../csu/libc-start.c:360:3
#10 0x00005d1d4f364f24 in _start at /home/mbrock/nxtui/build/nxtllm

stdout write #108 bytes 97
  at ../src-ng/nxt/rt/ui_runtime.hpp:434 in nxt::rt::task<void> nxt::rt::ui_runtime::terminal_owner_loop(std::chrono::milliseconds)
  preview "\e7\e[38;25H\e[48;2;29;61;72m\e[38;2;203;213;225m               3.4K/s\xe2\x86\x93\e[38;73H\e[48;2;45;47;46m19\e8"
Stack trace (most recent call first):
#0  0x00005d1d4f374d47 in write_stdout_all at /home/mbrock/nxtui/build/../src-ng/nxt/rt/ui_runtime.hpp:40:23
#1  0x00005d1d4f4138da in std::__n4861::coroutine_handle<void>::resume() const at /usr/include/c++/15/coroutine:142:50
#2  0x00005d1d4f419574 in nxt::rt::deck::ready_item::resume_if_ready(nxt::rt::deck&) const at /home/mbrock/nxtui/build/../src-ng/nxt/rt/task.hpp:1901:18
#3  0x00005d1d4f415a82 in nxt::rt::deck::run_ready_with() at /home/mbrock/nxtui/build/../src-ng/nxt/rt/deck.hpp:200:33
#4  0x00005d1d4f4157d6 in nxt::rt::deck::run_ready() at /home/mbrock/nxtui/build/../src-ng/nxt/rt/deck.hpp:130:23
#5  0x00005d1d4f4abf2e in void nxt::rt::uring_wand::run_until_done<int>(nxt::rt::deck&, nxt::rt::task<int>&) at /home/mbrock/nxtui/build/../src-ng/nxt/rt/uring_wand.hpp:173:28
#6  0x00005d1d4f47fc31 in int nxt::rt::runtime::run<int>(nxt::rt::task<int>) at /home/mbrock/nxtui/build/../src-ng/nxt/rt/app.hpp:141:29
#7  0x00005d1d4f3873ee in main at /home/mbrock/nxtui/build/../src-ng/nxtai/nxtllm.cpp:1272:18
#8  0x000070ce23e2a600 in __libc_start_call_main at ./csu/../sysdeps/nptl/libc_start_call_main.h:59:16
#9  0x000070ce23e2a717 in __libc_start_main_impl at ./csu/../csu/libc-start.c:360:3
#10 0x00005d1d4f364f24 in _start at /home/mbrock/nxtui/build/nxtllm

stdout write #109 bytes 48
  at ../src-ng/nxt/rt/ui_runtime.hpp:434 in nxt::rt::task<void> nxt::rt::ui_runtime::terminal_owner_loop(std::chrono::milliseconds)
  preview "\e7\e[38;74H\e[48;2;45;47;46m\e[38;2;203;213;225m1\e8"
Stack trace (most recent call first):
#0  0x00005d1d4f374d47 in write_stdout_all at /home/mbrock/nxtui/build/../src-ng/nxt/rt/ui_runtime.hpp:40:23
#1  0x00005d1d4f4138da in std::__n4861::coroutine_handle<void>::resume() const at /usr/include/c++/15/coroutine:142:50
#2  0x00005d1d4f419574 in nxt::rt::deck::ready_item::resume_if_ready(nxt::rt::deck&) const at /home/mbrock/nxtui/build/../src-ng/nxt/rt/task.hpp:1901:18
#3  0x00005d1d4f415a82 in nxt::rt::deck::run_ready_with() at /home/mbrock/nxtui/build/../src-ng/nxt/rt/deck.hpp:200:33
#4  0x00005d1d4f4157d6 in nxt::rt::deck::run_ready() at /home/mbrock/nxtui/build/../src-ng/nxt/rt/deck.hpp:130:23
#5  0x00005d1d4f4abf2e in void nxt::rt::uring_wand::run_until_done<int>(nxt::rt::deck&, nxt::rt::task<int>&) at /home/mbrock/nxtui/build/../src-ng/nxt/rt/uring_wand.hpp:173:28
#6  0x00005d1d4f47fc31 in int nxt::rt::runtime::run<int>(nxt::rt::task<int>) at /home/mbrock/nxtui/build/../src-ng/nxt/rt/app.hpp:141:29
#7  0x00005d1d4f3873ee in main at /home/mbrock/nxtui/build/../src-ng/nxtai/nxtllm.cpp:1272:18
#8  0x000070ce23e2a600 in __libc_start_call_main at ./csu/../sysdeps/nptl/libc_start_call_main.h:59:16
#9  0x000070ce23e2a717 in __libc_start_main_impl at ./csu/../csu/libc-start.c:360:3
#10 0x00005d1d4f364f24 in _start at /home/mbrock/nxtui/build/nxtllm

stdout write #110 bytes 74
  at ../src-ng/nxt/rt/ui_runtime.hpp:434 in nxt::rt::task<void> nxt::rt::ui_runtime::terminal_owner_loop(std::chrono::milliseconds)
  preview "\e7\e[38;42H\e[48;2;29;61;72m\e[38;2;203;213;225m3\e[38;73H\e[48;2;45;47;46m03\e8"
Stack trace (most recent call first):
#0  0x00005d1d4f374d47 in write_stdout_all at /home/mbrock/nxtui/build/../src-ng/nxt/rt/ui_runtime.hpp:40:23
#1  0x00005d1d4f4138da in std::__n4861::coroutine_handle<void>::resume() const at /usr/include/c++/15/coroutine:142:50
#2  0x00005d1d4f419574 in nxt::rt::deck::ready_item::resume_if_ready(nxt::rt::deck&) const at /home/mbrock/nxtui/build/../src-ng/nxt/rt/task.hpp:1901:18
#3  0x00005d1d4f415a82 in nxt::rt::deck::run_ready_with() at /home/mbrock/nxtui/build/../src-ng/nxt/rt/deck.hpp:200:33
#4  0x00005d1d4f4157d6 in nxt::rt::deck::run_ready() at /home/mbrock/nxtui/build/../src-ng/nxt/rt/deck.hpp:130:23
#5  0x00005d1d4f4abf2e in void nxt::rt::uring_wand::run_until_done<int>(nxt::rt::deck&, nxt::rt::task<int>&) at /home/mbrock/nxtui/build/../src-ng/nxt/rt/uring_wand.hpp:173:28
#6  0x00005d1d4f47fc31 in int nxt::rt::runtime::run<int>(nxt::rt::task<int>) at /home/mbrock/nxtui/build/../src-ng/nxt/rt/app.hpp:141:29
#7  0x00005d1d4f3873ee in main at /home/mbrock/nxtui/build/../src-ng/nxtai/nxtllm.cpp:1272:18
#8  0x000070ce23e2a600 in __libc_start_call_main at ./csu/../sysdeps/nptl/libc_start_call_main.h:59:16
#9  0x000070ce23e2a717 in __libc_start_main_impl at ./csu/../csu/libc-start.c:360:3
#10 0x00005d1d4f364f24 in _start at /home/mbrock/nxtui/build/nxtllm

stdout write #111 bytes 98
  at ../src-ng/nxt/rt/ui_runtime.hpp:434 in nxt::rt::task<void> nxt::rt::ui_runtime::terminal_owner_loop(std::chrono::milliseconds)
  preview "\e7\e[38;25H\e[48;2;29;60;72m\e[38;2;203;213;225m               3.3K/s\xe2\x86\x93\e[38;72H\e[48;2;45;47;46m495\e8"
Stack trace (most recent call first):
#0  0x00005d1d4f374d47 in write_stdout_all at /home/mbrock/nxtui/build/../src-ng/nxt/rt/ui_runtime.hpp:40:23
#1  0x00005d1d4f4138da in std::__n4861::coroutine_handle<void>::resume() const at /usr/include/c++/15/coroutine:142:50
#2  0x00005d1d4f419574 in nxt::rt::deck::ready_item::resume_if_ready(nxt::rt::deck&) const at /home/mbrock/nxtui/build/../src-ng/nxt/rt/task.hpp:1901:18
#3  0x00005d1d4f415a82 in nxt::rt::deck::run_ready_with() at /home/mbrock/nxtui/build/../src-ng/nxt/rt/deck.hpp:200:33
#4  0x00005d1d4f4157d6 in nxt::rt::deck::run_ready() at /home/mbrock/nxtui/build/../src-ng/nxt/rt/deck.hpp:130:23
#5  0x00005d1d4f4abf2e in void nxt::rt::uring_wand::run_until_done<int>(nxt::rt::deck&, nxt::rt::task<int>&) at /home/mbrock/nxtui/build/../src-ng/nxt/rt/uring_wand.hpp:173:28
#6  0x00005d1d4f47fc31 in int nxt::rt::runtime::run<int>(nxt::rt::task<int>) at /home/mbrock/nxtui/build/../src-ng/nxt/rt/app.hpp:141:29
#7  0x00005d1d4f3873ee in main at /home/mbrock/nxtui/build/../src-ng/nxtai/nxtllm.cpp:1272:18
#8  0x000070ce23e2a600 in __libc_start_call_main at ./csu/../sysdeps/nptl/libc_start_call_main.h:59:16
#9  0x000070ce23e2a717 in __libc_start_main_impl at ./csu/../csu/libc-start.c:360:3
#10 0x00005d1d4f364f24 in _start at /home/mbrock/nxtui/build/nxtllm

stdout write #112 bytes 74
  at ../src-ng/nxt/rt/ui_runtime.hpp:434 in nxt::rt::task<void> nxt::rt::ui_runtime::terminal_owner_loop(std::chrono::milliseconds)
  preview "\e7\e[38;42H\e[48;2;29;60;72m\e[38;2;203;213;225m2\e[38;73H\e[48;2;45;47;46m87\e8"
Stack trace (most recent call first):
#0  0x00005d1d4f374d47 in write_stdout_all at /home/mbrock/nxtui/build/../src-ng/nxt/rt/ui_runtime.hpp:40:23
#1  0x00005d1d4f4138da in std::__n4861::coroutine_handle<void>::resume() const at /usr/include/c++/15/coroutine:142:50
#2  0x00005d1d4f419574 in nxt::rt::deck::ready_item::resume_if_ready(nxt::rt::deck&) const at /home/mbrock/nxtui/build/../src-ng/nxt/rt/task.hpp:1901:18
#3  0x00005d1d4f415a82 in nxt::rt::deck::run_ready_with() at /home/mbrock/nxtui/build/../src-ng/nxt/rt/deck.hpp:200:33
#4  0x00005d1d4f4157d6 in nxt::rt::deck::run_ready() at /home/mbrock/nxtui/build/../src-ng/nxt/rt/deck.hpp:130:23
#5  0x00005d1d4f4abf2e in void nxt::rt::uring_wand::run_until_done<int>(nxt::rt::deck&, nxt::rt::task<int>&) at /home/mbrock/nxtui/build/../src-ng/nxt/rt/uring_wand.hpp:173:28
#6  0x00005d1d4f47fc31 in int nxt::rt::runtime::run<int>(nxt::rt::task<int>) at /home/mbrock/nxtui/build/../src-ng/nxt/rt/app.hpp:141:29
#7  0x00005d1d4f3873ee in main at /home/mbrock/nxtui/build/../src-ng/nxtai/nxtllm.cpp:1272:18
#8  0x000070ce23e2a600 in __libc_start_call_main at ./csu/../sysdeps/nptl/libc_start_call_main.h:59:16
#9  0x000070ce23e2a717 in __libc_start_main_impl at ./csu/../csu/libc-start.c:360:3
#10 0x00005d1d4f364f24 in _start at /home/mbrock/nxtui/build/nxtllm

stdout write #113 bytes 49
  at ../src-ng/nxt/rt/ui_runtime.hpp:434 in nxt::rt::task<void> nxt::rt::ui_runtime::terminal_owner_loop(std::chrono::milliseconds)
  preview "\e7\e[38;73H\e[48;2;45;47;46m\e[38;2;203;213;225m79\e8"
Stack trace (most recent call first):
#0  0x00005d1d4f374d47 in write_stdout_all at /home/mbrock/nxtui/build/../src-ng/nxt/rt/ui_runtime.hpp:40:23
#1  0x00005d1d4f4138da in std::__n4861::coroutine_handle<void>::resume() const at /usr/include/c++/15/coroutine:142:50
#2  0x00005d1d4f419574 in nxt::rt::deck::ready_item::resume_if_ready(nxt::rt::deck&) const at /home/mbrock/nxtui/build/../src-ng/nxt/rt/task.hpp:1901:18
#3  0x00005d1d4f415a82 in nxt::rt::deck::run_ready_with() at /home/mbrock/nxtui/build/../src-ng/nxt/rt/deck.hpp:200:33
#4  0x00005d1d4f4157d6 in nxt::rt::deck::run_ready() at /home/mbrock/nxtui/build/../src-ng/nxt/rt/deck.hpp:130:23
#5  0x00005d1d4f4abf2e in void nxt::rt::uring_wand::run_until_done<int>(nxt::rt::deck&, nxt::rt::task<int>&) at /home/mbrock/nxtui/build/../src-ng/nxt/rt/uring_wand.hpp:173:28
#6  0x00005d1d4f47fc31 in int nxt::rt::runtime::run<int>(nxt::rt::task<int>) at /home/mbrock/nxtui/build/../src-ng/nxt/rt/app.hpp:141:29
#7  0x00005d1d4f3873ee in main at /home/mbrock/nxtui/build/../src-ng/nxtai/nxtllm.cpp:1272:18
#8  0x000070ce23e2a600 in __libc_start_call_main at ./csu/../sysdeps/nptl/libc_start_call_main.h:59:16
#9  0x000070ce23e2a717 in __libc_start_main_impl at ./csu/../csu/libc-start.c:360:3
#10 0x00005d1d4f364f24 in _start at /home/mbrock/nxtui/build/nxtllm

stdout write #114 bytes 96
  at ../src-ng/nxt/rt/ui_runtime.hpp:434 in nxt::rt::task<void> nxt::rt::ui_runtime::terminal_owner_loop(std::chrono::milliseconds)
  preview "\e7\e[38;25H\e[48;2;28;60;72m\e[38;2;203;213;225m               3.1K/s\xe2\x86\x93\e[38;74H\e[48;2;45;47;46m2\e8"
Stack trace (most recent call first):
#0  0x00005d1d4f374d47 in write_stdout_all at /home/mbrock/nxtui/build/../src-ng/nxt/rt/ui_runtime.hpp:40:23
#1  0x00005d1d4f4138da in std::__n4861::coroutine_handle<void>::resume() const at /usr/include/c++/15/coroutine:142:50
#2  0x00005d1d4f419574 in nxt::rt::deck::ready_item::resume_if_ready(nxt::rt::deck&) const at /home/mbrock/nxtui/build/../src-ng/nxt/rt/task.hpp:1901:18
#3  0x00005d1d4f415a82 in nxt::rt::deck::run_ready_with() at /home/mbrock/nxtui/build/../src-ng/nxt/rt/deck.hpp:200:33
#4  0x00005d1d4f4157d6 in nxt::rt::deck::run_ready() at /home/mbrock/nxtui/build/../src-ng/nxt/rt/deck.hpp:130:23
#5  0x00005d1d4f4abf2e in void nxt::rt::uring_wand::run_until_done<int>(nxt::rt::deck&, nxt::rt::task<int>&) at /home/mbrock/nxtui/build/../src-ng/nxt/rt/uring_wand.hpp:173:28
#6  0x00005d1d4f47fc31 in int nxt::rt::runtime::run<int>(nxt::rt::task<int>) at /home/mbrock/nxtui/build/../src-ng/nxt/rt/app.hpp:141:29
#7  0x00005d1d4f3873ee in main at /home/mbrock/nxtui/build/../src-ng/nxtai/nxtllm.cpp:1272:18
#8  0x000070ce23e2a600 in __libc_start_call_main at ./csu/../sysdeps/nptl/libc_start_call_main.h:59:16
#9  0x000070ce23e2a717 in __libc_start_main_impl at ./csu/../csu/libc-start.c:360:3
#10 0x00005d1d4f364f24 in _start at /home/mbrock/nxtui/build/nxtllm

stdout write #115 bytes 97
  at ../src-ng/nxt/rt/ui_runtime.hpp:434 in nxt::rt::task<void> nxt::rt::ui_runtime::terminal_owner_loop(std::chrono::milliseconds)
  preview "\e7\e[38;25H\e[48;2;28;60;71m\e[38;2;203;213;225m               3.1K/s\xe2\x86\x93\e[38;73H\e[48;2;45;47;46m64\e8"
Stack trace (most recent call first):
#0  0x00005d1d4f374d47 in write_stdout_all at /home/mbrock/nxtui/build/../src-ng/nxt/rt/ui_runtime.hpp:40:23
#1  0x00005d1d4f4138da in std::__n4861::coroutine_handle<void>::resume() const at /usr/include/c++/15/coroutine:142:50
#2  0x00005d1d4f419574 in nxt::rt::deck::ready_item::resume_if_ready(nxt::rt::deck&) const at /home/mbrock/nxtui/build/../src-ng/nxt/rt/task.hpp:1901:18
#3  0x00005d1d4f415a82 in nxt::rt::deck::run_ready_with() at /home/mbrock/nxtui/build/../src-ng/nxt/rt/deck.hpp:200:33
#4  0x00005d1d4f4157d6 in nxt::rt::deck::run_ready() at /home/mbrock/nxtui/build/../src-ng/nxt/rt/deck.hpp:130:23
#5  0x00005d1d4f4abf2e in void nxt::rt::uring_wand::run_until_done<int>(nxt::rt::deck&, nxt::rt::task<int>&) at /home/mbrock/nxtui/build/../src-ng/nxt/rt/uring_wand.hpp:173:28
#6  0x00005d1d4f47fc31 in int nxt::rt::runtime::run<int>(nxt::rt::task<int>) at /home/mbrock/nxtui/build/../src-ng/nxt/rt/app.hpp:141:29
#7  0x00005d1d4f3873ee in main at /home/mbrock/nxtui/build/../src-ng/nxtai/nxtllm.cpp:1272:18
#8  0x000070ce23e2a600 in __libc_start_call_main at ./csu/../sysdeps/nptl/libc_start_call_main.h:59:16
#9  0x000070ce23e2a717 in __libc_start_main_impl at ./csu/../csu/libc-start.c:360:3
#10 0x00005d1d4f364f24 in _start at /home/mbrock/nxtui/build/nxtllm

stdout write #116 bytes 97
  at ../src-ng/nxt/rt/ui_runtime.hpp:434 in nxt::rt::task<void> nxt::rt::ui_runtime::terminal_owner_loop(std::chrono::milliseconds)
  preview "\e7\e[38;25H\e[48;2;28;59;71m\e[38;2;203;213;225m               3.0K/s\xe2\x86\x93\e[38;73H\e[48;2;45;47;46m57\e8"
Stack trace (most recent call first):
#0  0x00005d1d4f374d47 in write_stdout_all at /home/mbrock/nxtui/build/../src-ng/nxt/rt/ui_runtime.hpp:40:23
#1  0x00005d1d4f4138da in std::__n4861::coroutine_handle<void>::resume() const at /usr/include/c++/15/coroutine:142:50
#2  0x00005d1d4f419574 in nxt::rt::deck::ready_item::resume_if_ready(nxt::rt::deck&) const at /home/mbrock/nxtui/build/../src-ng/nxt/rt/task.hpp:1901:18
#3  0x00005d1d4f415a82 in nxt::rt::deck::run_ready_with() at /home/mbrock/nxtui/build/../src-ng/nxt/rt/deck.hpp:200:33
#4  0x00005d1d4f4157d6 in nxt::rt::deck::run_ready() at /home/mbrock/nxtui/build/../src-ng/nxt/rt/deck.hpp:130:23
#5  0x00005d1d4f4abf2e in void nxt::rt::uring_wand::run_until_done<int>(nxt::rt::deck&, nxt::rt::task<int>&) at /home/mbrock/nxtui/build/../src-ng/nxt/rt/uring_wand.hpp:173:28
#6  0x00005d1d4f47fc31 in int nxt::rt::runtime::run<int>(nxt::rt::task<int>) at /home/mbrock/nxtui/build/../src-ng/nxt/rt/app.hpp:141:29
#7  0x00005d1d4f3873ee in main at /home/mbrock/nxtui/build/../src-ng/nxtai/nxtllm.cpp:1272:18
#8  0x000070ce23e2a600 in __libc_start_call_main at ./csu/../sysdeps/nptl/libc_start_call_main.h:59:16
#9  0x000070ce23e2a717 in __libc_start_main_impl at ./csu/../csu/libc-start.c:360:3
#10 0x00005d1d4f364f24 in _start at /home/mbrock/nxtui/build/nxtllm

stdout write #117 bytes 48
  at ../src-ng/nxt/rt/ui_runtime.hpp:434 in nxt::rt::task<void> nxt::rt::ui_runtime::terminal_owner_loop(std::chrono::milliseconds)
  preview "\e7\e[38;74H\e[48;2;45;47;46m\e[38;2;203;213;225m0\e8"
Stack trace (most recent call first):
#0  0x00005d1d4f374d47 in write_stdout_all at /home/mbrock/nxtui/build/../src-ng/nxt/rt/ui_runtime.hpp:40:23
#1  0x00005d1d4f4138da in std::__n4861::coroutine_handle<void>::resume() const at /usr/include/c++/15/coroutine:142:50
#2  0x00005d1d4f419574 in nxt::rt::deck::ready_item::resume_if_ready(nxt::rt::deck&) const at /home/mbrock/nxtui/build/../src-ng/nxt/rt/task.hpp:1901:18
#3  0x00005d1d4f415a82 in nxt::rt::deck::run_ready_with() at /home/mbrock/nxtui/build/../src-ng/nxt/rt/deck.hpp:200:33
#4  0x00005d1d4f4157d6 in nxt::rt::deck::run_ready() at /home/mbrock/nxtui/build/../src-ng/nxt/rt/deck.hpp:130:23
#5  0x00005d1d4f4abf2e in void nxt::rt::uring_wand::run_until_done<int>(nxt::rt::deck&, nxt::rt::task<int>&) at /home/mbrock/nxtui/build/../src-ng/nxt/rt/uring_wand.hpp:173:28
#6  0x00005d1d4f47fc31 in int nxt::rt::runtime::run<int>(nxt::rt::task<int>) at /home/mbrock/nxtui/build/../src-ng/nxt/rt/app.hpp:141:29
#7  0x00005d1d4f3873ee in main at /home/mbrock/nxtui/build/../src-ng/nxtai/nxtllm.cpp:1272:18
#8  0x000070ce23e2a600 in __libc_start_call_main at ./csu/../sysdeps/nptl/libc_start_call_main.h:59:16
#9  0x000070ce23e2a717 in __libc_start_main_impl at ./csu/../csu/libc-start.c:360:3
#10 0x00005d1d4f364f24 in _start at /home/mbrock/nxtui/build/nxtllm

stdout write #118 bytes 83
  at ../src-ng/nxt/rt/ui_runtime.hpp:434 in nxt::rt::task<void> nxt::rt::ui_runtime::terminal_owner_loop(std::chrono::milliseconds)
  preview "\e7\e[38;40H\e[48;2;28;59;71m\e[38;2;203;213;225m2\e[38;42H9\e[38;73H\e[48;2;45;47;46m43\e8"
Stack trace (most recent call first):
#0  0x00005d1d4f374d47 in write_stdout_all at /home/mbrock/nxtui/build/../src-ng/nxt/rt/ui_runtime.hpp:40:23
#1  0x00005d1d4f4138da in std::__n4861::coroutine_handle<void>::resume() const at /usr/include/c++/15/coroutine:142:50
#2  0x00005d1d4f419574 in nxt::rt::deck::ready_item::resume_if_ready(nxt::rt::deck&) const at /home/mbrock/nxtui/build/../src-ng/nxt/rt/task.hpp:1901:18
#3  0x00005d1d4f415a82 in nxt::rt::deck::run_ready_with() at /home/mbrock/nxtui/build/../src-ng/nxt/rt/deck.hpp:200:33
#4  0x00005d1d4f4157d6 in nxt::rt::deck::run_ready() at /home/mbrock/nxtui/build/../src-ng/nxt/rt/deck.hpp:130:23
#5  0x00005d1d4f4abf2e in void nxt::rt::uring_wand::run_until_done<int>(nxt::rt::deck&, nxt::rt::task<int>&) at /home/mbrock/nxtui/build/../src-ng/nxt/rt/uring_wand.hpp:173:28
#6  0x00005d1d4f47fc31 in int nxt::rt::runtime::run<int>(nxt::rt::task<int>) at /home/mbrock/nxtui/build/../src-ng/nxt/rt/app.hpp:141:29
#7  0x00005d1d4f3873ee in main at /home/mbrock/nxtui/build/../src-ng/nxtai/nxtllm.cpp:1272:18
#8  0x000070ce23e2a600 in __libc_start_call_main at ./csu/../sysdeps/nptl/libc_start_call_main.h:59:16
#9  0x000070ce23e2a717 in __libc_start_main_impl at ./csu/../csu/libc-start.c:360:3
#10 0x00005d1d4f364f24 in _start at /home/mbrock/nxtui/build/nxtllm

stdout write #119 bytes 49
  at ../src-ng/nxt/rt/ui_runtime.hpp:434 in nxt::rt::task<void> nxt::rt::ui_runtime::terminal_owner_loop(std::chrono::milliseconds)
  preview "\e7\e[38;73H\e[48;2;45;47;46m\e[38;2;203;213;225m36\e8"
Stack trace (most recent call first):
#0  0x00005d1d4f374d47 in write_stdout_all at /home/mbrock/nxtui/build/../src-ng/nxt/rt/ui_runtime.hpp:40:23
#1  0x00005d1d4f4138da in std::__n4861::coroutine_handle<void>::resume() const at /usr/include/c++/15/coroutine:142:50
#2  0x00005d1d4f419574 in nxt::rt::deck::ready_item::resume_if_ready(nxt::rt::deck&) const at /home/mbrock/nxtui/build/../src-ng/nxt/rt/task.hpp:1901:18
#3  0x00005d1d4f415a82 in nxt::rt::deck::run_ready_with() at /home/mbrock/nxtui/build/../src-ng/nxt/rt/deck.hpp:200:33
#4  0x00005d1d4f4157d6 in nxt::rt::deck::run_ready() at /home/mbrock/nxtui/build/../src-ng/nxt/rt/deck.hpp:130:23
#5  0x00005d1d4f4abf2e in void nxt::rt::uring_wand::run_until_done<int>(nxt::rt::deck&, nxt::rt::task<int>&) at /home/mbrock/nxtui/build/../src-ng/nxt/rt/uring_wand.hpp:173:28
#6  0x00005d1d4f47fc31 in int nxt::rt::runtime::run<int>(nxt::rt::task<int>) at /home/mbrock/nxtui/build/../src-ng/nxt/rt/app.hpp:141:29
#7  0x00005d1d4f3873ee in main at /home/mbrock/nxtui/build/../src-ng/nxtai/nxtllm.cpp:1272:18
#8  0x000070ce23e2a600 in __libc_start_call_main at ./csu/../sysdeps/nptl/libc_start_call_main.h:59:16
#9  0x000070ce23e2a717 in __libc_start_main_impl at ./csu/../csu/libc-start.c:360:3
#10 0x00005d1d4f364f24 in _start at /home/mbrock/nxtui/build/nxtllm

stdout write #120 bytes 96
  at ../src-ng/nxt/rt/ui_runtime.hpp:434 in nxt::rt::task<void> nxt::rt::ui_runtime::terminal_owner_loop(std::chrono::milliseconds)
  preview "\e7\e[38;42H\e[48;2;28;59;71m\e[38;2;203;213;225m8\e[38;56H\e[48;2;45;46;46m                429/s\xe2\x86\x91\e8"
Stack trace (most recent call first):
#0  0x00005d1d4f374d47 in write_stdout_all at /home/mbrock/nxtui/build/../src-ng/nxt/rt/ui_runtime.hpp:40:23
#1  0x00005d1d4f4138da in std::__n4861::coroutine_handle<void>::resume() const at /usr/include/c++/15/coroutine:142:50
#2  0x00005d1d4f419574 in nxt::rt::deck::ready_item::resume_if_ready(nxt::rt::deck&) const at /home/mbrock/nxtui/build/../src-ng/nxt/rt/task.hpp:1901:18
#3  0x00005d1d4f415a82 in nxt::rt::deck::run_ready_with() at /home/mbrock/nxtui/build/../src-ng/nxt/rt/deck.hpp:200:33
#4  0x00005d1d4f4157d6 in nxt::rt::deck::run_ready() at /home/mbrock/nxtui/build/../src-ng/nxt/rt/deck.hpp:130:23
#5  0x00005d1d4f4abf2e in void nxt::rt::uring_wand::run_until_done<int>(nxt::rt::deck&, nxt::rt::task<int>&) at /home/mbrock/nxtui/build/../src-ng/nxt/rt/uring_wand.hpp:173:28
#6  0x00005d1d4f47fc31 in int nxt::rt::runtime::run<int>(nxt::rt::task<int>) at /home/mbrock/nxtui/build/../src-ng/nxt/rt/app.hpp:141:29
#7  0x00005d1d4f3873ee in main at /home/mbrock/nxtui/build/../src-ng/nxtai/nxtllm.cpp:1272:18
#8  0x000070ce23e2a600 in __libc_start_call_main at ./csu/../sysdeps/nptl/libc_start_call_main.h:59:16
#9  0x000070ce23e2a717 in __libc_start_main_impl at ./csu/../csu/libc-start.c:360:3
#10 0x00005d1d4f364f24 in _start at /home/mbrock/nxtui/build/nxtllm

stdout write #121 bytes 96
  at ../src-ng/nxt/rt/ui_runtime.hpp:434 in nxt::rt::task<void> nxt::rt::ui_runtime::terminal_owner_loop(std::chrono::milliseconds)
  preview "\e7\e[38;25H\e[48;2;28;58;71m\e[38;2;203;213;225m               2.8K/s\xe2\x86\x93\e[38;74H\e[48;2;45;46;46m2\e8"
Stack trace (most recent call first):
#0  0x00005d1d4f374d47 in write_stdout_all at /home/mbrock/nxtui/build/../src-ng/nxt/rt/ui_runtime.hpp:40:23
#1  0x00005d1d4f4138da in std::__n4861::coroutine_handle<void>::resume() const at /usr/include/c++/15/coroutine:142:50
#2  0x00005d1d4f419574 in nxt::rt::deck::ready_item::resume_if_ready(nxt::rt::deck&) const at /home/mbrock/nxtui/build/../src-ng/nxt/rt/task.hpp:1901:18
#3  0x00005d1d4f415a82 in nxt::rt::deck::run_ready_with() at /home/mbrock/nxtui/build/../src-ng/nxt/rt/deck.hpp:200:33
#4  0x00005d1d4f4157d6 in nxt::rt::deck::run_ready() at /home/mbrock/nxtui/build/../src-ng/nxt/rt/deck.hpp:130:23
#5  0x00005d1d4f4abf2e in void nxt::rt::uring_wand::run_until_done<int>(nxt::rt::deck&, nxt::rt::task<int>&) at /home/mbrock/nxtui/build/../src-ng/nxt/rt/uring_wand.hpp:173:28
#6  0x00005d1d4f47fc31 in int nxt::rt::runtime::run<int>(nxt::rt::task<int>) at /home/mbrock/nxtui/build/../src-ng/nxt/rt/app.hpp:141:29
#7  0x00005d1d4f3873ee in main at /home/mbrock/nxtui/build/../src-ng/nxtai/nxtllm.cpp:1272:18
#8  0x000070ce23e2a600 in __libc_start_call_main at ./csu/../sysdeps/nptl/libc_start_call_main.h:59:16
#9  0x000070ce23e2a717 in __libc_start_main_impl at ./csu/../csu/libc-start.c:360:3
#10 0x00005d1d4f364f24 in _start at /home/mbrock/nxtui/build/nxtllm

stdout write #122 bytes 97
  at ../src-ng/nxt/rt/ui_runtime.hpp:434 in nxt::rt::task<void> nxt::rt::ui_runtime::terminal_owner_loop(std::chrono::milliseconds)
  preview "\e7\e[38;25H\e[48;2;28;58;70m\e[38;2;203;213;225m               2.7K/s\xe2\x86\x93\e[38;73H\e[48;2;45;46;46m15\e8"
Stack trace (most recent call first):
#0  0x00005d1d4f374d47 in write_stdout_all at /home/mbrock/nxtui/build/../src-ng/nxt/rt/ui_runtime.hpp:40:23
#1  0x00005d1d4f4138da in std::__n4861::coroutine_handle<void>::resume() const at /usr/include/c++/15/coroutine:142:50
#2  0x00005d1d4f419574 in nxt::rt::deck::ready_item::resume_if_ready(nxt::rt::deck&) const at /home/mbrock/nxtui/build/../src-ng/nxt/rt/task.hpp:1901:18
#3  0x00005d1d4f415a82 in nxt::rt::deck::run_ready_with() at /home/mbrock/nxtui/build/../src-ng/nxt/rt/deck.hpp:200:33
#4  0x00005d1d4f4157d6 in nxt::rt::deck::run_ready() at /home/mbrock/nxtui/build/../src-ng/nxt/rt/deck.hpp:130:23
#5  0x00005d1d4f4abf2e in void nxt::rt::uring_wand::run_until_done<int>(nxt::rt::deck&, nxt::rt::task<int>&) at /home/mbrock/nxtui/build/../src-ng/nxt/rt/uring_wand.hpp:173:28
#6  0x00005d1d4f47fc31 in int nxt::rt::runtime::run<int>(nxt::rt::task<int>) at /home/mbrock/nxtui/build/../src-ng/nxt/rt/app.hpp:141:29
#7  0x00005d1d4f3873ee in main at /home/mbrock/nxtui/build/../src-ng/nxtai/nxtllm.cpp:1272:18
#8  0x000070ce23e2a600 in __libc_start_call_main at ./csu/../sysdeps/nptl/libc_start_call_main.h:59:16
#9  0x000070ce23e2a717 in __libc_start_main_impl at ./csu/../csu/libc-start.c:360:3
#10 0x00005d1d4f364f24 in _start at /home/mbrock/nxtui/build/nxtllm

stdout write #123 bytes 49
  at ../src-ng/nxt/rt/ui_runtime.hpp:434 in nxt::rt::task<void> nxt::rt::ui_runtime::terminal_owner_loop(std::chrono::milliseconds)
  preview "\e7\e[38;73H\e[48;2;45;46;46m\e[38;2;203;213;225m08\e8"
Stack trace (most recent call first):
#0  0x00005d1d4f374d47 in write_stdout_all at /home/mbrock/nxtui/build/../src-ng/nxt/rt/ui_runtime.hpp:40:23
#1  0x00005d1d4f4138da in std::__n4861::coroutine_handle<void>::resume() const at /usr/include/c++/15/coroutine:142:50
#2  0x00005d1d4f419574 in nxt::rt::deck::ready_item::resume_if_ready(nxt::rt::deck&) const at /home/mbrock/nxtui/build/../src-ng/nxt/rt/task.hpp:1901:18
#3  0x00005d1d4f415a82 in nxt::rt::deck::run_ready_with() at /home/mbrock/nxtui/build/../src-ng/nxt/rt/deck.hpp:200:33
#4  0x00005d1d4f4157d6 in nxt::rt::deck::run_ready() at /home/mbrock/nxtui/build/../src-ng/nxt/rt/deck.hpp:130:23
#5  0x00005d1d4f4abf2e in void nxt::rt::uring_wand::run_until_done<int>(nxt::rt::deck&, nxt::rt::task<int>&) at /home/mbrock/nxtui/build/../src-ng/nxt/rt/uring_wand.hpp:173:28
#6  0x00005d1d4f47fc31 in int nxt::rt::runtime::run<int>(nxt::rt::task<int>) at /home/mbrock/nxtui/build/../src-ng/nxt/rt/app.hpp:141:29
#7  0x00005d1d4f3873ee in main at /home/mbrock/nxtui/build/../src-ng/nxtai/nxtllm.cpp:1272:18
#8  0x000070ce23e2a600 in __libc_start_call_main at ./csu/../sysdeps/nptl/libc_start_call_main.h:59:16
#9  0x000070ce23e2a717 in __libc_start_main_impl at ./csu/../csu/libc-start.c:360:3
#10 0x00005d1d4f364f24 in _start at /home/mbrock/nxtui/build/nxtllm

stdout write #124 bytes 48
  at ../src-ng/nxt/rt/ui_runtime.hpp:434 in nxt::rt::task<void> nxt::rt::ui_runtime::terminal_owner_loop(std::chrono::milliseconds)
  preview "\e7\e[38;74H\e[48;2;45;46;46m\e[38;2;203;213;225m2\e8"
Stack trace (most recent call first):
#0  0x00005d1d4f374d47 in write_stdout_all at /home/mbrock/nxtui/build/../src-ng/nxt/rt/ui_runtime.hpp:40:23
#1  0x00005d1d4f4138da in std::__n4861::coroutine_handle<void>::resume() const at /usr/include/c++/15/coroutine:142:50
#2  0x00005d1d4f419574 in nxt::rt::deck::ready_item::resume_if_ready(nxt::rt::deck&) const at /home/mbrock/nxtui/build/../src-ng/nxt/rt/task.hpp:1901:18
#3  0x00005d1d4f415a82 in nxt::rt::deck::run_ready_with() at /home/mbrock/nxtui/build/../src-ng/nxt/rt/deck.hpp:200:33
#4  0x00005d1d4f4157d6 in nxt::rt::deck::run_ready() at /home/mbrock/nxtui/build/../src-ng/nxt/rt/deck.hpp:130:23
#5  0x00005d1d4f4abf2e in void nxt::rt::uring_wand::run_until_done<int>(nxt::rt::deck&, nxt::rt::task<int>&) at /home/mbrock/nxtui/build/../src-ng/nxt/rt/uring_wand.hpp:173:28
#6  0x00005d1d4f47fc31 in int nxt::rt::runtime::run<int>(nxt::rt::task<int>) at /home/mbrock/nxtui/build/../src-ng/nxt/rt/app.hpp:141:29
#7  0x00005d1d4f3873ee in main at /home/mbrock/nxtui/build/../src-ng/nxtai/nxtllm.cpp:1272:18
#8  0x000070ce23e2a600 in __libc_start_call_main at ./csu/../sysdeps/nptl/libc_start_call_main.h:59:16
#9  0x000070ce23e2a717 in __libc_start_main_impl at ./csu/../csu/libc-start.c:360:3
#10 0x00005d1d4f364f24 in _start at /home/mbrock/nxtui/build/nxtllm

stdout write #125 bytes 75
  at ../src-ng/nxt/rt/ui_runtime.hpp:434 in nxt::rt::task<void> nxt::rt::ui_runtime::terminal_owner_loop(std::chrono::milliseconds)
  preview "\e7\e[38;42H\e[48;2;28;58;70m\e[38;2;203;213;225m6\e[38;72H\e[48;2;45;46;46m396\e8"
Stack trace (most recent call first):
#0  0x00005d1d4f374d47 in write_stdout_all at /home/mbrock/nxtui/build/../src-ng/nxt/rt/ui_runtime.hpp:40:23
#1  0x00005d1d4f4138da in std::__n4861::coroutine_handle<void>::resume() const at /usr/include/c++/15/coroutine:142:50
#2  0x00005d1d4f419574 in nxt::rt::deck::ready_item::resume_if_ready(nxt::rt::deck&) const at /home/mbrock/nxtui/build/../src-ng/nxt/rt/task.hpp:1901:18
#3  0x00005d1d4f415a82 in nxt::rt::deck::run_ready_with() at /home/mbrock/nxtui/build/../src-ng/nxt/rt/deck.hpp:200:33
#4  0x00005d1d4f4157d6 in nxt::rt::deck::run_ready() at /home/mbrock/nxtui/build/../src-ng/nxt/rt/deck.hpp:130:23
#5  0x00005d1d4f4abf2e in void nxt::rt::uring_wand::run_until_done<int>(nxt::rt::deck&, nxt::rt::task<int>&) at /home/mbrock/nxtui/build/../src-ng/nxt/rt/uring_wand.hpp:173:28
#6  0x00005d1d4f47fc31 in int nxt::rt::runtime::run<int>(nxt::rt::task<int>) at /home/mbrock/nxtui/build/../src-ng/nxt/rt/app.hpp:141:29
#7  0x00005d1d4f3873ee in main at /home/mbrock/nxtui/build/../src-ng/nxtai/nxtllm.cpp:1272:18
#8  0x000070ce23e2a600 in __libc_start_call_main at ./csu/../sysdeps/nptl/libc_start_call_main.h:59:16
#9  0x000070ce23e2a717 in __libc_start_main_impl at ./csu/../csu/libc-start.c:360:3
#10 0x00005d1d4f364f24 in _start at /home/mbrock/nxtui/build/nxtllm

stdout write #126 bytes 49
  at ../src-ng/nxt/rt/ui_runtime.hpp:434 in nxt::rt::task<void> nxt::rt::ui_runtime::terminal_owner_loop(std::chrono::milliseconds)
  preview "\e7\e[38;73H\e[48;2;45;46;46m\e[38;2;203;213;225m89\e8"
Stack trace (most recent call first):
#0  0x00005d1d4f374d47 in write_stdout_all at /home/mbrock/nxtui/build/../src-ng/nxt/rt/ui_runtime.hpp:40:23
#1  0x00005d1d4f4138da in std::__n4861::coroutine_handle<void>::resume() const at /usr/include/c++/15/coroutine:142:50
#2  0x00005d1d4f419574 in nxt::rt::deck::ready_item::resume_if_ready(nxt::rt::deck&) const at /home/mbrock/nxtui/build/../src-ng/nxt/rt/task.hpp:1901:18
#3  0x00005d1d4f415a82 in nxt::rt::deck::run_ready_with() at /home/mbrock/nxtui/build/../src-ng/nxt/rt/deck.hpp:200:33
#4  0x00005d1d4f4157d6 in nxt::rt::deck::run_ready() at /home/mbrock/nxtui/build/../src-ng/nxt/rt/deck.hpp:130:23
#5  0x00005d1d4f4abf2e in void nxt::rt::uring_wand::run_until_done<int>(nxt::rt::deck&, nxt::rt::task<int>&) at /home/mbrock/nxtui/build/../src-ng/nxt/rt/uring_wand.hpp:173:28
#6  0x00005d1d4f47fc31 in int nxt::rt::runtime::run<int>(nxt::rt::task<int>) at /home/mbrock/nxtui/build/../src-ng/nxt/rt/app.hpp:141:29
#7  0x00005d1d4f3873ee in main at /home/mbrock/nxtui/build/../src-ng/nxtai/nxtllm.cpp:1272:18
#8  0x000070ce23e2a600 in __libc_start_call_main at ./csu/../sysdeps/nptl/libc_start_call_main.h:59:16
#9  0x000070ce23e2a717 in __libc_start_main_impl at ./csu/../csu/libc-start.c:360:3
#10 0x00005d1d4f364f24 in _start at /home/mbrock/nxtui/build/nxtllm

stdout write #127 bytes 73
  at ../src-ng/nxt/rt/ui_runtime.hpp:434 in nxt::rt::task<void> nxt::rt::ui_runtime::terminal_owner_loop(std::chrono::milliseconds)
  preview "\e7\e[38;42H\e[48;2;28;58;70m\e[38;2;203;213;225m5\e[38;74H\e[48;2;45;46;46m3\e8"
Stack trace (most recent call first):
#0  0x00005d1d4f374d47 in write_stdout_all at /home/mbrock/nxtui/build/../src-ng/nxt/rt/ui_runtime.hpp:40:23
#1  0x00005d1d4f4138da in std::__n4861::coroutine_handle<void>::resume() const at /usr/include/c++/15/coroutine:142:50
#2  0x00005d1d4f419574 in nxt::rt::deck::ready_item::resume_if_ready(nxt::rt::deck&) const at /home/mbrock/nxtui/build/../src-ng/nxt/rt/task.hpp:1901:18
#3  0x00005d1d4f415a82 in nxt::rt::deck::run_ready_with() at /home/mbrock/nxtui/build/../src-ng/nxt/rt/deck.hpp:200:33
#4  0x00005d1d4f4157d6 in nxt::rt::deck::run_ready() at /home/mbrock/nxtui/build/../src-ng/nxt/rt/deck.hpp:130:23
#5  0x00005d1d4f4abf2e in void nxt::rt::uring_wand::run_until_done<int>(nxt::rt::deck&, nxt::rt::task<int>&) at /home/mbrock/nxtui/build/../src-ng/nxt/rt/uring_wand.hpp:173:28
#6  0x00005d1d4f47fc31 in int nxt::rt::runtime::run<int>(nxt::rt::task<int>) at /home/mbrock/nxtui/build/../src-ng/nxt/rt/app.hpp:141:29
#7  0x00005d1d4f3873ee in main at /home/mbrock/nxtui/build/../src-ng/nxtai/nxtllm.cpp:1272:18
#8  0x000070ce23e2a600 in __libc_start_call_main at ./csu/../sysdeps/nptl/libc_start_call_main.h:59:16
#9  0x000070ce23e2a717 in __libc_start_main_impl at ./csu/../csu/libc-start.c:360:3
#10 0x00005d1d4f364f24 in _start at /home/mbrock/nxtui/build/nxtllm

stdout write #128 bytes 97
  at ../src-ng/nxt/rt/ui_runtime.hpp:434 in nxt::rt::task<void> nxt::rt::ui_runtime::terminal_owner_loop(std::chrono::milliseconds)
  preview "\e7\e[38;25H\e[48;2;28;57;70m\e[38;2;203;213;225m               2.5K/s\xe2\x86\x93\e[38;73H\e[48;2;45;46;46m77\e8"
Stack trace (most recent call first):
#0  0x00005d1d4f374d47 in write_stdout_all at /home/mbrock/nxtui/build/../src-ng/nxt/rt/ui_runtime.hpp:40:23
#1  0x00005d1d4f4138da in std::__n4861::coroutine_handle<void>::resume() const at /usr/include/c++/15/coroutine:142:50
#2  0x00005d1d4f419574 in nxt::rt::deck::ready_item::resume_if_ready(nxt::rt::deck&) const at /home/mbrock/nxtui/build/../src-ng/nxt/rt/task.hpp:1901:18
#3  0x00005d1d4f415a82 in nxt::rt::deck::run_ready_with() at /home/mbrock/nxtui/build/../src-ng/nxt/rt/deck.hpp:200:33
#4  0x00005d1d4f4157d6 in nxt::rt::deck::run_ready() at /home/mbrock/nxtui/build/../src-ng/nxt/rt/deck.hpp:130:23
#5  0x00005d1d4f4abf2e in void nxt::rt::uring_wand::run_until_done<int>(nxt::rt::deck&, nxt::rt::task<int>&) at /home/mbrock/nxtui/build/../src-ng/nxt/rt/uring_wand.hpp:173:28
#6  0x00005d1d4f47fc31 in int nxt::rt::runtime::run<int>(nxt::rt::task<int>) at /home/mbrock/nxtui/build/../src-ng/nxt/rt/app.hpp:141:29
#7  0x00005d1d4f3873ee in main at /home/mbrock/nxtui/build/../src-ng/nxtai/nxtllm.cpp:1272:18
#8  0x000070ce23e2a600 in __libc_start_call_main at ./csu/../sysdeps/nptl/libc_start_call_main.h:59:16
#9  0x000070ce23e2a717 in __libc_start_main_impl at ./csu/../csu/libc-start.c:360:3
#10 0x00005d1d4f364f24 in _start at /home/mbrock/nxtui/build/nxtllm

stdout write #129 bytes 119
  at ../src-ng/nxt/rt/ui_runtime.hpp:434 in nxt::rt::task<void> nxt::rt::ui_runtime::terminal_owner_loop(std::chrono::milliseconds)
  preview "\e7\e[38;25H\e[48;2;27;57;69m\e[38;2;203;213;225m               2.5K/s\xe2\x86\x93\e[38;56H\e[48;2;44;46;46m                371/s\xe2\x86\x91\e8"
Stack trace (most recent call first):
#0  0x00005d1d4f374d47 in write_stdout_all at /home/mbrock/nxtui/build/../src-ng/nxt/rt/ui_runtime.hpp:40:23
#1  0x00005d1d4f4138da in std::__n4861::coroutine_handle<void>::resume() const at /usr/include/c++/15/coroutine:142:50
#2  0x00005d1d4f419574 in nxt::rt::deck::ready_item::resume_if_ready(nxt::rt::deck&) const at /home/mbrock/nxtui/build/../src-ng/nxt/rt/task.hpp:1901:18
#3  0x00005d1d4f415a82 in nxt::rt::deck::run_ready_with() at /home/mbrock/nxtui/build/../src-ng/nxt/rt/deck.hpp:200:33
#4  0x00005d1d4f4157d6 in nxt::rt::deck::run_ready() at /home/mbrock/nxtui/build/../src-ng/nxt/rt/deck.hpp:130:23
#5  0x00005d1d4f4abf2e in void nxt::rt::uring_wand::run_until_done<int>(nxt::rt::deck&, nxt::rt::task<int>&) at /home/mbrock/nxtui/build/../src-ng/nxt/rt/uring_wand.hpp:173:28
#6  0x00005d1d4f47fc31 in int nxt::rt::runtime::run<int>(nxt::rt::task<int>) at /home/mbrock/nxtui/build/../src-ng/nxt/rt/app.hpp:141:29
#7  0x00005d1d4f3873ee in main at /home/mbrock/nxtui/build/../src-ng/nxtai/nxtllm.cpp:1272:18
#8  0x000070ce23e2a600 in __libc_start_call_main at ./csu/../sysdeps/nptl/libc_start_call_main.h:59:16
#9  0x000070ce23e2a717 in __libc_start_main_impl at ./csu/../csu/libc-start.c:360:3
#10 0x00005d1d4f364f24 in _start at /home/mbrock/nxtui/build/nxtllm

stdout write #130 bytes 74
  at ../src-ng/nxt/rt/ui_runtime.hpp:434 in nxt::rt::task<void> nxt::rt::ui_runtime::terminal_owner_loop(std::chrono::milliseconds)
  preview "\e7\e[38;42H\e[48;2;27;57;69m\e[38;2;203;213;225m4\e[38;73H\e[48;2;44;46;46m65\e8"
Stack trace (most recent call first):
#0  0x00005d1d4f374d47 in write_stdout_all at /home/mbrock/nxtui/build/../src-ng/nxt/rt/ui_runtime.hpp:40:23
#1  0x00005d1d4f4138da in std::__n4861::coroutine_handle<void>::resume() const at /usr/include/c++/15/coroutine:142:50
#2  0x00005d1d4f419574 in nxt::rt::deck::ready_item::resume_if_ready(nxt::rt::deck&) const at /home/mbrock/nxtui/build/../src-ng/nxt/rt/task.hpp:1901:18
#3  0x00005d1d4f415a82 in nxt::rt::deck::run_ready_with() at /home/mbrock/nxtui/build/../src-ng/nxt/rt/deck.hpp:200:33
#4  0x00005d1d4f4157d6 in nxt::rt::deck::run_ready() at /home/mbrock/nxtui/build/../src-ng/nxt/rt/deck.hpp:130:23
#5  0x00005d1d4f4abf2e in void nxt::rt::uring_wand::run_until_done<int>(nxt::rt::deck&, nxt::rt::task<int>&) at /home/mbrock/nxtui/build/../src-ng/nxt/rt/uring_wand.hpp:173:28
#6  0x00005d1d4f47fc31 in int nxt::rt::runtime::run<int>(nxt::rt::task<int>) at /home/mbrock/nxtui/build/../src-ng/nxt/rt/app.hpp:141:29
#7  0x00005d1d4f3873ee in main at /home/mbrock/nxtui/build/../src-ng/nxtai/nxtllm.cpp:1272:18
#8  0x000070ce23e2a600 in __libc_start_call_main at ./csu/../sysdeps/nptl/libc_start_call_main.h:59:16
#9  0x000070ce23e2a717 in __libc_start_main_impl at ./csu/../csu/libc-start.c:360:3
#10 0x00005d1d4f364f24 in _start at /home/mbrock/nxtui/build/nxtllm

stdout write #131 bytes 49
  at ../src-ng/nxt/rt/ui_runtime.hpp:434 in nxt::rt::task<void> nxt::rt::ui_runtime::terminal_owner_loop(std::chrono::milliseconds)
  preview "\e7\e[38;73H\e[48;2;44;46;46m\e[38;2;203;213;225m59\e8"
Stack trace (most recent call first):
#0  0x00005d1d4f374d47 in write_stdout_all at /home/mbrock/nxtui/build/../src-ng/nxt/rt/ui_runtime.hpp:40:23
#1  0x00005d1d4f4138da in std::__n4861::coroutine_handle<void>::resume() const at /usr/include/c++/15/coroutine:142:50
#2  0x00005d1d4f419574 in nxt::rt::deck::ready_item::resume_if_ready(nxt::rt::deck&) const at /home/mbrock/nxtui/build/../src-ng/nxt/rt/task.hpp:1901:18
#3  0x00005d1d4f415a82 in nxt::rt::deck::run_ready_with() at /home/mbrock/nxtui/build/../src-ng/nxt/rt/deck.hpp:200:33
#4  0x00005d1d4f4157d6 in nxt::rt::deck::run_ready() at /home/mbrock/nxtui/build/../src-ng/nxt/rt/deck.hpp:130:23
#5  0x00005d1d4f4abf2e in void nxt::rt::uring_wand::run_until_done<int>(nxt::rt::deck&, nxt::rt::task<int>&) at /home/mbrock/nxtui/build/../src-ng/nxt/rt/uring_wand.hpp:173:28
#6  0x00005d1d4f47fc31 in int nxt::rt::runtime::run<int>(nxt::rt::task<int>) at /home/mbrock/nxtui/build/../src-ng/nxt/rt/app.hpp:141:29
#7  0x00005d1d4f3873ee in main at /home/mbrock/nxtui/build/../src-ng/nxtai/nxtllm.cpp:1272:18
#8  0x000070ce23e2a600 in __libc_start_call_main at ./csu/../sysdeps/nptl/libc_start_call_main.h:59:16
#9  0x000070ce23e2a717 in __libc_start_main_impl at ./csu/../csu/libc-start.c:360:3
#10 0x00005d1d4f364f24 in _start at /home/mbrock/nxtui/build/nxtllm

stdout write #132 bytes 73
  at ../src-ng/nxt/rt/ui_runtime.hpp:434 in nxt::rt::task<void> nxt::rt::ui_runtime::terminal_owner_loop(std::chrono::milliseconds)
  preview "\e7\e[38;42H\e[48;2;27;57;69m\e[38;2;203;213;225m3\e[38;74H\e[48;2;44;46;46m3\e8"
Stack trace (most recent call first):
#0  0x00005d1d4f374d47 in write_stdout_all at /home/mbrock/nxtui/build/../src-ng/nxt/rt/ui_runtime.hpp:40:23
#1  0x00005d1d4f4138da in std::__n4861::coroutine_handle<void>::resume() const at /usr/include/c++/15/coroutine:142:50
#2  0x00005d1d4f419574 in nxt::rt::deck::ready_item::resume_if_ready(nxt::rt::deck&) const at /home/mbrock/nxtui/build/../src-ng/nxt/rt/task.hpp:1901:18
#3  0x00005d1d4f415a82 in nxt::rt::deck::run_ready_with() at /home/mbrock/nxtui/build/../src-ng/nxt/rt/deck.hpp:200:33
#4  0x00005d1d4f4157d6 in nxt::rt::deck::run_ready() at /home/mbrock/nxtui/build/../src-ng/nxt/rt/deck.hpp:130:23
#5  0x00005d1d4f4abf2e in void nxt::rt::uring_wand::run_until_done<int>(nxt::rt::deck&, nxt::rt::task<int>&) at /home/mbrock/nxtui/build/../src-ng/nxt/rt/uring_wand.hpp:173:28
#6  0x00005d1d4f47fc31 in int nxt::rt::runtime::run<int>(nxt::rt::task<int>) at /home/mbrock/nxtui/build/../src-ng/nxt/rt/app.hpp:141:29
#7  0x00005d1d4f3873ee in main at /home/mbrock/nxtui/build/../src-ng/nxtai/nxtllm.cpp:1272:18
#8  0x000070ce23e2a600 in __libc_start_call_main at ./csu/../sysdeps/nptl/libc_start_call_main.h:59:16
#9  0x000070ce23e2a717 in __libc_start_main_impl at ./csu/../csu/libc-start.c:360:3
#10 0x00005d1d4f364f24 in _start at /home/mbrock/nxtui/build/nxtllm

stdout write #133 bytes 49
  at ../src-ng/nxt/rt/ui_runtime.hpp:434 in nxt::rt::task<void> nxt::rt::ui_runtime::terminal_owner_loop(std::chrono::milliseconds)
  preview "\e7\e[38;73H\e[48;2;44;46;46m\e[38;2;203;213;225m48\e8"
Stack trace (most recent call first):
#0  0x00005d1d4f374d47 in write_stdout_all at /home/mbrock/nxtui/build/../src-ng/nxt/rt/ui_runtime.hpp:40:23
#1  0x00005d1d4f4138da in std::__n4861::coroutine_handle<void>::resume() const at /usr/include/c++/15/coroutine:142:50
#2  0x00005d1d4f419574 in nxt::rt::deck::ready_item::resume_if_ready(nxt::rt::deck&) const at /home/mbrock/nxtui/build/../src-ng/nxt/rt/task.hpp:1901:18
#3  0x00005d1d4f415a82 in nxt::rt::deck::run_ready_with() at /home/mbrock/nxtui/build/../src-ng/nxt/rt/deck.hpp:200:33
#4  0x00005d1d4f4157d6 in nxt::rt::deck::run_ready() at /home/mbrock/nxtui/build/../src-ng/nxt/rt/deck.hpp:130:23
#5  0x00005d1d4f4abf2e in void nxt::rt::uring_wand::run_until_done<int>(nxt::rt::deck&, nxt::rt::task<int>&) at /home/mbrock/nxtui/build/../src-ng/nxt/rt/uring_wand.hpp:173:28
#6  0x00005d1d4f47fc31 in int nxt::rt::runtime::run<int>(nxt::rt::task<int>) at /home/mbrock/nxtui/build/../src-ng/nxt/rt/app.hpp:141:29
#7  0x00005d1d4f3873ee in main at /home/mbrock/nxtui/build/../src-ng/nxtai/nxtllm.cpp:1272:18
#8  0x000070ce23e2a600 in __libc_start_call_main at ./csu/../sysdeps/nptl/libc_start_call_main.h:59:16
#9  0x000070ce23e2a717 in __libc_start_main_impl at ./csu/../csu/libc-start.c:360:3
#10 0x00005d1d4f364f24 in _start at /home/mbrock/nxtui/build/nxtllm

stdout write #134 bytes 96
  at ../src-ng/nxt/rt/ui_runtime.hpp:434 in nxt::rt::task<void> nxt::rt::ui_runtime::terminal_owner_loop(std::chrono::milliseconds)
  preview "\e7\e[38;25H\e[48;2;27;56;69m\e[38;2;203;213;225m               2.3K/s\xe2\x86\x93\e[38;74H\e[48;2;44;46;46m2\e8"
Stack trace (most recent call first):
#0  0x00005d1d4f374d47 in write_stdout_all at /home/mbrock/nxtui/build/../src-ng/nxt/rt/ui_runtime.hpp:40:23
#1  0x00005d1d4f4138da in std::__n4861::coroutine_handle<void>::resume() const at /usr/include/c++/15/coroutine:142:50
#2  0x00005d1d4f419574 in nxt::rt::deck::ready_item::resume_if_ready(nxt::rt::deck&) const at /home/mbrock/nxtui/build/../src-ng/nxt/rt/task.hpp:1901:18
#3  0x00005d1d4f415a82 in nxt::rt::deck::run_ready_with() at /home/mbrock/nxtui/build/../src-ng/nxt/rt/deck.hpp:200:33
#4  0x00005d1d4f4157d6 in nxt::rt::deck::run_ready() at /home/mbrock/nxtui/build/../src-ng/nxt/rt/deck.hpp:130:23
#5  0x00005d1d4f4abf2e in void nxt::rt::uring_wand::run_until_done<int>(nxt::rt::deck&, nxt::rt::task<int>&) at /home/mbrock/nxtui/build/../src-ng/nxt/rt/uring_wand.hpp:173:28
#6  0x00005d1d4f47fc31 in int nxt::rt::runtime::run<int>(nxt::rt::task<int>) at /home/mbrock/nxtui/build/../src-ng/nxt/rt/app.hpp:141:29
#7  0x00005d1d4f3873ee in main at /home/mbrock/nxtui/build/../src-ng/nxtai/nxtllm.cpp:1272:18
#8  0x000070ce23e2a600 in __libc_start_call_main at ./csu/../sysdeps/nptl/libc_start_call_main.h:59:16
#9  0x000070ce23e2a717 in __libc_start_main_impl at ./csu/../csu/libc-start.c:360:3
#10 0x00005d1d4f364f24 in _start at /home/mbrock/nxtui/build/nxtllm

stdout write #135 bytes 74
  at ../src-ng/nxt/rt/ui_runtime.hpp:434 in nxt::rt::task<void> nxt::rt::ui_runtime::terminal_owner_loop(std::chrono::milliseconds)
  preview "\e7\e[38;42H\e[48;2;27;56;69m\e[38;2;203;213;225m2\e[38;73H\e[48;2;44;46;46m37\e8"
Stack trace (most recent call first):
#0  0x00005d1d4f374d47 in write_stdout_all at /home/mbrock/nxtui/build/../src-ng/nxt/rt/ui_runtime.hpp:40:23
#1  0x00005d1d4f4138da in std::__n4861::coroutine_handle<void>::resume() const at /usr/include/c++/15/coroutine:142:50
#2  0x00005d1d4f419574 in nxt::rt::deck::ready_item::resume_if_ready(nxt::rt::deck&) const at /home/mbrock/nxtui/build/../src-ng/nxt/rt/task.hpp:1901:18
#3  0x00005d1d4f415a82 in nxt::rt::deck::run_ready_with() at /home/mbrock/nxtui/build/../src-ng/nxt/rt/deck.hpp:200:33
#4  0x00005d1d4f4157d6 in nxt::rt::deck::run_ready() at /home/mbrock/nxtui/build/../src-ng/nxt/rt/deck.hpp:130:23
#5  0x00005d1d4f4abf2e in void nxt::rt::uring_wand::run_until_done<int>(nxt::rt::deck&, nxt::rt::task<int>&) at /home/mbrock/nxtui/build/../src-ng/nxt/rt/uring_wand.hpp:173:28
#6  0x00005d1d4f47fc31 in int nxt::rt::runtime::run<int>(nxt::rt::task<int>) at /home/mbrock/nxtui/build/../src-ng/nxt/rt/app.hpp:141:29
#7  0x00005d1d4f3873ee in main at /home/mbrock/nxtui/build/../src-ng/nxtai/nxtllm.cpp:1272:18
#8  0x000070ce23e2a600 in __libc_start_call_main at ./csu/../sysdeps/nptl/libc_start_call_main.h:59:16
#9  0x000070ce23e2a717 in __libc_start_main_impl at ./csu/../csu/libc-start.c:360:3
#10 0x00005d1d4f364f24 in _start at /home/mbrock/nxtui/build/nxtllm

stdout write #136 bytes 48
  at ../src-ng/nxt/rt/ui_runtime.hpp:434 in nxt::rt::task<void> nxt::rt::ui_runtime::terminal_owner_loop(std::chrono::milliseconds)
  preview "\e7\e[38;74H\e[48;2;44;46;46m\e[38;2;203;213;225m1\e8"
Stack trace (most recent call first):
#0  0x00005d1d4f374d47 in write_stdout_all at /home/mbrock/nxtui/build/../src-ng/nxt/rt/ui_runtime.hpp:40:23
#1  0x00005d1d4f4138da in std::__n4861::coroutine_handle<void>::resume() const at /usr/include/c++/15/coroutine:142:50
#2  0x00005d1d4f419574 in nxt::rt::deck::ready_item::resume_if_ready(nxt::rt::deck&) const at /home/mbrock/nxtui/build/../src-ng/nxt/rt/task.hpp:1901:18
#3  0x00005d1d4f415a82 in nxt::rt::deck::run_ready_with() at /home/mbrock/nxtui/build/../src-ng/nxt/rt/deck.hpp:200:33
#4  0x00005d1d4f4157d6 in nxt::rt::deck::run_ready() at /home/mbrock/nxtui/build/../src-ng/nxt/rt/deck.hpp:130:23
#5  0x00005d1d4f4abf2e in void nxt::rt::uring_wand::run_until_done<int>(nxt::rt::deck&, nxt::rt::task<int>&) at /home/mbrock/nxtui/build/../src-ng/nxt/rt/uring_wand.hpp:173:28
#6  0x00005d1d4f47fc31 in int nxt::rt::runtime::run<int>(nxt::rt::task<int>) at /home/mbrock/nxtui/build/../src-ng/nxt/rt/app.hpp:141:29
#7  0x00005d1d4f3873ee in main at /home/mbrock/nxtui/build/../src-ng/nxtai/nxtllm.cpp:1272:18
#8  0x000070ce23e2a600 in __libc_start_call_main at ./csu/../sysdeps/nptl/libc_start_call_main.h:59:16
#9  0x000070ce23e2a717 in __libc_start_main_impl at ./csu/../csu/libc-start.c:360:3
#10 0x00005d1d4f364f24 in _start at /home/mbrock/nxtui/build/nxtllm

stdout write #137 bytes 49
  at ../src-ng/nxt/rt/ui_runtime.hpp:434 in nxt::rt::task<void> nxt::rt::ui_runtime::terminal_owner_loop(std::chrono::milliseconds)
  preview "\e7\e[38;73H\e[48;2;44;46;46m\e[38;2;203;213;225m26\e8"
Stack trace (most recent call first):
#0  0x00005d1d4f374d47 in write_stdout_all at /home/mbrock/nxtui/build/../src-ng/nxt/rt/ui_runtime.hpp:40:23
#1  0x00005d1d4f4138da in std::__n4861::coroutine_handle<void>::resume() const at /usr/include/c++/15/coroutine:142:50
#2  0x00005d1d4f419574 in nxt::rt::deck::ready_item::resume_if_ready(nxt::rt::deck&) const at /home/mbrock/nxtui/build/../src-ng/nxt/rt/task.hpp:1901:18
#3  0x00005d1d4f415a82 in nxt::rt::deck::run_ready_with() at /home/mbrock/nxtui/build/../src-ng/nxt/rt/deck.hpp:200:33
#4  0x00005d1d4f4157d6 in nxt::rt::deck::run_ready() at /home/mbrock/nxtui/build/../src-ng/nxt/rt/deck.hpp:130:23
#5  0x00005d1d4f4abf2e in void nxt::rt::uring_wand::run_until_done<int>(nxt::rt::deck&, nxt::rt::task<int>&) at /home/mbrock/nxtui/build/../src-ng/nxt/rt/uring_wand.hpp:173:28
#6  0x00005d1d4f47fc31 in int nxt::rt::runtime::run<int>(nxt::rt::task<int>) at /home/mbrock/nxtui/build/../src-ng/nxt/rt/app.hpp:141:29
#7  0x00005d1d4f3873ee in main at /home/mbrock/nxtui/build/../src-ng/nxtai/nxtllm.cpp:1272:18
#8  0x000070ce23e2a600 in __libc_start_call_main at ./csu/../sysdeps/nptl/libc_start_call_main.h:59:16
#9  0x000070ce23e2a717 in __libc_start_main_impl at ./csu/../csu/libc-start.c:360:3
#10 0x00005d1d4f364f24 in _start at /home/mbrock/nxtui/build/nxtllm

stdout write #138 bytes 96
  at ../src-ng/nxt/rt/ui_runtime.hpp:434 in nxt::rt::task<void> nxt::rt::ui_runtime::terminal_owner_loop(std::chrono::milliseconds)
  preview "\e7\e[38;25H\e[48;2;27;56;68m\e[38;2;203;213;225m               2.1K/s\xe2\x86\x93\e[38;74H\e[48;2;44;46;46m1\e8"
Stack trace (most recent call first):
#0  0x00005d1d4f374d47 in write_stdout_all at /home/mbrock/nxtui/build/../src-ng/nxt/rt/ui_runtime.hpp:40:23
#1  0x00005d1d4f4138da in std::__n4861::coroutine_handle<void>::resume() const at /usr/include/c++/15/coroutine:142:50
#2  0x00005d1d4f419574 in nxt::rt::deck::ready_item::resume_if_ready(nxt::rt::deck&) const at /home/mbrock/nxtui/build/../src-ng/nxt/rt/task.hpp:1901:18
#3  0x00005d1d4f415a82 in nxt::rt::deck::run_ready_with() at /home/mbrock/nxtui/build/../src-ng/nxt/rt/deck.hpp:200:33
#4  0x00005d1d4f4157d6 in nxt::rt::deck::run_ready() at /home/mbrock/nxtui/build/../src-ng/nxt/rt/deck.hpp:130:23
#5  0x00005d1d4f4abf2e in void nxt::rt::uring_wand::run_until_done<int>(nxt::rt::deck&, nxt::rt::task<int>&) at /home/mbrock/nxtui/build/../src-ng/nxt/rt/uring_wand.hpp:173:28
#6  0x00005d1d4f47fc31 in int nxt::rt::runtime::run<int>(nxt::rt::task<int>) at /home/mbrock/nxtui/build/../src-ng/nxt/rt/app.hpp:141:29
#7  0x00005d1d4f3873ee in main at /home/mbrock/nxtui/build/../src-ng/nxtai/nxtllm.cpp:1272:18
#8  0x000070ce23e2a600 in __libc_start_call_main at ./csu/../sysdeps/nptl/libc_start_call_main.h:59:16
#9  0x000070ce23e2a717 in __libc_start_main_impl at ./csu/../csu/libc-start.c:360:3
#10 0x00005d1d4f364f24 in _start at /home/mbrock/nxtui/build/nxtllm

stdout write #139 bytes 49
  at ../src-ng/nxt/rt/ui_runtime.hpp:434 in nxt::rt::task<void> nxt::rt::ui_runtime::terminal_owner_loop(std::chrono::milliseconds)
  preview "\e7\e[38;73H\e[48;2;44;46;46m\e[38;2;203;213;225m16\e8"
Stack trace (most recent call first):
#0  0x00005d1d4f374d47 in write_stdout_all at /home/mbrock/nxtui/build/../src-ng/nxt/rt/ui_runtime.hpp:40:23
#1  0x00005d1d4f4138da in std::__n4861::coroutine_handle<void>::resume() const at /usr/include/c++/15/coroutine:142:50
#2  0x00005d1d4f419574 in nxt::rt::deck::ready_item::resume_if_ready(nxt::rt::deck&) const at /home/mbrock/nxtui/build/../src-ng/nxt/rt/task.hpp:1901:18
#3  0x00005d1d4f415a82 in nxt::rt::deck::run_ready_with() at /home/mbrock/nxtui/build/../src-ng/nxt/rt/deck.hpp:200:33
#4  0x00005d1d4f4157d6 in nxt::rt::deck::run_ready() at /home/mbrock/nxtui/build/../src-ng/nxt/rt/deck.hpp:130:23
#5  0x00005d1d4f4abf2e in void nxt::rt::uring_wand::run_until_done<int>(nxt::rt::deck&, nxt::rt::task<int>&) at /home/mbrock/nxtui/build/../src-ng/nxt/rt/uring_wand.hpp:173:28
#6  0x00005d1d4f47fc31 in int nxt::rt::runtime::run<int>(nxt::rt::task<int>) at /home/mbrock/nxtui/build/../src-ng/nxt/rt/app.hpp:141:29
#7  0x00005d1d4f3873ee in main at /home/mbrock/nxtui/build/../src-ng/nxtai/nxtllm.cpp:1272:18
#8  0x000070ce23e2a600 in __libc_start_call_main at ./csu/../sysdeps/nptl/libc_start_call_main.h:59:16
#9  0x000070ce23e2a717 in __libc_start_main_impl at ./csu/../csu/libc-start.c:360:3
#10 0x00005d1d4f364f24 in _start at /home/mbrock/nxtui/build/nxtllm

stdout write #140 bytes 48
  at ../src-ng/nxt/rt/ui_runtime.hpp:434 in nxt::rt::task<void> nxt::rt::ui_runtime::terminal_owner_loop(std::chrono::milliseconds)
  preview "\e7\e[38;74H\e[48;2;44;46;46m\e[38;2;203;213;225m1\e8"
Stack trace (most recent call first):
#0  0x00005d1d4f374d47 in write_stdout_all at /home/mbrock/nxtui/build/../src-ng/nxt/rt/ui_runtime.hpp:40:23
#1  0x00005d1d4f4138da in std::__n4861::coroutine_handle<void>::resume() const at /usr/include/c++/15/coroutine:142:50
#2  0x00005d1d4f419574 in nxt::rt::deck::ready_item::resume_if_ready(nxt::rt::deck&) const at /home/mbrock/nxtui/build/../src-ng/nxt/rt/task.hpp:1901:18
#3  0x00005d1d4f415a82 in nxt::rt::deck::run_ready_with() at /home/mbrock/nxtui/build/../src-ng/nxt/rt/deck.hpp:200:33
#4  0x00005d1d4f4157d6 in nxt::rt::deck::run_ready() at /home/mbrock/nxtui/build/../src-ng/nxt/rt/deck.hpp:130:23
#5  0x00005d1d4f4abf2e in void nxt::rt::uring_wand::run_until_done<int>(nxt::rt::deck&, nxt::rt::task<int>&) at /home/mbrock/nxtui/build/../src-ng/nxt/rt/uring_wand.hpp:173:28
#6  0x00005d1d4f47fc31 in int nxt::rt::runtime::run<int>(nxt::rt::task<int>) at /home/mbrock/nxtui/build/../src-ng/nxt/rt/app.hpp:141:29
#7  0x00005d1d4f3873ee in main at /home/mbrock/nxtui/build/../src-ng/nxtai/nxtllm.cpp:1272:18
#8  0x000070ce23e2a600 in __libc_start_call_main at ./csu/../sysdeps/nptl/libc_start_call_main.h:59:16
#9  0x000070ce23e2a717 in __libc_start_main_impl at ./csu/../csu/libc-start.c:360:3
#10 0x00005d1d4f364f24 in _start at /home/mbrock/nxtui/build/nxtllm

stdout write #141 bytes 74
  at ../src-ng/nxt/rt/ui_runtime.hpp:434 in nxt::rt::task<void> nxt::rt::ui_runtime::terminal_owner_loop(std::chrono::milliseconds)
  preview "\e7\e[38;42H\e[48;2;27;56;68m\e[38;2;203;213;225m0\e[38;73H\e[48;2;44;46;46m06\e8"
Stack trace (most recent call first):
#0  0x00005d1d4f374d47 in write_stdout_all at /home/mbrock/nxtui/build/../src-ng/nxt/rt/ui_runtime.hpp:40:23
#1  0x00005d1d4f4138da in std::__n4861::coroutine_handle<void>::resume() const at /usr/include/c++/15/coroutine:142:50
#2  0x00005d1d4f419574 in nxt::rt::deck::ready_item::resume_if_ready(nxt::rt::deck&) const at /home/mbrock/nxtui/build/../src-ng/nxt/rt/task.hpp:1901:18
#3  0x00005d1d4f415a82 in nxt::rt::deck::run_ready_with() at /home/mbrock/nxtui/build/../src-ng/nxt/rt/deck.hpp:200:33
#4  0x00005d1d4f4157d6 in nxt::rt::deck::run_ready() at /home/mbrock/nxtui/build/../src-ng/nxt/rt/deck.hpp:130:23
#5  0x00005d1d4f4abf2e in void nxt::rt::uring_wand::run_until_done<int>(nxt::rt::deck&, nxt::rt::task<int>&) at /home/mbrock/nxtui/build/../src-ng/nxt/rt/uring_wand.hpp:173:28
#6  0x00005d1d4f47fc31 in int nxt::rt::runtime::run<int>(nxt::rt::task<int>) at /home/mbrock/nxtui/build/../src-ng/nxt/rt/app.hpp:141:29
#7  0x00005d1d4f3873ee in main at /home/mbrock/nxtui/build/../src-ng/nxtai/nxtllm.cpp:1272:18
#8  0x000070ce23e2a600 in __libc_start_call_main at ./csu/../sysdeps/nptl/libc_start_call_main.h:59:16
#9  0x000070ce23e2a717 in __libc_start_main_impl at ./csu/../csu/libc-start.c:360:3
#10 0x00005d1d4f364f24 in _start at /home/mbrock/nxtui/build/nxtllm

stdout write #142 bytes 96
  at ../src-ng/nxt/rt/ui_runtime.hpp:434 in nxt::rt::task<void> nxt::rt::ui_runtime::terminal_owner_loop(std::chrono::milliseconds)
  preview "\e7\e[38;25H\e[48;2;27;55;68m\e[38;2;203;213;225m               2.0K/s\xe2\x86\x93\e[38;74H\e[48;2;44;46;46m1\e8"
Stack trace (most recent call first):
#0  0x00005d1d4f374d47 in write_stdout_all at /home/mbrock/nxtui/build/../src-ng/nxt/rt/ui_runtime.hpp:40:23
#1  0x00005d1d4f4138da in std::__n4861::coroutine_handle<void>::resume() const at /usr/include/c++/15/coroutine:142:50
#2  0x00005d1d4f419574 in nxt::rt::deck::ready_item::resume_if_ready(nxt::rt::deck&) const at /home/mbrock/nxtui/build/../src-ng/nxt/rt/task.hpp:1901:18
#3  0x00005d1d4f415a82 in nxt::rt::deck::run_ready_with() at /home/mbrock/nxtui/build/../src-ng/nxt/rt/deck.hpp:200:33
#4  0x00005d1d4f4157d6 in nxt::rt::deck::run_ready() at /home/mbrock/nxtui/build/../src-ng/nxt/rt/deck.hpp:130:23
#5  0x00005d1d4f4abf2e in void nxt::rt::uring_wand::run_until_done<int>(nxt::rt::deck&, nxt::rt::task<int>&) at /home/mbrock/nxtui/build/../src-ng/nxt/rt/uring_wand.hpp:173:28
#6  0x00005d1d4f47fc31 in int nxt::rt::runtime::run<int>(nxt::rt::task<int>) at /home/mbrock/nxtui/build/../src-ng/nxt/rt/app.hpp:141:29
#7  0x00005d1d4f3873ee in main at /home/mbrock/nxtui/build/../src-ng/nxtai/nxtllm.cpp:1272:18
#8  0x000070ce23e2a600 in __libc_start_call_main at ./csu/../sysdeps/nptl/libc_start_call_main.h:59:16
#9  0x000070ce23e2a717 in __libc_start_main_impl at ./csu/../csu/libc-start.c:360:3
#10 0x00005d1d4f364f24 in _start at /home/mbrock/nxtui/build/nxtllm

stdout write #143 bytes 50
  at ../src-ng/nxt/rt/ui_runtime.hpp:434 in nxt::rt::task<void> nxt::rt::ui_runtime::terminal_owner_loop(std::chrono::milliseconds)
  preview "\e7\e[38;72H\e[48;2;44;46;46m\e[38;2;203;213;225m296\e8"
Stack trace (most recent call first):
#0  0x00005d1d4f374d47 in write_stdout_all at /home/mbrock/nxtui/build/../src-ng/nxt/rt/ui_runtime.hpp:40:23
#1  0x00005d1d4f4138da in std::__n4861::coroutine_handle<void>::resume() const at /usr/include/c++/15/coroutine:142:50
#2  0x00005d1d4f419574 in nxt::rt::deck::ready_item::resume_if_ready(nxt::rt::deck&) const at /home/mbrock/nxtui/build/../src-ng/nxt/rt/task.hpp:1901:18
#3  0x00005d1d4f415a82 in nxt::rt::deck::run_ready_with() at /home/mbrock/nxtui/build/../src-ng/nxt/rt/deck.hpp:200:33
#4  0x00005d1d4f4157d6 in nxt::rt::deck::run_ready() at /home/mbrock/nxtui/build/../src-ng/nxt/rt/deck.hpp:130:23
#5  0x00005d1d4f4abf2e in void nxt::rt::uring_wand::run_until_done<int>(nxt::rt::deck&, nxt::rt::task<int>&) at /home/mbrock/nxtui/build/../src-ng/nxt/rt/uring_wand.hpp:173:28
#6  0x00005d1d4f47fc31 in int nxt::rt::runtime::run<int>(nxt::rt::task<int>) at /home/mbrock/nxtui/build/../src-ng/nxt/rt/app.hpp:141:29
#7  0x00005d1d4f3873ee in main at /home/mbrock/nxtui/build/../src-ng/nxtai/nxtllm.cpp:1272:18
#8  0x000070ce23e2a600 in __libc_start_call_main at ./csu/../sysdeps/nptl/libc_start_call_main.h:59:16
#9  0x000070ce23e2a717 in __libc_start_main_impl at ./csu/../csu/libc-start.c:360:3
#10 0x00005d1d4f364f24 in _start at /home/mbrock/nxtui/build/nxtllm

stdout write #144 bytes 82
  at ../src-ng/nxt/rt/ui_runtime.hpp:434 in nxt::rt::task<void> nxt::rt::ui_runtime::terminal_owner_loop(std::chrono::milliseconds)
  preview "\e7\e[38;40H\e[48;2;27;55;68m\e[38;2;203;213;225m1\e[38;42H9\e[38;74H\e[48;2;44;46;46m1\e8"
Stack trace (most recent call first):
#0  0x00005d1d4f374d47 in write_stdout_all at /home/mbrock/nxtui/build/../src-ng/nxt/rt/ui_runtime.hpp:40:23
#1  0x00005d1d4f4138da in std::__n4861::coroutine_handle<void>::resume() const at /usr/include/c++/15/coroutine:142:50
#2  0x00005d1d4f419574 in nxt::rt::deck::ready_item::resume_if_ready(nxt::rt::deck&) const at /home/mbrock/nxtui/build/../src-ng/nxt/rt/task.hpp:1901:18
#3  0x00005d1d4f415a82 in nxt::rt::deck::run_ready_with() at /home/mbrock/nxtui/build/../src-ng/nxt/rt/deck.hpp:200:33
#4  0x00005d1d4f4157d6 in nxt::rt::deck::run_ready() at /home/mbrock/nxtui/build/../src-ng/nxt/rt/deck.hpp:130:23
#5  0x00005d1d4f4abf2e in void nxt::rt::uring_wand::run_until_done<int>(nxt::rt::deck&, nxt::rt::task<int>&) at /home/mbrock/nxtui/build/../src-ng/nxt/rt/uring_wand.hpp:173:28
#6  0x00005d1d4f47fc31 in int nxt::rt::runtime::run<int>(nxt::rt::task<int>) at /home/mbrock/nxtui/build/../src-ng/nxt/rt/app.hpp:141:29
#7  0x00005d1d4f3873ee in main at /home/mbrock/nxtui/build/../src-ng/nxtai/nxtllm.cpp:1272:18
#8  0x000070ce23e2a600 in __libc_start_call_main at ./csu/../sysdeps/nptl/libc_start_call_main.h:59:16
#9  0x000070ce23e2a717 in __libc_start_main_impl at ./csu/../csu/libc-start.c:360:3
#10 0x00005d1d4f364f24 in _start at /home/mbrock/nxtui/build/nxtllm

stdout write #145 bytes 49
  at ../src-ng/nxt/rt/ui_runtime.hpp:434 in nxt::rt::task<void> nxt::rt::ui_runtime::terminal_owner_loop(std::chrono::milliseconds)
  preview "\e7\e[38;73H\e[48;2;44;46;46m\e[38;2;203;213;225m87\e8"
Stack trace (most recent call first):
#0  0x00005d1d4f374d47 in write_stdout_all at /home/mbrock/nxtui/build/../src-ng/nxt/rt/ui_runtime.hpp:40:23
#1  0x00005d1d4f4138da in std::__n4861::coroutine_handle<void>::resume() const at /usr/include/c++/15/coroutine:142:50
#2  0x00005d1d4f419574 in nxt::rt::deck::ready_item::resume_if_ready(nxt::rt::deck&) const at /home/mbrock/nxtui/build/../src-ng/nxt/rt/task.hpp:1901:18
#3  0x00005d1d4f415a82 in nxt::rt::deck::run_ready_with() at /home/mbrock/nxtui/build/../src-ng/nxt/rt/deck.hpp:200:33
#4  0x00005d1d4f4157d6 in nxt::rt::deck::run_ready() at /home/mbrock/nxtui/build/../src-ng/nxt/rt/deck.hpp:130:23
#5  0x00005d1d4f4abf2e in void nxt::rt::uring_wand::run_until_done<int>(nxt::rt::deck&, nxt::rt::task<int>&) at /home/mbrock/nxtui/build/../src-ng/nxt/rt/uring_wand.hpp:173:28
#6  0x00005d1d4f47fc31 in int nxt::rt::runtime::run<int>(nxt::rt::task<int>) at /home/mbrock/nxtui/build/../src-ng/nxt/rt/app.hpp:141:29
#7  0x00005d1d4f3873ee in main at /home/mbrock/nxtui/build/../src-ng/nxtai/nxtllm.cpp:1272:18
#8  0x000070ce23e2a600 in __libc_start_call_main at ./csu/../sysdeps/nptl/libc_start_call_main.h:59:16
#9  0x000070ce23e2a717 in __libc_start_main_impl at ./csu/../csu/libc-start.c:360:3
#10 0x00005d1d4f364f24 in _start at /home/mbrock/nxtui/build/nxtllm

stdout write #146 bytes 48
  at ../src-ng/nxt/rt/ui_runtime.hpp:434 in nxt::rt::task<void> nxt::rt::ui_runtime::terminal_owner_loop(std::chrono::milliseconds)
  preview "\e7\e[38;74H\e[48;2;44;46;46m\e[38;2;203;213;225m2\e8"
Stack trace (most recent call first):
#0  0x00005d1d4f374d47 in write_stdout_all at /home/mbrock/nxtui/build/../src-ng/nxt/rt/ui_runtime.hpp:40:23
#1  0x00005d1d4f4138da in std::__n4861::coroutine_handle<void>::resume() const at /usr/include/c++/15/coroutine:142:50
#2  0x00005d1d4f419574 in nxt::rt::deck::ready_item::resume_if_ready(nxt::rt::deck&) const at /home/mbrock/nxtui/build/../src-ng/nxt/rt/task.hpp:1901:18
#3  0x00005d1d4f415a82 in nxt::rt::deck::run_ready_with() at /home/mbrock/nxtui/build/../src-ng/nxt/rt/deck.hpp:200:33
#4  0x00005d1d4f4157d6 in nxt::rt::deck::run_ready() at /home/mbrock/nxtui/build/../src-ng/nxt/rt/deck.hpp:130:23
#5  0x00005d1d4f4abf2e in void nxt::rt::uring_wand::run_until_done<int>(nxt::rt::deck&, nxt::rt::task<int>&) at /home/mbrock/nxtui/build/../src-ng/nxt/rt/uring_wand.hpp:173:28
#6  0x00005d1d4f47fc31 in int nxt::rt::runtime::run<int>(nxt::rt::task<int>) at /home/mbrock/nxtui/build/../src-ng/nxt/rt/app.hpp:141:29
#7  0x00005d1d4f3873ee in main at /home/mbrock/nxtui/build/../src-ng/nxtai/nxtllm.cpp:1272:18
#8  0x000070ce23e2a600 in __libc_start_call_main at ./csu/../sysdeps/nptl/libc_start_call_main.h:59:16
#9  0x000070ce23e2a717 in __libc_start_main_impl at ./csu/../csu/libc-start.c:360:3
#10 0x00005d1d4f364f24 in _start at /home/mbrock/nxtui/build/nxtllm

stdout write #147 bytes 74
  at ../src-ng/nxt/rt/ui_runtime.hpp:434 in nxt::rt::task<void> nxt::rt::ui_runtime::terminal_owner_loop(std::chrono::milliseconds)
  preview "\e7\e[38;42H\e[48;2;27;55;68m\e[38;2;203;213;225m8\e[38;73H\e[48;2;44;46;46m78\e8"
Stack trace (most recent call first):
#0  0x00005d1d4f374d47 in write_stdout_all at /home/mbrock/nxtui/build/../src-ng/nxt/rt/ui_runtime.hpp:40:23
#1  0x00005d1d4f4138da in std::__n4861::coroutine_handle<void>::resume() const at /usr/include/c++/15/coroutine:142:50
#2  0x00005d1d4f419574 in nxt::rt::deck::ready_item::resume_if_ready(nxt::rt::deck&) const at /home/mbrock/nxtui/build/../src-ng/nxt/rt/task.hpp:1901:18
#3  0x00005d1d4f415a82 in nxt::rt::deck::run_ready_with() at /home/mbrock/nxtui/build/../src-ng/nxt/rt/deck.hpp:200:33
#4  0x00005d1d4f4157d6 in nxt::rt::deck::run_ready() at /home/mbrock/nxtui/build/../src-ng/nxt/rt/deck.hpp:130:23
#5  0x00005d1d4f4abf2e in void nxt::rt::uring_wand::run_until_done<int>(nxt::rt::deck&, nxt::rt::task<int>&) at /home/mbrock/nxtui/build/../src-ng/nxt/rt/uring_wand.hpp:173:28
#6  0x00005d1d4f47fc31 in int nxt::rt::runtime::run<int>(nxt::rt::task<int>) at /home/mbrock/nxtui/build/../src-ng/nxt/rt/app.hpp:141:29
#7  0x00005d1d4f3873ee in main at /home/mbrock/nxtui/build/../src-ng/nxtai/nxtllm.cpp:1272:18
#8  0x000070ce23e2a600 in __libc_start_call_main at ./csu/../sysdeps/nptl/libc_start_call_main.h:59:16
#9  0x000070ce23e2a717 in __libc_start_main_impl at ./csu/../csu/libc-start.c:360:3
#10 0x00005d1d4f364f24 in _start at /home/mbrock/nxtui/build/nxtllm

stdout write #148 bytes 96
  at ../src-ng/nxt/rt/ui_runtime.hpp:434 in nxt::rt::task<void> nxt::rt::ui_runtime::terminal_owner_loop(std::chrono::milliseconds)
  preview "\e7\e[38;25H\e[48;2;27;55;67m\e[38;2;203;213;225m               1.8K/s\xe2\x86\x93\e[38;74H\e[48;2;44;46;46m3\e8"
Stack trace (most recent call first):
#0  0x00005d1d4f374d47 in write_stdout_all at /home/mbrock/nxtui/build/../src-ng/nxt/rt/ui_runtime.hpp:40:23
#1  0x00005d1d4f4138da in std::__n4861::coroutine_handle<void>::resume() const at /usr/include/c++/15/coroutine:142:50
#2  0x00005d1d4f419574 in nxt::rt::deck::ready_item::resume_if_ready(nxt::rt::deck&) const at /home/mbrock/nxtui/build/../src-ng/nxt/rt/task.hpp:1901:18
#3  0x00005d1d4f415a82 in nxt::rt::deck::run_ready_with() at /home/mbrock/nxtui/build/../src-ng/nxt/rt/deck.hpp:200:33
#4  0x00005d1d4f4157d6 in nxt::rt::deck::run_ready() at /home/mbrock/nxtui/build/../src-ng/nxt/rt/deck.hpp:130:23
#5  0x00005d1d4f4abf2e in void nxt::rt::uring_wand::run_until_done<int>(nxt::rt::deck&, nxt::rt::task<int>&) at /home/mbrock/nxtui/build/../src-ng/nxt/rt/uring_wand.hpp:173:28
#6  0x00005d1d4f47fc31 in int nxt::rt::runtime::run<int>(nxt::rt::task<int>) at /home/mbrock/nxtui/build/../src-ng/nxt/rt/app.hpp:141:29
#7  0x00005d1d4f3873ee in main at /home/mbrock/nxtui/build/../src-ng/nxtai/nxtllm.cpp:1272:18
#8  0x000070ce23e2a600 in __libc_start_call_main at ./csu/../sysdeps/nptl/libc_start_call_main.h:59:16
#9  0x000070ce23e2a717 in __libc_start_main_impl at ./csu/../csu/libc-start.c:360:3
#10 0x00005d1d4f364f24 in _start at /home/mbrock/nxtui/build/nxtllm

stdout write #149 bytes 49
  at ../src-ng/nxt/rt/ui_runtime.hpp:434 in nxt::rt::task<void> nxt::rt::ui_runtime::terminal_owner_loop(std::chrono::milliseconds)
  preview "\e7\e[38;73H\e[48;2;44;46;46m\e[38;2;203;213;225m69\e8"
Stack trace (most recent call first):
#0  0x00005d1d4f374d47 in write_stdout_all at /home/mbrock/nxtui/build/../src-ng/nxt/rt/ui_runtime.hpp:40:23
#1  0x00005d1d4f4138da in std::__n4861::coroutine_handle<void>::resume() const at /usr/include/c++/15/coroutine:142:50
#2  0x00005d1d4f419574 in nxt::rt::deck::ready_item::resume_if_ready(nxt::rt::deck&) const at /home/mbrock/nxtui/build/../src-ng/nxt/rt/task.hpp:1901:18
#3  0x00005d1d4f415a82 in nxt::rt::deck::run_ready_with() at /home/mbrock/nxtui/build/../src-ng/nxt/rt/deck.hpp:200:33
#4  0x00005d1d4f4157d6 in nxt::rt::deck::run_ready() at /home/mbrock/nxtui/build/../src-ng/nxt/rt/deck.hpp:130:23
#5  0x00005d1d4f4abf2e in void nxt::rt::uring_wand::run_until_done<int>(nxt::rt::deck&, nxt::rt::task<int>&) at /home/mbrock/nxtui/build/../src-ng/nxt/rt/uring_wand.hpp:173:28
#6  0x00005d1d4f47fc31 in int nxt::rt::runtime::run<int>(nxt::rt::task<int>) at /home/mbrock/nxtui/build/../src-ng/nxt/rt/app.hpp:141:29
#7  0x00005d1d4f3873ee in main at /home/mbrock/nxtui/build/../src-ng/nxtai/nxtllm.cpp:1272:18
#8  0x000070ce23e2a600 in __libc_start_call_main at ./csu/../sysdeps/nptl/libc_start_call_main.h:59:16
#9  0x000070ce23e2a717 in __libc_start_main_impl at ./csu/../csu/libc-start.c:360:3
#10 0x00005d1d4f364f24 in _start at /home/mbrock/nxtui/build/nxtllm

stdout write #150 bytes 96
  at ../src-ng/nxt/rt/ui_runtime.hpp:434 in nxt::rt::task<void> nxt::rt::ui_runtime::terminal_owner_loop(std::chrono::milliseconds)
  preview "\e7\e[38;25H\e[48;2;26;55;67m\e[38;2;203;213;225m               1.8K/s\xe2\x86\x93\e[38;74H\e[48;2;44;46;46m5\e8"
Stack trace (most recent call first):
#0  0x00005d1d4f374d47 in write_stdout_all at /home/mbrock/nxtui/build/../src-ng/nxt/rt/ui_runtime.hpp:40:23
#1  0x00005d1d4f4138da in std::__n4861::coroutine_handle<void>::resume() const at /usr/include/c++/15/coroutine:142:50
#2  0x00005d1d4f419574 in nxt::rt::deck::ready_item::resume_if_ready(nxt::rt::deck&) const at /home/mbrock/nxtui/build/../src-ng/nxt/rt/task.hpp:1901:18
#3  0x00005d1d4f415a82 in nxt::rt::deck::run_ready_with() at /home/mbrock/nxtui/build/../src-ng/nxt/rt/deck.hpp:200:33
#4  0x00005d1d4f4157d6 in nxt::rt::deck::run_ready() at /home/mbrock/nxtui/build/../src-ng/nxt/rt/deck.hpp:130:23
#5  0x00005d1d4f4abf2e in void nxt::rt::uring_wand::run_until_done<int>(nxt::rt::deck&, nxt::rt::task<int>&) at /home/mbrock/nxtui/build/../src-ng/nxt/rt/uring_wand.hpp:173:28
#6  0x00005d1d4f47fc31 in int nxt::rt::runtime::run<int>(nxt::rt::task<int>) at /home/mbrock/nxtui/build/../src-ng/nxt/rt/app.hpp:141:29
#7  0x00005d1d4f3873ee in main at /home/mbrock/nxtui/build/../src-ng/nxtai/nxtllm.cpp:1272:18
#8  0x000070ce23e2a600 in __libc_start_call_main at ./csu/../sysdeps/nptl/libc_start_call_main.h:59:16
#9  0x000070ce23e2a717 in __libc_start_main_impl at ./csu/../csu/libc-start.c:360:3
#10 0x00005d1d4f364f24 in _start at /home/mbrock/nxtui/build/nxtllm

stdout write #151 bytes 96
  at ../src-ng/nxt/rt/ui_runtime.hpp:434 in nxt::rt::task<void> nxt::rt::ui_runtime::terminal_owner_loop(std::chrono::milliseconds)
  preview "\e7\e[38;25H\e[48;2;26;54;67m\e[38;2;203;213;225m               1.7K/s\xe2\x86\x93\e[38;74H\e[48;2;44;46;46m1\e8"
Stack trace (most recent call first):
#0  0x00005d1d4f374d47 in write_stdout_all at /home/mbrock/nxtui/build/../src-ng/nxt/rt/ui_runtime.hpp:40:23
#1  0x00005d1d4f4138da in std::__n4861::coroutine_handle<void>::resume() const at /usr/include/c++/15/coroutine:142:50
#2  0x00005d1d4f419574 in nxt::rt::deck::ready_item::resume_if_ready(nxt::rt::deck&) const at /home/mbrock/nxtui/build/../src-ng/nxt/rt/task.hpp:1901:18
#3  0x00005d1d4f415a82 in nxt::rt::deck::run_ready_with() at /home/mbrock/nxtui/build/../src-ng/nxt/rt/deck.hpp:200:33
#4  0x00005d1d4f4157d6 in nxt::rt::deck::run_ready() at /home/mbrock/nxtui/build/../src-ng/nxt/rt/deck.hpp:130:23
#5  0x00005d1d4f4abf2e in void nxt::rt::uring_wand::run_until_done<int>(nxt::rt::deck&, nxt::rt::task<int>&) at /home/mbrock/nxtui/build/../src-ng/nxt/rt/uring_wand.hpp:173:28
#6  0x00005d1d4f47fc31 in int nxt::rt::runtime::run<int>(nxt::rt::task<int>) at /home/mbrock/nxtui/build/../src-ng/nxt/rt/app.hpp:141:29
#7  0x00005d1d4f3873ee in main at /home/mbrock/nxtui/build/../src-ng/nxtai/nxtllm.cpp:1272:18
#8  0x000070ce23e2a600 in __libc_start_call_main at ./csu/../sysdeps/nptl/libc_start_call_main.h:59:16
#9  0x000070ce23e2a717 in __libc_start_main_impl at ./csu/../csu/libc-start.c:360:3
#10 0x00005d1d4f364f24 in _start at /home/mbrock/nxtui/build/nxtllm

stdout write #152 bytes 49
  at ../src-ng/nxt/rt/ui_runtime.hpp:434 in nxt::rt::task<void> nxt::rt::ui_runtime::terminal_owner_loop(std::chrono::milliseconds)
  preview "\e7\e[38;73H\e[48;2;44;46;46m\e[38;2;203;213;225m56\e8"
Stack trace (most recent call first):
#0  0x00005d1d4f374d47 in write_stdout_all at /home/mbrock/nxtui/build/../src-ng/nxt/rt/ui_runtime.hpp:40:23
#1  0x00005d1d4f4138da in std::__n4861::coroutine_handle<void>::resume() const at /usr/include/c++/15/coroutine:142:50
#2  0x00005d1d4f419574 in nxt::rt::deck::ready_item::resume_if_ready(nxt::rt::deck&) const at /home/mbrock/nxtui/build/../src-ng/nxt/rt/task.hpp:1901:18
#3  0x00005d1d4f415a82 in nxt::rt::deck::run_ready_with() at /home/mbrock/nxtui/build/../src-ng/nxt/rt/deck.hpp:200:33
#4  0x00005d1d4f4157d6 in nxt::rt::deck::run_ready() at /home/mbrock/nxtui/build/../src-ng/nxt/rt/deck.hpp:130:23
#5  0x00005d1d4f4abf2e in void nxt::rt::uring_wand::run_until_done<int>(nxt::rt::deck&, nxt::rt::task<int>&) at /home/mbrock/nxtui/build/../src-ng/nxt/rt/uring_wand.hpp:173:28
#6  0x00005d1d4f47fc31 in int nxt::rt::runtime::run<int>(nxt::rt::task<int>) at /home/mbrock/nxtui/build/../src-ng/nxt/rt/app.hpp:141:29
#7  0x00005d1d4f3873ee in main at /home/mbrock/nxtui/build/../src-ng/nxtai/nxtllm.cpp:1272:18
#8  0x000070ce23e2a600 in __libc_start_call_main at ./csu/../sysdeps/nptl/libc_start_call_main.h:59:16
#9  0x000070ce23e2a717 in __libc_start_main_impl at ./csu/../csu/libc-start.c:360:3
#10 0x00005d1d4f364f24 in _start at /home/mbrock/nxtui/build/nxtllm

stdout write #153 bytes 48
  at ../src-ng/nxt/rt/ui_runtime.hpp:434 in nxt::rt::task<void> nxt::rt::ui_runtime::terminal_owner_loop(std::chrono::milliseconds)
  preview "\e7\e[38;74H\e[48;2;44;46;46m\e[38;2;203;213;225m2\e8"
Stack trace (most recent call first):
#0  0x00005d1d4f374d47 in write_stdout_all at /home/mbrock/nxtui/build/../src-ng/nxt/rt/ui_runtime.hpp:40:23
#1  0x00005d1d4f4138da in std::__n4861::coroutine_handle<void>::resume() const at /usr/include/c++/15/coroutine:142:50
#2  0x00005d1d4f419574 in nxt::rt::deck::ready_item::resume_if_ready(nxt::rt::deck&) const at /home/mbrock/nxtui/build/../src-ng/nxt/rt/task.hpp:1901:18
#3  0x00005d1d4f415a82 in nxt::rt::deck::run_ready_with() at /home/mbrock/nxtui/build/../src-ng/nxt/rt/deck.hpp:200:33
#4  0x00005d1d4f4157d6 in nxt::rt::deck::run_ready() at /home/mbrock/nxtui/build/../src-ng/nxt/rt/deck.hpp:130:23
#5  0x00005d1d4f4abf2e in void nxt::rt::uring_wand::run_until_done<int>(nxt::rt::deck&, nxt::rt::task<int>&) at /home/mbrock/nxtui/build/../src-ng/nxt/rt/uring_wand.hpp:173:28
#6  0x00005d1d4f47fc31 in int nxt::rt::runtime::run<int>(nxt::rt::task<int>) at /home/mbrock/nxtui/build/../src-ng/nxt/rt/app.hpp:141:29
#7  0x00005d1d4f3873ee in main at /home/mbrock/nxtui/build/../src-ng/nxtai/nxtllm.cpp:1272:18
#8  0x000070ce23e2a600 in __libc_start_call_main at ./csu/../sysdeps/nptl/libc_start_call_main.h:59:16
#9  0x000070ce23e2a717 in __libc_start_main_impl at ./csu/../csu/libc-start.c:360:3
#10 0x00005d1d4f364f24 in _start at /home/mbrock/nxtui/build/nxtllm

stdout write #154 bytes 74
  at ../src-ng/nxt/rt/ui_runtime.hpp:434 in nxt::rt::task<void> nxt::rt::ui_runtime::terminal_owner_loop(std::chrono::milliseconds)
  preview "\e7\e[38;42H\e[48;2;26;54;67m\e[38;2;203;213;225m6\e[38;73H\e[48;2;44;46;46m48\e8"
Stack trace (most recent call first):
#0  0x00005d1d4f374d47 in write_stdout_all at /home/mbrock/nxtui/build/../src-ng/nxt/rt/ui_runtime.hpp:40:23
#1  0x00005d1d4f4138da in std::__n4861::coroutine_handle<void>::resume() const at /usr/include/c++/15/coroutine:142:50
#2  0x00005d1d4f419574 in nxt::rt::deck::ready_item::resume_if_ready(nxt::rt::deck&) const at /home/mbrock/nxtui/build/../src-ng/nxt/rt/task.hpp:1901:18
#3  0x00005d1d4f415a82 in nxt::rt::deck::run_ready_with() at /home/mbrock/nxtui/build/../src-ng/nxt/rt/deck.hpp:200:33
#4  0x00005d1d4f4157d6 in nxt::rt::deck::run_ready() at /home/mbrock/nxtui/build/../src-ng/nxt/rt/deck.hpp:130:23
#5  0x00005d1d4f4abf2e in void nxt::rt::uring_wand::run_until_done<int>(nxt::rt::deck&, nxt::rt::task<int>&) at /home/mbrock/nxtui/build/../src-ng/nxt/rt/uring_wand.hpp:173:28
#6  0x00005d1d4f47fc31 in int nxt::rt::runtime::run<int>(nxt::rt::task<int>) at /home/mbrock/nxtui/build/../src-ng/nxt/rt/app.hpp:141:29
#7  0x00005d1d4f3873ee in main at /home/mbrock/nxtui/build/../src-ng/nxtai/nxtllm.cpp:1272:18
#8  0x000070ce23e2a600 in __libc_start_call_main at ./csu/../sysdeps/nptl/libc_start_call_main.h:59:16
#9  0x000070ce23e2a717 in __libc_start_main_impl at ./csu/../csu/libc-start.c:360:3
#10 0x00005d1d4f364f24 in _start at /home/mbrock/nxtui/build/nxtllm

stdout write #155 bytes 48
  at ../src-ng/nxt/rt/ui_runtime.hpp:434 in nxt::rt::task<void> nxt::rt::ui_runtime::terminal_owner_loop(std::chrono::milliseconds)
  preview "\e7\e[38;74H\e[48;2;44;46;46m\e[38;2;203;213;225m4\e8"
Stack trace (most recent call first):
#0  0x00005d1d4f374d47 in write_stdout_all at /home/mbrock/nxtui/build/../src-ng/nxt/rt/ui_runtime.hpp:40:23
#1  0x00005d1d4f4138da in std::__n4861::coroutine_handle<void>::resume() const at /usr/include/c++/15/coroutine:142:50
#2  0x00005d1d4f419574 in nxt::rt::deck::ready_item::resume_if_ready(nxt::rt::deck&) const at /home/mbrock/nxtui/build/../src-ng/nxt/rt/task.hpp:1901:18
#3  0x00005d1d4f415a82 in nxt::rt::deck::run_ready_with() at /home/mbrock/nxtui/build/../src-ng/nxt/rt/deck.hpp:200:33
#4  0x00005d1d4f4157d6 in nxt::rt::deck::run_ready() at /home/mbrock/nxtui/build/../src-ng/nxt/rt/deck.hpp:130:23
#5  0x00005d1d4f4abf2e in void nxt::rt::uring_wand::run_until_done<int>(nxt::rt::deck&, nxt::rt::task<int>&) at /home/mbrock/nxtui/build/../src-ng/nxt/rt/uring_wand.hpp:173:28
#6  0x00005d1d4f47fc31 in int nxt::rt::runtime::run<int>(nxt::rt::task<int>) at /home/mbrock/nxtui/build/../src-ng/nxt/rt/app.hpp:141:29
#7  0x00005d1d4f3873ee in main at /home/mbrock/nxtui/build/../src-ng/nxtai/nxtllm.cpp:1272:18
#8  0x000070ce23e2a600 in __libc_start_call_main at ./csu/../sysdeps/nptl/libc_start_call_main.h:59:16
#9  0x000070ce23e2a717 in __libc_start_main_impl at ./csu/../csu/libc-start.c:360:3
#10 0x00005d1d4f364f24 in _start at /home/mbrock/nxtui/build/nxtllm

stdout write #156 bytes 48
  at ../src-ng/nxt/rt/ui_runtime.hpp:434 in nxt::rt::task<void> nxt::rt::ui_runtime::terminal_owner_loop(std::chrono::milliseconds)
  preview "\e7\e[38;74H\e[48;2;44;46;46m\e[38;2;203;213;225m0\e8"
Stack trace (most recent call first):
#0  0x00005d1d4f374d47 in write_stdout_all at /home/mbrock/nxtui/build/../src-ng/nxt/rt/ui_runtime.hpp:40:23
#1  0x00005d1d4f4138da in std::__n4861::coroutine_handle<void>::resume() const at /usr/include/c++/15/coroutine:142:50
#2  0x00005d1d4f419574 in nxt::rt::deck::ready_item::resume_if_ready(nxt::rt::deck&) const at /home/mbrock/nxtui/build/../src-ng/nxt/rt/task.hpp:1901:18
#3  0x00005d1d4f415a82 in nxt::rt::deck::run_ready_with() at /home/mbrock/nxtui/build/../src-ng/nxt/rt/deck.hpp:200:33
#4  0x00005d1d4f4157d6 in nxt::rt::deck::run_ready() at /home/mbrock/nxtui/build/../src-ng/nxt/rt/deck.hpp:130:23
#5  0x00005d1d4f4abf2e in void nxt::rt::uring_wand::run_until_done<int>(nxt::rt::deck&, nxt::rt::task<int>&) at /home/mbrock/nxtui/build/../src-ng/nxt/rt/uring_wand.hpp:173:28
#6  0x00005d1d4f47fc31 in int nxt::rt::runtime::run<int>(nxt::rt::task<int>) at /home/mbrock/nxtui/build/../src-ng/nxt/rt/app.hpp:141:29
#7  0x00005d1d4f3873ee in main at /home/mbrock/nxtui/build/../src-ng/nxtai/nxtllm.cpp:1272:18
#8  0x000070ce23e2a600 in __libc_start_call_main at ./csu/../sysdeps/nptl/libc_start_call_main.h:59:16
#9  0x000070ce23e2a717 in __libc_start_main_impl at ./csu/../csu/libc-start.c:360:3
#10 0x00005d1d4f364f24 in _start at /home/mbrock/nxtui/build/nxtllm

stdout write #157 bytes 49
  at ../src-ng/nxt/rt/ui_runtime.hpp:434 in nxt::rt::task<void> nxt::rt::ui_runtime::terminal_owner_loop(std::chrono::milliseconds)
  preview "\e7\e[38;73H\e[48;2;44;46;46m\e[38;2;203;213;225m37\e8"
Stack trace (most recent call first):
#0  0x00005d1d4f374d47 in write_stdout_all at /home/mbrock/nxtui/build/../src-ng/nxt/rt/ui_runtime.hpp:40:23
#1  0x00005d1d4f4138da in std::__n4861::coroutine_handle<void>::resume() const at /usr/include/c++/15/coroutine:142:50
#2  0x00005d1d4f419574 in nxt::rt::deck::ready_item::resume_if_ready(nxt::rt::deck&) const at /home/mbrock/nxtui/build/../src-ng/nxt/rt/task.hpp:1901:18
#3  0x00005d1d4f415a82 in nxt::rt::deck::run_ready_with() at /home/mbrock/nxtui/build/../src-ng/nxt/rt/deck.hpp:200:33
#4  0x00005d1d4f4157d6 in nxt::rt::deck::run_ready() at /home/mbrock/nxtui/build/../src-ng/nxt/rt/deck.hpp:130:23
#5  0x00005d1d4f4abf2e in void nxt::rt::uring_wand::run_until_done<int>(nxt::rt::deck&, nxt::rt::task<int>&) at /home/mbrock/nxtui/build/../src-ng/nxt/rt/uring_wand.hpp:173:28
#6  0x00005d1d4f47fc31 in int nxt::rt::runtime::run<int>(nxt::rt::task<int>) at /home/mbrock/nxtui/build/../src-ng/nxt/rt/app.hpp:141:29
#7  0x00005d1d4f3873ee in main at /home/mbrock/nxtui/build/../src-ng/nxtai/nxtllm.cpp:1272:18
#8  0x000070ce23e2a600 in __libc_start_call_main at ./csu/../sysdeps/nptl/libc_start_call_main.h:59:16
#9  0x000070ce23e2a717 in __libc_start_main_impl at ./csu/../csu/libc-start.c:360:3
#10 0x00005d1d4f364f24 in _start at /home/mbrock/nxtui/build/nxtllm

stdout write #158 bytes 73
  at ../src-ng/nxt/rt/ui_runtime.hpp:434 in nxt::rt::task<void> nxt::rt::ui_runtime::terminal_owner_loop(std::chrono::milliseconds)
  preview "\e7\e[38;42H\e[48;2;26;54;67m\e[38;2;203;213;225m5\e[38;74H\e[48;2;44;46;46m3\e8"
Stack trace (most recent call first):
#0  0x00005d1d4f374d47 in write_stdout_all at /home/mbrock/nxtui/build/../src-ng/nxt/rt/ui_runtime.hpp:40:23
#1  0x00005d1d4f4138da in std::__n4861::coroutine_handle<void>::resume() const at /usr/include/c++/15/coroutine:142:50
#2  0x00005d1d4f419574 in nxt::rt::deck::ready_item::resume_if_ready(nxt::rt::deck&) const at /home/mbrock/nxtui/build/../src-ng/nxt/rt/task.hpp:1901:18
#3  0x00005d1d4f415a82 in nxt::rt::deck::run_ready_with() at /home/mbrock/nxtui/build/../src-ng/nxt/rt/deck.hpp:200:33
#4  0x00005d1d4f4157d6 in nxt::rt::deck::run_ready() at /home/mbrock/nxtui/build/../src-ng/nxt/rt/deck.hpp:130:23
#5  0x00005d1d4f4abf2e in void nxt::rt::uring_wand::run_until_done<int>(nxt::rt::deck&, nxt::rt::task<int>&) at /home/mbrock/nxtui/build/../src-ng/nxt/rt/uring_wand.hpp:173:28
#6  0x00005d1d4f47fc31 in int nxt::rt::runtime::run<int>(nxt::rt::task<int>) at /home/mbrock/nxtui/build/../src-ng/nxt/rt/app.hpp:141:29
#7  0x00005d1d4f3873ee in main at /home/mbrock/nxtui/build/../src-ng/nxtai/nxtllm.cpp:1272:18
#8  0x000070ce23e2a600 in __libc_start_call_main at ./csu/../sysdeps/nptl/libc_start_call_main.h:59:16
#9  0x000070ce23e2a717 in __libc_start_main_impl at ./csu/../csu/libc-start.c:360:3
#10 0x00005d1d4f364f24 in _start at /home/mbrock/nxtui/build/nxtllm

stdout write #159 bytes 49
  at ../src-ng/nxt/rt/ui_runtime.hpp:434 in nxt::rt::task<void> nxt::rt::ui_runtime::terminal_owner_loop(std::chrono::milliseconds)
  preview "\e7\e[38;73H\e[48;2;44;46;46m\e[38;2;203;213;225m29\e8"
Stack trace (most recent call first):
#0  0x00005d1d4f374d47 in write_stdout_all at /home/mbrock/nxtui/build/../src-ng/nxt/rt/ui_runtime.hpp:40:23
#1  0x00005d1d4f4138da in std::__n4861::coroutine_handle<void>::resume() const at /usr/include/c++/15/coroutine:142:50
#2  0x00005d1d4f419574 in nxt::rt::deck::ready_item::resume_if_ready(nxt::rt::deck&) const at /home/mbrock/nxtui/build/../src-ng/nxt/rt/task.hpp:1901:18
#3  0x00005d1d4f415a82 in nxt::rt::deck::run_ready_with() at /home/mbrock/nxtui/build/../src-ng/nxt/rt/deck.hpp:200:33
#4  0x00005d1d4f4157d6 in nxt::rt::deck::run_ready() at /home/mbrock/nxtui/build/../src-ng/nxt/rt/deck.hpp:130:23
#5  0x00005d1d4f4abf2e in void nxt::rt::uring_wand::run_until_done<int>(nxt::rt::deck&, nxt::rt::task<int>&) at /home/mbrock/nxtui/build/../src-ng/nxt/rt/uring_wand.hpp:173:28
#6  0x00005d1d4f47fc31 in int nxt::rt::runtime::run<int>(nxt::rt::task<int>) at /home/mbrock/nxtui/build/../src-ng/nxt/rt/app.hpp:141:29
#7  0x00005d1d4f3873ee in main at /home/mbrock/nxtui/build/../src-ng/nxtai/nxtllm.cpp:1272:18
#8  0x000070ce23e2a600 in __libc_start_call_main at ./csu/../sysdeps/nptl/libc_start_call_main.h:59:16
#9  0x000070ce23e2a717 in __libc_start_main_impl at ./csu/../csu/libc-start.c:360:3
#10 0x00005d1d4f364f24 in _start at /home/mbrock/nxtui/build/nxtllm

stdout write #160 bytes 48
  at ../src-ng/nxt/rt/ui_runtime.hpp:434 in nxt::rt::task<void> nxt::rt::ui_runtime::terminal_owner_loop(std::chrono::milliseconds)
  preview "\e7\e[38;74H\e[48;2;44;46;46m\e[38;2;203;213;225m5\e8"
Stack trace (most recent call first):
#0  0x00005d1d4f374d47 in write_stdout_all at /home/mbrock/nxtui/build/../src-ng/nxt/rt/ui_runtime.hpp:40:23
#1  0x00005d1d4f4138da in std::__n4861::coroutine_handle<void>::resume() const at /usr/include/c++/15/coroutine:142:50
#2  0x00005d1d4f419574 in nxt::rt::deck::ready_item::resume_if_ready(nxt::rt::deck&) const at /home/mbrock/nxtui/build/../src-ng/nxt/rt/task.hpp:1901:18
#3  0x00005d1d4f415a82 in nxt::rt::deck::run_ready_with() at /home/mbrock/nxtui/build/../src-ng/nxt/rt/deck.hpp:200:33
#4  0x00005d1d4f4157d6 in nxt::rt::deck::run_ready() at /home/mbrock/nxtui/build/../src-ng/nxt/rt/deck.hpp:130:23
#5  0x00005d1d4f4abf2e in void nxt::rt::uring_wand::run_until_done<int>(nxt::rt::deck&, nxt::rt::task<int>&) at /home/mbrock/nxtui/build/../src-ng/nxt/rt/uring_wand.hpp:173:28
#6  0x00005d1d4f47fc31 in int nxt::rt::runtime::run<int>(nxt::rt::task<int>) at /home/mbrock/nxtui/build/../src-ng/nxt/rt/app.hpp:141:29
#7  0x00005d1d4f3873ee in main at /home/mbrock/nxtui/build/../src-ng/nxtai/nxtllm.cpp:1272:18
#8  0x000070ce23e2a600 in __libc_start_call_main at ./csu/../sysdeps/nptl/libc_start_call_main.h:59:16
#9  0x000070ce23e2a717 in __libc_start_main_impl at ./csu/../csu/libc-start.c:360:3
#10 0x00005d1d4f364f24 in _start at /home/mbrock/nxtui/build/nxtllm

stdout write #161 bytes 96
  at ../src-ng/nxt/rt/ui_runtime.hpp:434 in nxt::rt::task<void> nxt::rt::ui_runtime::terminal_owner_loop(std::chrono::milliseconds)
  preview "\e7\e[38;25H\e[48;2;26;53;66m\e[38;2;203;213;225m               1.5K/s\xe2\x86\x93\e[38;74H\e[48;2;44;46;46m2\e8"
Stack trace (most recent call first):
#0  0x00005d1d4f374d47 in write_stdout_all at /home/mbrock/nxtui/build/../src-ng/nxt/rt/ui_runtime.hpp:40:23
#1  0x00005d1d4f4138da in std::__n4861::coroutine_handle<void>::resume() const at /usr/include/c++/15/coroutine:142:50
#2  0x00005d1d4f419574 in nxt::rt::deck::ready_item::resume_if_ready(nxt::rt::deck&) const at /home/mbrock/nxtui/build/../src-ng/nxt/rt/task.hpp:1901:18
#3  0x00005d1d4f415a82 in nxt::rt::deck::run_ready_with() at /home/mbrock/nxtui/build/../src-ng/nxt/rt/deck.hpp:200:33
#4  0x00005d1d4f4157d6 in nxt::rt::deck::run_ready() at /home/mbrock/nxtui/build/../src-ng/nxt/rt/deck.hpp:130:23
#5  0x00005d1d4f4abf2e in void nxt::rt::uring_wand::run_until_done<int>(nxt::rt::deck&, nxt::rt::task<int>&) at /home/mbrock/nxtui/build/../src-ng/nxt/rt/uring_wand.hpp:173:28
#6  0x00005d1d4f47fc31 in int nxt::rt::runtime::run<int>(nxt::rt::task<int>) at /home/mbrock/nxtui/build/../src-ng/nxt/rt/app.hpp:141:29
#7  0x00005d1d4f3873ee in main at /home/mbrock/nxtui/build/../src-ng/nxtai/nxtllm.cpp:1272:18
#8  0x000070ce23e2a600 in __libc_start_call_main at ./csu/../sysdeps/nptl/libc_start_call_main.h:59:16
#9  0x000070ce23e2a717 in __libc_start_main_impl at ./csu/../csu/libc-start.c:360:3
#10 0x00005d1d4f364f24 in _start at /home/mbrock/nxtui/build/nxtllm

stdout write #162 bytes 74
  at ../src-ng/nxt/rt/ui_runtime.hpp:434 in nxt::rt::task<void> nxt::rt::ui_runtime::terminal_owner_loop(std::chrono::milliseconds)
  preview "\e7\e[38;42H\e[48;2;26;53;66m\e[38;2;203;213;225m4\e[38;73H\e[48;2;44;46;46m18\e8"
Stack trace (most recent call first):
#0  0x00005d1d4f374d47 in write_stdout_all at /home/mbrock/nxtui/build/../src-ng/nxt/rt/ui_runtime.hpp:40:23
#1  0x00005d1d4f4138da in std::__n4861::coroutine_handle<void>::resume() const at /usr/include/c++/15/coroutine:142:50
#2  0x00005d1d4f419574 in nxt::rt::deck::ready_item::resume_if_ready(nxt::rt::deck&) const at /home/mbrock/nxtui/build/../src-ng/nxt/rt/task.hpp:1901:18
#3  0x00005d1d4f415a82 in nxt::rt::deck::run_ready_with() at /home/mbrock/nxtui/build/../src-ng/nxt/rt/deck.hpp:200:33
#4  0x00005d1d4f4157d6 in nxt::rt::deck::run_ready() at /home/mbrock/nxtui/build/../src-ng/nxt/rt/deck.hpp:130:23
#5  0x00005d1d4f4abf2e in void nxt::rt::uring_wand::run_until_done<int>(nxt::rt::deck&, nxt::rt::task<int>&) at /home/mbrock/nxtui/build/../src-ng/nxt/rt/uring_wand.hpp:173:28
#6  0x00005d1d4f47fc31 in int nxt::rt::runtime::run<int>(nxt::rt::task<int>) at /home/mbrock/nxtui/build/../src-ng/nxt/rt/app.hpp:141:29
#7  0x00005d1d4f3873ee in main at /home/mbrock/nxtui/build/../src-ng/nxtai/nxtllm.cpp:1272:18
#8  0x000070ce23e2a600 in __libc_start_call_main at ./csu/../sysdeps/nptl/libc_start_call_main.h:59:16
#9  0x000070ce23e2a717 in __libc_start_main_impl at ./csu/../csu/libc-start.c:360:3
#10 0x00005d1d4f364f24 in _start at /home/mbrock/nxtui/build/nxtllm

stdout write #163 bytes 48
  at ../src-ng/nxt/rt/ui_runtime.hpp:434 in nxt::rt::task<void> nxt::rt::ui_runtime::terminal_owner_loop(std::chrono::milliseconds)
  preview "\e7\e[38;74H\e[48;2;44;46;46m\e[38;2;203;213;225m5\e8"
Stack trace (most recent call first):
#0  0x00005d1d4f374d47 in write_stdout_all at /home/mbrock/nxtui/build/../src-ng/nxt/rt/ui_runtime.hpp:40:23
#1  0x00005d1d4f4138da in std::__n4861::coroutine_handle<void>::resume() const at /usr/include/c++/15/coroutine:142:50
#2  0x00005d1d4f419574 in nxt::rt::deck::ready_item::resume_if_ready(nxt::rt::deck&) const at /home/mbrock/nxtui/build/../src-ng/nxt/rt/task.hpp:1901:18
#3  0x00005d1d4f415a82 in nxt::rt::deck::run_ready_with() at /home/mbrock/nxtui/build/../src-ng/nxt/rt/deck.hpp:200:33
#4  0x00005d1d4f4157d6 in nxt::rt::deck::run_ready() at /home/mbrock/nxtui/build/../src-ng/nxt/rt/deck.hpp:130:23
#5  0x00005d1d4f4abf2e in void nxt::rt::uring_wand::run_until_done<int>(nxt::rt::deck&, nxt::rt::task<int>&) at /home/mbrock/nxtui/build/../src-ng/nxt/rt/uring_wand.hpp:173:28
#6  0x00005d1d4f47fc31 in int nxt::rt::runtime::run<int>(nxt::rt::task<int>) at /home/mbrock/nxtui/build/../src-ng/nxt/rt/app.hpp:141:29
#7  0x00005d1d4f3873ee in main at /home/mbrock/nxtui/build/../src-ng/nxtai/nxtllm.cpp:1272:18
#8  0x000070ce23e2a600 in __libc_start_call_main at ./csu/../sysdeps/nptl/libc_start_call_main.h:59:16
#9  0x000070ce23e2a717 in __libc_start_main_impl at ./csu/../csu/libc-start.c:360:3
#10 0x00005d1d4f364f24 in _start at /home/mbrock/nxtui/build/nxtllm

stdout write #164 bytes 48
  at ../src-ng/nxt/rt/ui_runtime.hpp:434 in nxt::rt::task<void> nxt::rt::ui_runtime::terminal_owner_loop(std::chrono::milliseconds)
  preview "\e7\e[38;74H\e[48;2;44;46;46m\e[38;2;203;213;225m1\e8"
Stack trace (most recent call first):
#0  0x00005d1d4f374d47 in write_stdout_all at /home/mbrock/nxtui/build/../src-ng/nxt/rt/ui_runtime.hpp:40:23
#1  0x00005d1d4f4138da in std::__n4861::coroutine_handle<void>::resume() const at /usr/include/c++/15/coroutine:142:50
#2  0x00005d1d4f419574 in nxt::rt::deck::ready_item::resume_if_ready(nxt::rt::deck&) const at /home/mbrock/nxtui/build/../src-ng/nxt/rt/task.hpp:1901:18
#3  0x00005d1d4f415a82 in nxt::rt::deck::run_ready_with() at /home/mbrock/nxtui/build/../src-ng/nxt/rt/deck.hpp:200:33
#4  0x00005d1d4f4157d6 in nxt::rt::deck::run_ready() at /home/mbrock/nxtui/build/../src-ng/nxt/rt/deck.hpp:130:23
#5  0x00005d1d4f4abf2e in void nxt::rt::uring_wand::run_until_done<int>(nxt::rt::deck&, nxt::rt::task<int>&) at /home/mbrock/nxtui/build/../src-ng/nxt/rt/uring_wand.hpp:173:28
#6  0x00005d1d4f47fc31 in int nxt::rt::runtime::run<int>(nxt::rt::task<int>) at /home/mbrock/nxtui/build/../src-ng/nxt/rt/app.hpp:141:29
#7  0x00005d1d4f3873ee in main at /home/mbrock/nxtui/build/../src-ng/nxtai/nxtllm.cpp:1272:18
#8  0x000070ce23e2a600 in __libc_start_call_main at ./csu/../sysdeps/nptl/libc_start_call_main.h:59:16
#9  0x000070ce23e2a717 in __libc_start_main_impl at ./csu/../csu/libc-start.c:360:3
#10 0x00005d1d4f364f24 in _start at /home/mbrock/nxtui/build/nxtllm

stdout write #165 bytes 4
  at ../src-ng/nxt/rt/ui_runtime.hpp:434 in nxt::rt::task<void> nxt::rt::ui_runtime::terminal_owner_loop(std::chrono::milliseconds)
  preview "\e7\e8"
Stack trace (most recent call first):
#0  0x00005d1d4f374d47 in write_stdout_all at /home/mbrock/nxtui/build/../src-ng/nxt/rt/ui_runtime.hpp:40:23
#1  0x00005d1d4f4138da in std::__n4861::coroutine_handle<void>::resume() const at /usr/include/c++/15/coroutine:142:50
#2  0x00005d1d4f419574 in nxt::rt::deck::ready_item::resume_if_ready(nxt::rt::deck&) const at /home/mbrock/nxtui/build/../src-ng/nxt/rt/task.hpp:1901:18
#3  0x00005d1d4f415a82 in nxt::rt::deck::run_ready_with() at /home/mbrock/nxtui/build/../src-ng/nxt/rt/deck.hpp:200:33
#4  0x00005d1d4f4157d6 in nxt::rt::deck::run_ready() at /home/mbrock/nxtui/build/../src-ng/nxt/rt/deck.hpp:130:23
#5  0x00005d1d4f4abf2e in void nxt::rt::uring_wand::run_until_done<int>(nxt::rt::deck&, nxt::rt::task<int>&) at /home/mbrock/nxtui/build/../src-ng/nxt/rt/uring_wand.hpp:173:28
#6  0x00005d1d4f47fc31 in int nxt::rt::runtime::run<int>(nxt::rt::task<int>) at /home/mbrock/nxtui/build/../src-ng/nxt/rt/app.hpp:141:29
#7  0x00005d1d4f3873ee in main at /home/mbrock/nxtui/build/../src-ng/nxtai/nxtllm.cpp:1272:18
#8  0x000070ce23e2a600 in __libc_start_call_main at ./csu/../sysdeps/nptl/libc_start_call_main.h:59:16
#9  0x000070ce23e2a717 in __libc_start_main_impl at ./csu/../csu/libc-start.c:360:3
#10 0x00005d1d4f364f24 in _start at /home/mbrock/nxtui/build/nxtllm

stdout write #166 bytes 56
  at ../src-ng/nxt/rt/ui_runtime.hpp:434 in nxt::rt::task<void> nxt::rt::ui_runtime::terminal_owner_loop(std::chrono::milliseconds)
  preview "\e7\e[37;24H\e[48;2;15;23;42m\e[38;2;148;163;184mhinking  \e8"
Stack trace (most recent call first):
#0  0x00005d1d4f374d47 in write_stdout_all at /home/mbrock/nxtui/build/../src-ng/nxt/rt/ui_runtime.hpp:40:23
#1  0x00005d1d4f4138da in std::__n4861::coroutine_handle<void>::resume() const at /usr/include/c++/15/coroutine:142:50
#2  0x00005d1d4f419574 in nxt::rt::deck::ready_item::resume_if_ready(nxt::rt::deck&) const at /home/mbrock/nxtui/build/../src-ng/nxt/rt/task.hpp:1901:18
#3  0x00005d1d4f415a82 in nxt::rt::deck::run_ready_with() at /home/mbrock/nxtui/build/../src-ng/nxt/rt/deck.hpp:200:33
#4  0x00005d1d4f4157d6 in nxt::rt::deck::run_ready() at /home/mbrock/nxtui/build/../src-ng/nxt/rt/deck.hpp:130:23
#5  0x00005d1d4f4abf2e in void nxt::rt::uring_wand::run_until_done<int>(nxt::rt::deck&, nxt::rt::task<int>&) at /home/mbrock/nxtui/build/../src-ng/nxt/rt/uring_wand.hpp:173:28
#6  0x00005d1d4f47fc31 in int nxt::rt::runtime::run<int>(nxt::rt::task<int>) at /home/mbrock/nxtui/build/../src-ng/nxt/rt/app.hpp:141:29
#7  0x00005d1d4f3873ee in main at /home/mbrock/nxtui/build/../src-ng/nxtai/nxtllm.cpp:1272:18
#8  0x000070ce23e2a600 in __libc_start_call_main at ./csu/../sysdeps/nptl/libc_start_call_main.h:59:16
#9  0x000070ce23e2a717 in __libc_start_main_impl at ./csu/../csu/libc-start.c:360:3
#10 0x00005d1d4f364f24 in _start at /home/mbrock/nxtui/build/nxtllm

stdout write #167 bytes 171
  at ../src-ng/nxt/rt/ui_runtime.hpp:434 in nxt::rt::task<void> nxt::rt::ui_runtime::terminal_owner_loop(std::chrono::milliseconds)
  preview "\e7\e[38;19H\e[48;2;2;6;23m\e[38;2;203;213;225m9\e[38;21H3\e[38;25H\e[48;2;27;56;69m               2.2K/s\xe2\x86\x93\e[38;73H\e[48;2;44;46;46m08\e[38;83H\e[48;2;2;6;23m\e[38;2;100;116;139m6\e8"
Stack trace (most recent call first):
#0  0x00005d1d4f374d47 in write_stdout_all at /home/mbrock/nxtui/build/../src-ng/nxt/rt/ui_runtime.hpp:40:23
#1  0x00005d1d4f4138da in std::__n4861::coroutine_handle<void>::resume() const at /usr/include/c++/15/coroutine:142:50
#2  0x00005d1d4f419574 in nxt::rt::deck::ready_item::resume_if_ready(nxt::rt::deck&) const at /home/mbrock/nxtui/build/../src-ng/nxt/rt/task.hpp:1901:18
#3  0x00005d1d4f415a82 in nxt::rt::deck::run_ready_with() at /home/mbrock/nxtui/build/../src-ng/nxt/rt/deck.hpp:200:33
#4  0x00005d1d4f4157d6 in nxt::rt::deck::run_ready() at /home/mbrock/nxtui/build/../src-ng/nxt/rt/deck.hpp:130:23
#5  0x00005d1d4f4abf2e in void nxt::rt::uring_wand::run_until_done<int>(nxt::rt::deck&, nxt::rt::task<int>&) at /home/mbrock/nxtui/build/../src-ng/nxt/rt/uring_wand.hpp:173:28
#6  0x00005d1d4f47fc31 in int nxt::rt::runtime::run<int>(nxt::rt::task<int>) at /home/mbrock/nxtui/build/../src-ng/nxt/rt/app.hpp:141:29
#7  0x00005d1d4f3873ee in main at /home/mbrock/nxtui/build/../src-ng/nxtai/nxtllm.cpp:1272:18
#8  0x000070ce23e2a600 in __libc_start_call_main at ./csu/../sysdeps/nptl/libc_start_call_main.h:59:16
#9  0x000070ce23e2a717 in __libc_start_main_impl at ./csu/../csu/libc-start.c:360:3
#10 0x00005d1d4f364f24 in _start at /home/mbrock/nxtui/build/nxtllm

stdout write #168 bytes 48
  at ../src-ng/nxt/rt/ui_runtime.hpp:434 in nxt::rt::task<void> nxt::rt::ui_runtime::terminal_owner_loop(std::chrono::milliseconds)
  preview "\e7\e[38;74H\e[48;2;44;46;46m\e[38;2;203;213;225m5\e8"
Stack trace (most recent call first):
#0  0x00005d1d4f374d47 in write_stdout_all at /home/mbrock/nxtui/build/../src-ng/nxt/rt/ui_runtime.hpp:40:23
#1  0x00005d1d4f4138da in std::__n4861::coroutine_handle<void>::resume() const at /usr/include/c++/15/coroutine:142:50
#2  0x00005d1d4f419574 in nxt::rt::deck::ready_item::resume_if_ready(nxt::rt::deck&) const at /home/mbrock/nxtui/build/../src-ng/nxt/rt/task.hpp:1901:18
#3  0x00005d1d4f415a82 in nxt::rt::deck::run_ready_with() at /home/mbrock/nxtui/build/../src-ng/nxt/rt/deck.hpp:200:33
#4  0x00005d1d4f4157d6 in nxt::rt::deck::run_ready() at /home/mbrock/nxtui/build/../src-ng/nxt/rt/deck.hpp:130:23
#5  0x00005d1d4f4abf2e in void nxt::rt::uring_wand::run_until_done<int>(nxt::rt::deck&, nxt::rt::task<int>&) at /home/mbrock/nxtui/build/../src-ng/nxt/rt/uring_wand.hpp:173:28
#6  0x00005d1d4f47fc31 in int nxt::rt::runtime::run<int>(nxt::rt::task<int>) at /home/mbrock/nxtui/build/../src-ng/nxt/rt/app.hpp:141:29
#7  0x00005d1d4f3873ee in main at /home/mbrock/nxtui/build/../src-ng/nxtai/nxtllm.cpp:1272:18
#8  0x000070ce23e2a600 in __libc_start_call_main at ./csu/../sysdeps/nptl/libc_start_call_main.h:59:16
#9  0x000070ce23e2a717 in __libc_start_main_impl at ./csu/../csu/libc-start.c:360:3
#10 0x00005d1d4f364f24 in _start at /home/mbrock/nxtui/build/nxtllm

stdout write #169 bytes 1420
  at ../src-ng/nxt/rt/ui_runtime.hpp:434 in nxt::rt::task<void> nxt::rt::ui_runtime::terminal_owner_loop(std::chrono::milliseconds)
  preview "\e[0m\e[5S\e[5A\e7\e[1;31r\e8\e7\e[32;1H\e[2K\e[33;1H\e[2K\e[34;1H\e[2K\e[35;1H\e[2K\e[36;1H\e[2K\e[37;1H\e[2K\e[38;1H\e[2K\e8\e7\e[32;1H\e[48;2;252;211;77m\e[38;2;2;6;23m\e[1m nxtllm \e[32;9H\e[0m\e[38;2;2;6;23m\e[48;2;252;211;77m\e[48;2;15;23;42m\e[38;2;148;163;184mgpt-5.4-nano  thinking                                                                      \e[33;1H\e[48;2;2;6;23m\e[38;2;203;213;225m \e[33;2H\e[48;2;125;211;252m\e[38;2;2;6;23m\e[1m thinking                                                                                          \e[34;1H\e[0m\e[38;2;2;6;23m\e[48;2;125;211;252m\e[48;2;2;6;23m\e[38;2;203;213;225m                                                                                                    \e[35;1H \e[35;2H\e[1mAsking for clarification\e[35;26H\e[0m\e[38;2;203;213;225m\e[48;2;2;6;23m                                                                           \e[36;1H                                                                                                    \e[37;1H I see                                                                                              \e[38;1H \e[38;2H\e[38;2;94;234;212m\e[1mstreaming SSE \e[38;16H\e[0m\e[38;2;94;234;212m\e[48;2;2;6;23m\e[38;2;203;213;225m   9.3K\xe2\x86\x93 \e[38;25H\e[48;2;27;56;69m               2.2K/s\xe2\x86\x93\e[38;47H\e[48;2;2;6;23m   2.0K\xe2\x86\x91 \e[38;56H\e[48;2;44;46;46m                205/s\xe2\x86\x91\e[38;78H\e[48;2;2;6;23m \e[38;79H\e[38;2;100;116;139m   #6\e[38;84H\e[38;2;203;213;225m                 \e8"
Stack trace (most recent call first):
#0  0x00005d1d4f374d47 in write_stdout_all at /home/mbrock/nxtui/build/../src-ng/nxt/rt/ui_runtime.hpp:40:23
#1  0x00005d1d4f4138da in std::__n4861::coroutine_handle<void>::resume() const at /usr/include/c++/15/coroutine:142:50
#2  0x00005d1d4f419574 in nxt::rt::deck::ready_item::resume_if_ready(nxt::rt::deck&) const at /home/mbrock/nxtui/build/../src-ng/nxt/rt/task.hpp:1901:18
#3  0x00005d1d4f415a82 in nxt::rt::deck::run_ready_with() at /home/mbrock/nxtui/build/../src-ng/nxt/rt/deck.hpp:200:33
#4  0x00005d1d4f4157d6 in nxt::rt::deck::run_ready() at /home/mbrock/nxtui/build/../src-ng/nxt/rt/deck.hpp:130:23
#5  0x00005d1d4f4abf2e in void nxt::rt::uring_wand::run_until_done<int>(nxt::rt::deck&, nxt::rt::task<int>&) at /home/mbrock/nxtui/build/../src-ng/nxt/rt/uring_wand.hpp:173:28
#6  0x00005d1d4f47fc31 in int nxt::rt::runtime::run<int>(nxt::rt::task<int>) at /home/mbrock/nxtui/build/../src-ng/nxt/rt/app.hpp:141:29
#7  0x00005d1d4f3873ee in main at /home/mbrock/nxtui/build/../src-ng/nxtai/nxtllm.cpp:1272:18
#8  0x000070ce23e2a600 in __libc_start_call_main at ./csu/../sysdeps/nptl/libc_start_call_main.h:59:16
#9  0x000070ce23e2a717 in __libc_start_main_impl at ./csu/../csu/libc-start.c:360:3
#10 0x00005d1d4f364f24 in _start at /home/mbrock/nxtui/build/nxtllm

stdout write #170 bytes 161
  at ../src-ng/nxt/rt/ui_runtime.hpp:434 in nxt::rt::task<void> nxt::rt::ui_runtime::terminal_owner_loop(std::chrono::milliseconds)
  preview "\e7\e[38;21H\e[48;2;2;6;23m\e[38;2;203;213;225m6\e[38;25H\e[48;2;27;57;69m               2.4K/s\xe2\x86\x93\e[38;74H\e[48;2;44;46;46m1\e[38;83H\e[48;2;2;6;23m\e[38;2;100;116;139m7\e8"
Stack trace (most recent call first):
#0  0x00005d1d4f374d47 in write_stdout_all at /home/mbrock/nxtui/build/../src-ng/nxt/rt/ui_runtime.hpp:40:23
#1  0x00005d1d4f4138da in std::__n4861::coroutine_handle<void>::resume() const at /usr/include/c++/15/coroutine:142:50
#2  0x00005d1d4f419574 in nxt::rt::deck::ready_item::resume_if_ready(nxt::rt::deck&) const at /home/mbrock/nxtui/build/../src-ng/nxt/rt/task.hpp:1901:18
#3  0x00005d1d4f415a82 in nxt::rt::deck::run_ready_with() at /home/mbrock/nxtui/build/../src-ng/nxt/rt/deck.hpp:200:33
#4  0x00005d1d4f4157d6 in nxt::rt::deck::run_ready() at /home/mbrock/nxtui/build/../src-ng/nxt/rt/deck.hpp:130:23
#5  0x00005d1d4f4abf2e in void nxt::rt::uring_wand::run_until_done<int>(nxt::rt::deck&, nxt::rt::task<int>&) at /home/mbrock/nxtui/build/../src-ng/nxt/rt/uring_wand.hpp:173:28
#6  0x00005d1d4f47fc31 in int nxt::rt::runtime::run<int>(nxt::rt::task<int>) at /home/mbrock/nxtui/build/../src-ng/nxt/rt/app.hpp:141:29
#7  0x00005d1d4f3873ee in main at /home/mbrock/nxtui/build/../src-ng/nxtai/nxtllm.cpp:1272:18
#8  0x000070ce23e2a600 in __libc_start_call_main at ./csu/../sysdeps/nptl/libc_start_call_main.h:59:16
#9  0x000070ce23e2a717 in __libc_start_main_impl at ./csu/../csu/libc-start.c:360:3
#10 0x00005d1d4f364f24 in _start at /home/mbrock/nxtui/build/nxtllm

stdout write #171 bytes 50
  at ../src-ng/nxt/rt/ui_runtime.hpp:434 in nxt::rt::task<void> nxt::rt::ui_runtime::terminal_owner_loop(std::chrono::milliseconds)
  preview "\e7\e[38;72H\e[48;2;44;46;46m\e[38;2;203;213;225m198\e8"
Stack trace (most recent call first):
#0  0x00005d1d4f374d47 in write_stdout_all at /home/mbrock/nxtui/build/../src-ng/nxt/rt/ui_runtime.hpp:40:23
#1  0x00005d1d4f4138da in std::__n4861::coroutine_handle<void>::resume() const at /usr/include/c++/15/coroutine:142:50
#2  0x00005d1d4f419574 in nxt::rt::deck::ready_item::resume_if_ready(nxt::rt::deck&) const at /home/mbrock/nxtui/build/../src-ng/nxt/rt/task.hpp:1901:18
#3  0x00005d1d4f415a82 in nxt::rt::deck::run_ready_with() at /home/mbrock/nxtui/build/../src-ng/nxt/rt/deck.hpp:200:33
#4  0x00005d1d4f4157d6 in nxt::rt::deck::run_ready() at /home/mbrock/nxtui/build/../src-ng/nxt/rt/deck.hpp:130:23
#5  0x00005d1d4f4abf2e in void nxt::rt::uring_wand::run_until_done<int>(nxt::rt::deck&, nxt::rt::task<int>&) at /home/mbrock/nxtui/build/../src-ng/nxt/rt/uring_wand.hpp:173:28
#6  0x00005d1d4f47fc31 in int nxt::rt::runtime::run<int>(nxt::rt::task<int>) at /home/mbrock/nxtui/build/../src-ng/nxt/rt/app.hpp:141:29
#7  0x00005d1d4f3873ee in main at /home/mbrock/nxtui/build/../src-ng/nxtai/nxtllm.cpp:1272:18
#8  0x000070ce23e2a600 in __libc_start_call_main at ./csu/../sysdeps/nptl/libc_start_call_main.h:59:16
#9  0x000070ce23e2a717 in __libc_start_main_impl at ./csu/../csu/libc-start.c:360:3
#10 0x00005d1d4f364f24 in _start at /home/mbrock/nxtui/build/nxtllm

stdout write #172 bytes 47
  at ../src-ng/nxt/rt/ui_runtime.hpp:434 in nxt::rt::task<void> nxt::rt::ui_runtime::terminal_owner_loop(std::chrono::milliseconds)
  preview "\e7\e[37;8H\e[48;2;2;6;23m\e[38;2;203;213;225mthe\e8"
Stack trace (most recent call first):
#0  0x00005d1d4f374d47 in write_stdout_all at /home/mbrock/nxtui/build/../src-ng/nxt/rt/ui_runtime.hpp:40:23
#1  0x00005d1d4f4138da in std::__n4861::coroutine_handle<void>::resume() const at /usr/include/c++/15/coroutine:142:50
#2  0x00005d1d4f419574 in nxt::rt::deck::ready_item::resume_if_ready(nxt::rt::deck&) const at /home/mbrock/nxtui/build/../src-ng/nxt/rt/task.hpp:1901:18
#3  0x00005d1d4f415a82 in nxt::rt::deck::run_ready_with() at /home/mbrock/nxtui/build/../src-ng/nxt/rt/deck.hpp:200:33
#4  0x00005d1d4f4157d6 in nxt::rt::deck::run_ready() at /home/mbrock/nxtui/build/../src-ng/nxt/rt/deck.hpp:130:23
#5  0x00005d1d4f4abf2e in void nxt::rt::uring_wand::run_until_done<int>(nxt::rt::deck&, nxt::rt::task<int>&) at /home/mbrock/nxtui/build/../src-ng/nxt/rt/uring_wand.hpp:173:28
#6  0x00005d1d4f47fc31 in int nxt::rt::runtime::run<int>(nxt::rt::task<int>) at /home/mbrock/nxtui/build/../src-ng/nxt/rt/app.hpp:141:29
#7  0x00005d1d4f3873ee in main at /home/mbrock/nxtui/build/../src-ng/nxtai/nxtllm.cpp:1272:18
#8  0x000070ce23e2a600 in __libc_start_call_main at ./csu/../sysdeps/nptl/libc_start_call_main.h:59:16
#9  0x000070ce23e2a717 in __libc_start_main_impl at ./csu/../csu/libc-start.c:360:3
#10 0x00005d1d4f364f24 in _start at /home/mbrock/nxtui/build/nxtllm

stdout write #173 bytes 161
  at ../src-ng/nxt/rt/ui_runtime.hpp:434 in nxt::rt::task<void> nxt::rt::ui_runtime::terminal_owner_loop(std::chrono::milliseconds)
  preview "\e7\e[38;21H\e[48;2;2;6;23m\e[38;2;203;213;225m9\e[38;25H\e[48;2;28;58;70m               2.6K/s\xe2\x86\x93\e[38;74H\e[48;2;44;46;46m5\e[38;83H\e[48;2;2;6;23m\e[38;2;100;116;139m8\e8"
Stack trace (most recent call first):
#0  0x00005d1d4f374d47 in write_stdout_all at /home/mbrock/nxtui/build/../src-ng/nxt/rt/ui_runtime.hpp:40:23
#1  0x00005d1d4f4138da in std::__n4861::coroutine_handle<void>::resume() const at /usr/include/c++/15/coroutine:142:50
#2  0x00005d1d4f419574 in nxt::rt::deck::ready_item::resume_if_ready(nxt::rt::deck&) const at /home/mbrock/nxtui/build/../src-ng/nxt/rt/task.hpp:1901:18
#3  0x00005d1d4f415a82 in nxt::rt::deck::run_ready_with() at /home/mbrock/nxtui/build/../src-ng/nxt/rt/deck.hpp:200:33
#4  0x00005d1d4f4157d6 in nxt::rt::deck::run_ready() at /home/mbrock/nxtui/build/../src-ng/nxt/rt/deck.hpp:130:23
#5  0x00005d1d4f4abf2e in void nxt::rt::uring_wand::run_until_done<int>(nxt::rt::deck&, nxt::rt::task<int>&) at /home/mbrock/nxtui/build/../src-ng/nxt/rt/uring_wand.hpp:173:28
#6  0x00005d1d4f47fc31 in int nxt::rt::runtime::run<int>(nxt::rt::task<int>) at /home/mbrock/nxtui/build/../src-ng/nxt/rt/app.hpp:141:29
#7  0x00005d1d4f3873ee in main at /home/mbrock/nxtui/build/../src-ng/nxtai/nxtllm.cpp:1272:18
#8  0x000070ce23e2a600 in __libc_start_call_main at ./csu/../sysdeps/nptl/libc_start_call_main.h:59:16
#9  0x000070ce23e2a717 in __libc_start_main_impl at ./csu/../csu/libc-start.c:360:3
#10 0x00005d1d4f364f24 in _start at /home/mbrock/nxtui/build/nxtllm

stdout write #174 bytes 49
  at ../src-ng/nxt/rt/ui_runtime.hpp:434 in nxt::rt::task<void> nxt::rt::ui_runtime::terminal_owner_loop(std::chrono::milliseconds)
  preview "\e7\e[37;12H\e[48;2;2;6;23m\e[38;2;203;213;225muser\e8"
Stack trace (most recent call first):
#0  0x00005d1d4f374d47 in write_stdout_all at /home/mbrock/nxtui/build/../src-ng/nxt/rt/ui_runtime.hpp:40:23
#1  0x00005d1d4f4138da in std::__n4861::coroutine_handle<void>::resume() const at /usr/include/c++/15/coroutine:142:50
#2  0x00005d1d4f419574 in nxt::rt::deck::ready_item::resume_if_ready(nxt::rt::deck&) const at /home/mbrock/nxtui/build/../src-ng/nxt/rt/task.hpp:1901:18
#3  0x00005d1d4f415a82 in nxt::rt::deck::run_ready_with() at /home/mbrock/nxtui/build/../src-ng/nxt/rt/deck.hpp:200:33
#4  0x00005d1d4f4157d6 in nxt::rt::deck::run_ready() at /home/mbrock/nxtui/build/../src-ng/nxt/rt/deck.hpp:130:23
#5  0x00005d1d4f4abf2e in void nxt::rt::uring_wand::run_until_done<int>(nxt::rt::deck&, nxt::rt::task<int>&) at /home/mbrock/nxtui/build/../src-ng/nxt/rt/uring_wand.hpp:173:28
#6  0x00005d1d4f47fc31 in int nxt::rt::runtime::run<int>(nxt::rt::task<int>) at /home/mbrock/nxtui/build/../src-ng/nxt/rt/app.hpp:141:29
#7  0x00005d1d4f3873ee in main at /home/mbrock/nxtui/build/../src-ng/nxtai/nxtllm.cpp:1272:18
#8  0x000070ce23e2a600 in __libc_start_call_main at ./csu/../sysdeps/nptl/libc_start_call_main.h:59:16
#9  0x000070ce23e2a717 in __libc_start_main_impl at ./csu/../csu/libc-start.c:360:3
#10 0x00005d1d4f364f24 in _start at /home/mbrock/nxtui/build/nxtllm

stdout write #175 bytes 163
  at ../src-ng/nxt/rt/ui_runtime.hpp:434 in nxt::rt::task<void> nxt::rt::ui_runtime::terminal_owner_loop(std::chrono::milliseconds)
  preview "\e7\e[38;19H\e[48;2;2;6;23m\e[38;2;203;213;225m 10\e[38;25H\e[48;2;28;59;71m               2.9K/s\xe2\x86\x93\e[38;74H\e[48;2;44;46;46m2\e[38;83H\e[48;2;2;6;23m\e[38;2;100;116;139m9\e8"
Stack trace (most recent call first):
#0  0x00005d1d4f374d47 in write_stdout_all at /home/mbrock/nxtui/build/../src-ng/nxt/rt/ui_runtime.hpp:40:23
#1  0x00005d1d4f4138da in std::__n4861::coroutine_handle<void>::resume() const at /usr/include/c++/15/coroutine:142:50
#2  0x00005d1d4f419574 in nxt::rt::deck::ready_item::resume_if_ready(nxt::rt::deck&) const at /home/mbrock/nxtui/build/../src-ng/nxt/rt/task.hpp:1901:18
#3  0x00005d1d4f415a82 in nxt::rt::deck::run_ready_with() at /home/mbrock/nxtui/build/../src-ng/nxt/rt/deck.hpp:200:33
#4  0x00005d1d4f4157d6 in nxt::rt::deck::run_ready() at /home/mbrock/nxtui/build/../src-ng/nxt/rt/deck.hpp:130:23
#5  0x00005d1d4f4abf2e in void nxt::rt::uring_wand::run_until_done<int>(nxt::rt::deck&, nxt::rt::task<int>&) at /home/mbrock/nxtui/build/../src-ng/nxt/rt/uring_wand.hpp:173:28
#6  0x00005d1d4f47fc31 in int nxt::rt::runtime::run<int>(nxt::rt::task<int>) at /home/mbrock/nxtui/build/../src-ng/nxt/rt/app.hpp:141:29
#7  0x00005d1d4f3873ee in main at /home/mbrock/nxtui/build/../src-ng/nxtai/nxtllm.cpp:1272:18
#8  0x000070ce23e2a600 in __libc_start_call_main at ./csu/../sysdeps/nptl/libc_start_call_main.h:59:16
#9  0x000070ce23e2a717 in __libc_start_main_impl at ./csu/../csu/libc-start.c:360:3
#10 0x00005d1d4f364f24 in _start at /home/mbrock/nxtui/build/nxtllm

stdout write #176 bytes 141
  at ../src-ng/nxt/rt/ui_runtime.hpp:434 in nxt::rt::task<void> nxt::rt::ui_runtime::terminal_owner_loop(std::chrono::milliseconds)
  preview "\e7\e[38;25H\e[48;2;28;60;71m\e[38;2;203;213;225m               3.1K/s\xe2\x86\x93\e[38;73H\e[48;2;44;46;46m89\e[38;81H\e[48;2;2;6;23m\e[38;2;100;116;139m#10\e8"
Stack trace (most recent call first):
#0  0x00005d1d4f374d47 in write_stdout_all at /home/mbrock/nxtui/build/../src-ng/nxt/rt/ui_runtime.hpp:40:23
#1  0x00005d1d4f4138da in std::__n4861::coroutine_handle<void>::resume() const at /usr/include/c++/15/coroutine:142:50
#2  0x00005d1d4f419574 in nxt::rt::deck::ready_item::resume_if_ready(nxt::rt::deck&) const at /home/mbrock/nxtui/build/../src-ng/nxt/rt/task.hpp:1901:18
#3  0x00005d1d4f415a82 in nxt::rt::deck::run_ready_with() at /home/mbrock/nxtui/build/../src-ng/nxt/rt/deck.hpp:200:33
#4  0x00005d1d4f4157d6 in nxt::rt::deck::run_ready() at /home/mbrock/nxtui/build/../src-ng/nxt/rt/deck.hpp:130:23
#5  0x00005d1d4f4abf2e in void nxt::rt::uring_wand::run_until_done<int>(nxt::rt::deck&, nxt::rt::task<int>&) at /home/mbrock/nxtui/build/../src-ng/nxt/rt/uring_wand.hpp:173:28
#6  0x00005d1d4f47fc31 in int nxt::rt::runtime::run<int>(nxt::rt::task<int>) at /home/mbrock/nxtui/build/../src-ng/nxt/rt/app.hpp:141:29
#7  0x00005d1d4f3873ee in main at /home/mbrock/nxtui/build/../src-ng/nxtai/nxtllm.cpp:1272:18
#8  0x000070ce23e2a600 in __libc_start_call_main at ./csu/../sysdeps/nptl/libc_start_call_main.h:59:16
#9  0x000070ce23e2a717 in __libc_start_main_impl at ./csu/../csu/libc-start.c:360:3
#10 0x00005d1d4f364f24 in _start at /home/mbrock/nxtui/build/nxtllm

stdout write #177 bytes 48
  at ../src-ng/nxt/rt/ui_runtime.hpp:434 in nxt::rt::task<void> nxt::rt::ui_runtime::terminal_owner_loop(std::chrono::milliseconds)
  preview "\e7\e[38;74H\e[48;2;44;46;46m\e[38;2;203;213;225m6\e8"
Stack trace (most recent call first):
#0  0x00005d1d4f374d47 in write_stdout_all at /home/mbrock/nxtui/build/../src-ng/nxt/rt/ui_runtime.hpp:40:23
#1  0x00005d1d4f4138da in std::__n4861::coroutine_handle<void>::resume() const at /usr/include/c++/15/coroutine:142:50
#2  0x00005d1d4f419574 in nxt::rt::deck::ready_item::resume_if_ready(nxt::rt::deck&) const at /home/mbrock/nxtui/build/../src-ng/nxt/rt/task.hpp:1901:18
#3  0x00005d1d4f415a82 in nxt::rt::deck::run_ready_with() at /home/mbrock/nxtui/build/../src-ng/nxt/rt/deck.hpp:200:33
#4  0x00005d1d4f4157d6 in nxt::rt::deck::run_ready() at /home/mbrock/nxtui/build/../src-ng/nxt/rt/deck.hpp:130:23
#5  0x00005d1d4f4abf2e in void nxt::rt::uring_wand::run_until_done<int>(nxt::rt::deck&, nxt::rt::task<int>&) at /home/mbrock/nxtui/build/../src-ng/nxt/rt/uring_wand.hpp:173:28
#6  0x00005d1d4f47fc31 in int nxt::rt::runtime::run<int>(nxt::rt::task<int>) at /home/mbrock/nxtui/build/../src-ng/nxt/rt/app.hpp:141:29
#7  0x00005d1d4f3873ee in main at /home/mbrock/nxtui/build/../src-ng/nxtai/nxtllm.cpp:1272:18
#8  0x000070ce23e2a600 in __libc_start_call_main at ./csu/../sysdeps/nptl/libc_start_call_main.h:59:16
#9  0x000070ce23e2a717 in __libc_start_main_impl at ./csu/../csu/libc-start.c:360:3
#10 0x00005d1d4f364f24 in _start at /home/mbrock/nxtui/build/nxtllm

stdout write #178 bytes 60
  at ../src-ng/nxt/rt/ui_runtime.hpp:434 in nxt::rt::task<void> nxt::rt::ui_runtime::terminal_owner_loop(std::chrono::milliseconds)
  preview "\e7\e[37;17H\e[48;2;2;6;23m\e[38;2;203;213;225mwants\e[37;23Hto\e8"
Stack trace (most recent call first):
#0  0x00005d1d4f374d47 in write_stdout_all at /home/mbrock/nxtui/build/../src-ng/nxt/rt/ui_runtime.hpp:40:23
#1  0x00005d1d4f4138da in std::__n4861::coroutine_handle<void>::resume() const at /usr/include/c++/15/coroutine:142:50
#2  0x00005d1d4f419574 in nxt::rt::deck::ready_item::resume_if_ready(nxt::rt::deck&) const at /home/mbrock/nxtui/build/../src-ng/nxt/rt/task.hpp:1901:18
#3  0x00005d1d4f415a82 in nxt::rt::deck::run_ready_with() at /home/mbrock/nxtui/build/../src-ng/nxt/rt/deck.hpp:200:33
#4  0x00005d1d4f4157d6 in nxt::rt::deck::run_ready() at /home/mbrock/nxtui/build/../src-ng/nxt/rt/deck.hpp:130:23
#5  0x00005d1d4f4abf2e in void nxt::rt::uring_wand::run_until_done<int>(nxt::rt::deck&, nxt::rt::task<int>&) at /home/mbrock/nxtui/build/../src-ng/nxt/rt/uring_wand.hpp:173:28
#6  0x00005d1d4f47fc31 in int nxt::rt::runtime::run<int>(nxt::rt::task<int>) at /home/mbrock/nxtui/build/../src-ng/nxt/rt/app.hpp:141:29
#7  0x00005d1d4f3873ee in main at /home/mbrock/nxtui/build/../src-ng/nxtai/nxtllm.cpp:1272:18
#8  0x000070ce23e2a600 in __libc_start_call_main at ./csu/../sysdeps/nptl/libc_start_call_main.h:59:16
#9  0x000070ce23e2a717 in __libc_start_main_impl at ./csu/../csu/libc-start.c:360:3
#10 0x00005d1d4f364f24 in _start at /home/mbrock/nxtui/build/nxtllm

stdout write #179 bytes 161
  at ../src-ng/nxt/rt/ui_runtime.hpp:434 in nxt::rt::task<void> nxt::rt::ui_runtime::terminal_owner_loop(std::chrono::milliseconds)
  preview "\e7\e[38;21H\e[48;2;2;6;23m\e[38;2;203;213;225m1\e[38;25H\e[48;2;29;61;72m               3.3K/s\xe2\x86\x93\e[38;74H\e[48;2;44;46;46m3\e[38;83H\e[48;2;2;6;23m\e[38;2;100;116;139m1\e8"
Stack trace (most recent call first):
#0  0x00005d1d4f374d47 in write_stdout_all at /home/mbrock/nxtui/build/../src-ng/nxt/rt/ui_runtime.hpp:40:23
#1  0x00005d1d4f4138da in std::__n4861::coroutine_handle<void>::resume() const at /usr/include/c++/15/coroutine:142:50
#2  0x00005d1d4f419574 in nxt::rt::deck::ready_item::resume_if_ready(nxt::rt::deck&) const at /home/mbrock/nxtui/build/../src-ng/nxt/rt/task.hpp:1901:18
#3  0x00005d1d4f415a82 in nxt::rt::deck::run_ready_with() at /home/mbrock/nxtui/build/../src-ng/nxt/rt/deck.hpp:200:33
#4  0x00005d1d4f4157d6 in nxt::rt::deck::run_ready() at /home/mbrock/nxtui/build/../src-ng/nxt/rt/deck.hpp:130:23
#5  0x00005d1d4f4abf2e in void nxt::rt::uring_wand::run_until_done<int>(nxt::rt::deck&, nxt::rt::task<int>&) at /home/mbrock/nxtui/build/../src-ng/nxt/rt/uring_wand.hpp:173:28
#6  0x00005d1d4f47fc31 in int nxt::rt::runtime::run<int>(nxt::rt::task<int>) at /home/mbrock/nxtui/build/../src-ng/nxt/rt/app.hpp:141:29
#7  0x00005d1d4f3873ee in main at /home/mbrock/nxtui/build/../src-ng/nxtai/nxtllm.cpp:1272:18
#8  0x000070ce23e2a600 in __libc_start_call_main at ./csu/../sysdeps/nptl/libc_start_call_main.h:59:16
#9  0x000070ce23e2a717 in __libc_start_main_impl at ./csu/../csu/libc-start.c:360:3
#10 0x00005d1d4f364f24 in _start at /home/mbrock/nxtui/build/nxtllm

stdout write #180 bytes 138
  at ../src-ng/nxt/rt/ui_runtime.hpp:434 in nxt::rt::task<void> nxt::rt::ui_runtime::terminal_owner_loop(std::chrono::milliseconds)
  preview "\e7\e[38;25H\e[48;2;29;61;73m\e[38;2;203;213;225m               3.6K/s\xe2\x86\x93\e[38;74H\e[48;2;44;46;46m0\e[38;83H\e[48;2;2;6;23m\e[38;2;100;116;139m2\e8"
Stack trace (most recent call first):
#0  0x00005d1d4f374d47 in write_stdout_all at /home/mbrock/nxtui/build/../src-ng/nxt/rt/ui_runtime.hpp:40:23
#1  0x00005d1d4f4138da in std::__n4861::coroutine_handle<void>::resume() const at /usr/include/c++/15/coroutine:142:50
#2  0x00005d1d4f419574 in nxt::rt::deck::ready_item::resume_if_ready(nxt::rt::deck&) const at /home/mbrock/nxtui/build/../src-ng/nxt/rt/task.hpp:1901:18
#3  0x00005d1d4f415a82 in nxt::rt::deck::run_ready_with() at /home/mbrock/nxtui/build/../src-ng/nxt/rt/deck.hpp:200:33
#4  0x00005d1d4f4157d6 in nxt::rt::deck::run_ready() at /home/mbrock/nxtui/build/../src-ng/nxt/rt/deck.hpp:130:23
#5  0x00005d1d4f4abf2e in void nxt::rt::uring_wand::run_until_done<int>(nxt::rt::deck&, nxt::rt::task<int>&) at /home/mbrock/nxtui/build/../src-ng/nxt/rt/uring_wand.hpp:173:28
#6  0x00005d1d4f47fc31 in int nxt::rt::runtime::run<int>(nxt::rt::task<int>) at /home/mbrock/nxtui/build/../src-ng/nxt/rt/app.hpp:141:29
#7  0x00005d1d4f3873ee in main at /home/mbrock/nxtui/build/../src-ng/nxtai/nxtllm.cpp:1272:18
#8  0x000070ce23e2a600 in __libc_start_call_main at ./csu/../sysdeps/nptl/libc_start_call_main.h:59:16
#9  0x000070ce23e2a717 in __libc_start_main_impl at ./csu/../csu/libc-start.c:360:3
#10 0x00005d1d4f364f24 in _start at /home/mbrock/nxtui/build/nxtllm

stdout write #181 bytes 59
  at ../src-ng/nxt/rt/ui_runtime.hpp:434 in nxt::rt::task<void> nxt::rt::ui_runtime::terminal_owner_loop(std::chrono::milliseconds)
  preview "\e7\e[37;26H\e[48;2;2;6;23m\e[38;2;203;213;225muse\e[37;30Hthe\e8"
Stack trace (most recent call first):
#0  0x00005d1d4f374d47 in write_stdout_all at /home/mbrock/nxtui/build/../src-ng/nxt/rt/ui_runtime.hpp:40:23
#1  0x00005d1d4f4138da in std::__n4861::coroutine_handle<void>::resume() const at /usr/include/c++/15/coroutine:142:50
#2  0x00005d1d4f419574 in nxt::rt::deck::ready_item::resume_if_ready(nxt::rt::deck&) const at /home/mbrock/nxtui/build/../src-ng/nxt/rt/task.hpp:1901:18
#3  0x00005d1d4f415a82 in nxt::rt::deck::run_ready_with() at /home/mbrock/nxtui/build/../src-ng/nxt/rt/deck.hpp:200:33
#4  0x00005d1d4f4157d6 in nxt::rt::deck::run_ready() at /home/mbrock/nxtui/build/../src-ng/nxt/rt/deck.hpp:130:23
#5  0x00005d1d4f4abf2e in void nxt::rt::uring_wand::run_until_done<int>(nxt::rt::deck&, nxt::rt::task<int>&) at /home/mbrock/nxtui/build/../src-ng/nxt/rt/uring_wand.hpp:173:28
#6  0x00005d1d4f47fc31 in int nxt::rt::runtime::run<int>(nxt::rt::task<int>) at /home/mbrock/nxtui/build/../src-ng/nxt/rt/app.hpp:141:29
#7  0x00005d1d4f3873ee in main at /home/mbrock/nxtui/build/../src-ng/nxtai/nxtllm.cpp:1272:18
#8  0x000070ce23e2a600 in __libc_start_call_main at ./csu/../sysdeps/nptl/libc_start_call_main.h:59:16
#9  0x000070ce23e2a717 in __libc_start_main_impl at ./csu/../csu/libc-start.c:360:3
#10 0x00005d1d4f364f24 in _start at /home/mbrock/nxtui/build/nxtllm

stdout write #182 bytes 139
  at ../src-ng/nxt/rt/ui_runtime.hpp:434 in nxt::rt::task<void> nxt::rt::ui_runtime::terminal_owner_loop(std::chrono::milliseconds)
  preview "\e7\e[38;25H\e[48;2;29;62;74m\e[38;2;203;213;225m               3.8K/s\xe2\x86\x93\e[38;73H\e[48;2;44;46;46m77\e[38;83H\e[48;2;2;6;23m\e[38;2;100;116;139m3\e8"
Stack trace (most recent call first):
#0  0x00005d1d4f374d47 in write_stdout_all at /home/mbrock/nxtui/build/../src-ng/nxt/rt/ui_runtime.hpp:40:23
#1  0x00005d1d4f4138da in std::__n4861::coroutine_handle<void>::resume() const at /usr/include/c++/15/coroutine:142:50
#2  0x00005d1d4f419574 in nxt::rt::deck::ready_item::resume_if_ready(nxt::rt::deck&) const at /home/mbrock/nxtui/build/../src-ng/nxt/rt/task.hpp:1901:18
#3  0x00005d1d4f415a82 in nxt::rt::deck::run_ready_with() at /home/mbrock/nxtui/build/../src-ng/nxt/rt/deck.hpp:200:33
#4  0x00005d1d4f4157d6 in nxt::rt::deck::run_ready() at /home/mbrock/nxtui/build/../src-ng/nxt/rt/deck.hpp:130:23
#5  0x00005d1d4f4abf2e in void nxt::rt::uring_wand::run_until_done<int>(nxt::rt::deck&, nxt::rt::task<int>&) at /home/mbrock/nxtui/build/../src-ng/nxt/rt/uring_wand.hpp:173:28
#6  0x00005d1d4f47fc31 in int nxt::rt::runtime::run<int>(nxt::rt::task<int>) at /home/mbrock/nxtui/build/../src-ng/nxt/rt/app.hpp:141:29
#7  0x00005d1d4f3873ee in main at /home/mbrock/nxtui/build/../src-ng/nxtai/nxtllm.cpp:1272:18
#8  0x000070ce23e2a600 in __libc_start_call_main at ./csu/../sysdeps/nptl/libc_start_call_main.h:59:16
#9  0x000070ce23e2a717 in __libc_start_main_impl at ./csu/../csu/libc-start.c:360:3
#10 0x00005d1d4f364f24 in _start at /home/mbrock/nxtui/build/nxtllm

stdout write #183 bytes 161
  at ../src-ng/nxt/rt/ui_runtime.hpp:434 in nxt::rt::task<void> nxt::rt::ui_runtime::terminal_owner_loop(std::chrono::milliseconds)
  preview "\e7\e[38;21H\e[48;2;2;6;23m\e[38;2;203;213;225m2\e[38;25H\e[48;2;30;63;74m               4.0K/s\xe2\x86\x93\e[38;74H\e[48;2;44;46;46m4\e[38;83H\e[48;2;2;6;23m\e[38;2;100;116;139m4\e8"
Stack trace (most recent call first):
#0  0x00005d1d4f374d47 in write_stdout_all at /home/mbrock/nxtui/build/../src-ng/nxt/rt/ui_runtime.hpp:40:23
#1  0x00005d1d4f4138da in std::__n4861::coroutine_handle<void>::resume() const at /usr/include/c++/15/coroutine:142:50
#2  0x00005d1d4f419574 in nxt::rt::deck::ready_item::resume_if_ready(nxt::rt::deck&) const at /home/mbrock/nxtui/build/../src-ng/nxt/rt/task.hpp:1901:18
#3  0x00005d1d4f415a82 in nxt::rt::deck::run_ready_with() at /home/mbrock/nxtui/build/../src-ng/nxt/rt/deck.hpp:200:33
#4  0x00005d1d4f4157d6 in nxt::rt::deck::run_ready() at /home/mbrock/nxtui/build/../src-ng/nxt/rt/deck.hpp:130:23
#5  0x00005d1d4f4abf2e in void nxt::rt::uring_wand::run_until_done<int>(nxt::rt::deck&, nxt::rt::task<int>&) at /home/mbrock/nxtui/build/../src-ng/nxt/rt/uring_wand.hpp:173:28
#6  0x00005d1d4f47fc31 in int nxt::rt::runtime::run<int>(nxt::rt::task<int>) at /home/mbrock/nxtui/build/../src-ng/nxt/rt/app.hpp:141:29
#7  0x00005d1d4f3873ee in main at /home/mbrock/nxtui/build/../src-ng/nxtai/nxtllm.cpp:1272:18
#8  0x000070ce23e2a600 in __libc_start_call_main at ./csu/../sysdeps/nptl/libc_start_call_main.h:59:16
#9  0x000070ce23e2a717 in __libc_start_main_impl at ./csu/../csu/libc-start.c:360:3
#10 0x00005d1d4f364f24 in _start at /home/mbrock/nxtui/build/nxtllm

stdout write #184 bytes 62
  at ../src-ng/nxt/rt/ui_runtime.hpp:434 in nxt::rt::task<void> nxt::rt::ui_runtime::terminal_owner_loop(std::chrono::milliseconds)
  preview "\e7\e[37;34H\e[48;2;2;6;23m\e[38;2;203;213;225mshell\e[37;40Htool\e8"
Stack trace (most recent call first):
#0  0x00005d1d4f374d47 in write_stdout_all at /home/mbrock/nxtui/build/../src-ng/nxt/rt/ui_runtime.hpp:40:23
#1  0x00005d1d4f4138da in std::__n4861::coroutine_handle<void>::resume() const at /usr/include/c++/15/coroutine:142:50
#2  0x00005d1d4f419574 in nxt::rt::deck::ready_item::resume_if_ready(nxt::rt::deck&) const at /home/mbrock/nxtui/build/../src-ng/nxt/rt/task.hpp:1901:18
#3  0x00005d1d4f415a82 in nxt::rt::deck::run_ready_with() at /home/mbrock/nxtui/build/../src-ng/nxt/rt/deck.hpp:200:33
#4  0x00005d1d4f4157d6 in nxt::rt::deck::run_ready() at /home/mbrock/nxtui/build/../src-ng/nxt/rt/deck.hpp:130:23
#5  0x00005d1d4f4abf2e in void nxt::rt::uring_wand::run_until_done<int>(nxt::rt::deck&, nxt::rt::task<int>&) at /home/mbrock/nxtui/build/../src-ng/nxt/rt/uring_wand.hpp:173:28
#6  0x00005d1d4f47fc31 in int nxt::rt::runtime::run<int>(nxt::rt::task<int>) at /home/mbrock/nxtui/build/../src-ng/nxt/rt/app.hpp:141:29
#7  0x00005d1d4f3873ee in main at /home/mbrock/nxtui/build/../src-ng/nxtai/nxtllm.cpp:1272:18
#8  0x000070ce23e2a600 in __libc_start_call_main at ./csu/../sysdeps/nptl/libc_start_call_main.h:59:16
#9  0x000070ce23e2a717 in __libc_start_main_impl at ./csu/../csu/libc-start.c:360:3
#10 0x00005d1d4f364f24 in _start at /home/mbrock/nxtui/build/nxtllm

stdout write #185 bytes 138
  at ../src-ng/nxt/rt/ui_runtime.hpp:434 in nxt::rt::task<void> nxt::rt::ui_runtime::terminal_owner_loop(std::chrono::milliseconds)
  preview "\e7\e[38;25H\e[48;2;30;64;75m\e[38;2;203;213;225m               4.2K/s\xe2\x86\x93\e[38;74H\e[48;2;44;46;46m1\e[38;83H\e[48;2;2;6;23m\e[38;2;100;116;139m5\e8"
Stack trace (most recent call first):
#0  0x00005d1d4f374d47 in write_stdout_all at /home/mbrock/nxtui/build/../src-ng/nxt/rt/ui_runtime.hpp:40:23
#1  0x00005d1d4f4138da in std::__n4861::coroutine_handle<void>::resume() const at /usr/include/c++/15/coroutine:142:50
#2  0x00005d1d4f419574 in nxt::rt::deck::ready_item::resume_if_ready(nxt::rt::deck&) const at /home/mbrock/nxtui/build/../src-ng/nxt/rt/task.hpp:1901:18
#3  0x00005d1d4f415a82 in nxt::rt::deck::run_ready_with() at /home/mbrock/nxtui/build/../src-ng/nxt/rt/deck.hpp:200:33
#4  0x00005d1d4f4157d6 in nxt::rt::deck::run_ready() at /home/mbrock/nxtui/build/../src-ng/nxt/rt/deck.hpp:130:23
#5  0x00005d1d4f4abf2e in void nxt::rt::uring_wand::run_until_done<int>(nxt::rt::deck&, nxt::rt::task<int>&) at /home/mbrock/nxtui/build/../src-ng/nxt/rt/uring_wand.hpp:173:28
#6  0x00005d1d4f47fc31 in int nxt::rt::runtime::run<int>(nxt::rt::task<int>) at /home/mbrock/nxtui/build/../src-ng/nxt/rt/app.hpp:141:29
#7  0x00005d1d4f3873ee in main at /home/mbrock/nxtui/build/../src-ng/nxtai/nxtllm.cpp:1272:18
#8  0x000070ce23e2a600 in __libc_start_call_main at ./csu/../sysdeps/nptl/libc_start_call_main.h:59:16
#9  0x000070ce23e2a717 in __libc_start_main_impl at ./csu/../csu/libc-start.c:360:3
#10 0x00005d1d4f364f24 in _start at /home/mbrock/nxtui/build/nxtllm

stdout write #186 bytes 139
  at ../src-ng/nxt/rt/ui_runtime.hpp:434 in nxt::rt::task<void> nxt::rt::ui_runtime::terminal_owner_loop(std::chrono::milliseconds)
  preview "\e7\e[38;25H\e[48;2;30;65;76m\e[38;2;203;213;225m               4.5K/s\xe2\x86\x93\e[38;73H\e[48;2;44;46;46m69\e[38;83H\e[48;2;2;6;23m\e[38;2;100;116;139m6\e8"
Stack trace (most recent call first):
#0  0x00005d1d4f374d47 in write_stdout_all at /home/mbrock/nxtui/build/../src-ng/nxt/rt/ui_runtime.hpp:40:23
#1  0x00005d1d4f4138da in std::__n4861::coroutine_handle<void>::resume() const at /usr/include/c++/15/coroutine:142:50
#2  0x00005d1d4f419574 in nxt::rt::deck::ready_item::resume_if_ready(nxt::rt::deck&) const at /home/mbrock/nxtui/build/../src-ng/nxt/rt/task.hpp:1901:18
#3  0x00005d1d4f415a82 in nxt::rt::deck::run_ready_with() at /home/mbrock/nxtui/build/../src-ng/nxt/rt/deck.hpp:200:33
#4  0x00005d1d4f4157d6 in nxt::rt::deck::run_ready() at /home/mbrock/nxtui/build/../src-ng/nxt/rt/deck.hpp:130:23
#5  0x00005d1d4f4abf2e in void nxt::rt::uring_wand::run_until_done<int>(nxt::rt::deck&, nxt::rt::task<int>&) at /home/mbrock/nxtui/build/../src-ng/nxt/rt/uring_wand.hpp:173:28
#6  0x00005d1d4f47fc31 in int nxt::rt::runtime::run<int>(nxt::rt::task<int>) at /home/mbrock/nxtui/build/../src-ng/nxt/rt/app.hpp:141:29
#7  0x00005d1d4f3873ee in main at /home/mbrock/nxtui/build/../src-ng/nxtai/nxtllm.cpp:1272:18
#8  0x000070ce23e2a600 in __libc_start_call_main at ./csu/../sysdeps/nptl/libc_start_call_main.h:59:16
#9  0x000070ce23e2a717 in __libc_start_main_impl at ./csu/../csu/libc-start.c:360:3
#10 0x00005d1d4f364f24 in _start at /home/mbrock/nxtui/build/nxtllm

stdout write #187 bytes 62
  at ../src-ng/nxt/rt/ui_runtime.hpp:434 in nxt::rt::task<void> nxt::rt::ui_runtime::terminal_owner_loop(std::chrono::milliseconds)
  preview "\e7\e[37;45H\e[48;2;2;6;23m\e[38;2;203;213;225mwith\e[37;50Hshort\e8"
Stack trace (most recent call first):
#0  0x00005d1d4f374d47 in write_stdout_all at /home/mbrock/nxtui/build/../src-ng/nxt/rt/ui_runtime.hpp:40:23
#1  0x00005d1d4f4138da in std::__n4861::coroutine_handle<void>::resume() const at /usr/include/c++/15/coroutine:142:50
#2  0x00005d1d4f419574 in nxt::rt::deck::ready_item::resume_if_ready(nxt::rt::deck&) const at /home/mbrock/nxtui/build/../src-ng/nxt/rt/task.hpp:1901:18
#3  0x00005d1d4f415a82 in nxt::rt::deck::run_ready_with() at /home/mbrock/nxtui/build/../src-ng/nxt/rt/deck.hpp:200:33
#4  0x00005d1d4f4157d6 in nxt::rt::deck::run_ready() at /home/mbrock/nxtui/build/../src-ng/nxt/rt/deck.hpp:130:23
#5  0x00005d1d4f4abf2e in void nxt::rt::uring_wand::run_until_done<int>(nxt::rt::deck&, nxt::rt::task<int>&) at /home/mbrock/nxtui/build/../src-ng/nxt/rt/uring_wand.hpp:173:28
#6  0x00005d1d4f47fc31 in int nxt::rt::runtime::run<int>(nxt::rt::task<int>) at /home/mbrock/nxtui/build/../src-ng/nxt/rt/app.hpp:141:29
#7  0x00005d1d4f3873ee in main at /home/mbrock/nxtui/build/../src-ng/nxtai/nxtllm.cpp:1272:18
#8  0x000070ce23e2a600 in __libc_start_call_main at ./csu/../sysdeps/nptl/libc_start_call_main.h:59:16
#9  0x000070ce23e2a717 in __libc_start_main_impl at ./csu/../csu/libc-start.c:360:3
#10 0x00005d1d4f364f24 in _start at /home/mbrock/nxtui/build/nxtllm

stdout write #188 bytes 161
  at ../src-ng/nxt/rt/ui_runtime.hpp:434 in nxt::rt::task<void> nxt::rt::ui_runtime::terminal_owner_loop(std::chrono::milliseconds)
  preview "\e7\e[38;21H\e[48;2;2;6;23m\e[38;2;203;213;225m3\e[38;25H\e[48;2;31;66;76m               4.7K/s\xe2\x86\x93\e[38;74H\e[48;2;44;46;46m6\e[38;83H\e[48;2;2;6;23m\e[38;2;100;116;139m7\e8"
Stack trace (most recent call first):
#0  0x00005d1d4f374d47 in write_stdout_all at /home/mbrock/nxtui/build/../src-ng/nxt/rt/ui_runtime.hpp:40:23
#1  0x00005d1d4f4138da in std::__n4861::coroutine_handle<void>::resume() const at /usr/include/c++/15/coroutine:142:50
#2  0x00005d1d4f419574 in nxt::rt::deck::ready_item::resume_if_ready(nxt::rt::deck&) const at /home/mbrock/nxtui/build/../src-ng/nxt/rt/task.hpp:1901:18
#3  0x00005d1d4f415a82 in nxt::rt::deck::run_ready_with() at /home/mbrock/nxtui/build/../src-ng/nxt/rt/deck.hpp:200:33
#4  0x00005d1d4f4157d6 in nxt::rt::deck::run_ready() at /home/mbrock/nxtui/build/../src-ng/nxt/rt/deck.hpp:130:23
#5  0x00005d1d4f4abf2e in void nxt::rt::uring_wand::run_until_done<int>(nxt::rt::deck&, nxt::rt::task<int>&) at /home/mbrock/nxtui/build/../src-ng/nxt/rt/uring_wand.hpp:173:28
#6  0x00005d1d4f47fc31 in int nxt::rt::runtime::run<int>(nxt::rt::task<int>) at /home/mbrock/nxtui/build/../src-ng/nxt/rt/app.hpp:141:29
#7  0x00005d1d4f3873ee in main at /home/mbrock/nxtui/build/../src-ng/nxtai/nxtllm.cpp:1272:18
#8  0x000070ce23e2a600 in __libc_start_call_main at ./csu/../sysdeps/nptl/libc_start_call_main.h:59:16
#9  0x000070ce23e2a717 in __libc_start_main_impl at ./csu/../csu/libc-start.c:360:3
#10 0x00005d1d4f364f24 in _start at /home/mbrock/nxtui/build/nxtllm

stdout write #189 bytes 51
  at ../src-ng/nxt/rt/ui_runtime.hpp:434 in nxt::rt::task<void> nxt::rt::ui_runtime::terminal_owner_loop(std::chrono::milliseconds)
  preview "\e7\e[37;56H\e[48;2;2;6;23m\e[38;2;203;213;225msleeps\e8"
Stack trace (most recent call first):
#0  0x00005d1d4f374d47 in write_stdout_all at /home/mbrock/nxtui/build/../src-ng/nxt/rt/ui_runtime.hpp:40:23
#1  0x00005d1d4f4138da in std::__n4861::coroutine_handle<void>::resume() const at /usr/include/c++/15/coroutine:142:50
#2  0x00005d1d4f419574 in nxt::rt::deck::ready_item::resume_if_ready(nxt::rt::deck&) const at /home/mbrock/nxtui/build/../src-ng/nxt/rt/task.hpp:1901:18
#3  0x00005d1d4f415a82 in nxt::rt::deck::run_ready_with() at /home/mbrock/nxtui/build/../src-ng/nxt/rt/deck.hpp:200:33
#4  0x00005d1d4f4157d6 in nxt::rt::deck::run_ready() at /home/mbrock/nxtui/build/../src-ng/nxt/rt/deck.hpp:130:23
#5  0x00005d1d4f4abf2e in void nxt::rt::uring_wand::run_until_done<int>(nxt::rt::deck&, nxt::rt::task<int>&) at /home/mbrock/nxtui/build/../src-ng/nxt/rt/uring_wand.hpp:173:28
#6  0x00005d1d4f47fc31 in int nxt::rt::runtime::run<int>(nxt::rt::task<int>) at /home/mbrock/nxtui/build/../src-ng/nxt/rt/app.hpp:141:29
#7  0x00005d1d4f3873ee in main at /home/mbrock/nxtui/build/../src-ng/nxtai/nxtllm.cpp:1272:18
#8  0x000070ce23e2a600 in __libc_start_call_main at ./csu/../sysdeps/nptl/libc_start_call_main.h:59:16
#9  0x000070ce23e2a717 in __libc_start_main_impl at ./csu/../csu/libc-start.c:360:3
#10 0x00005d1d4f364f24 in _start at /home/mbrock/nxtui/build/nxtllm

stdout write #190 bytes 138
  at ../src-ng/nxt/rt/ui_runtime.hpp:434 in nxt::rt::task<void> nxt::rt::ui_runtime::terminal_owner_loop(std::chrono::milliseconds)
  preview "\e7\e[38;25H\e[48;2;31;67;77m\e[38;2;203;213;225m               4.9K/s\xe2\x86\x93\e[38;74H\e[48;2;44;46;46m3\e[38;83H\e[48;2;2;6;23m\e[38;2;100;116;139m8\e8"
Stack trace (most recent call first):
#0  0x00005d1d4f374d47 in write_stdout_all at /home/mbrock/nxtui/build/../src-ng/nxt/rt/ui_runtime.hpp:40:23
#1  0x00005d1d4f4138da in std::__n4861::coroutine_handle<void>::resume() const at /usr/include/c++/15/coroutine:142:50
#2  0x00005d1d4f419574 in nxt::rt::deck::ready_item::resume_if_ready(nxt::rt::deck&) const at /home/mbrock/nxtui/build/../src-ng/nxt/rt/task.hpp:1901:18
#3  0x00005d1d4f415a82 in nxt::rt::deck::run_ready_with() at /home/mbrock/nxtui/build/../src-ng/nxt/rt/deck.hpp:200:33
#4  0x00005d1d4f4157d6 in nxt::rt::deck::run_ready() at /home/mbrock/nxtui/build/../src-ng/nxt/rt/deck.hpp:130:23
#5  0x00005d1d4f4abf2e in void nxt::rt::uring_wand::run_until_done<int>(nxt::rt::deck&, nxt::rt::task<int>&) at /home/mbrock/nxtui/build/../src-ng/nxt/rt/uring_wand.hpp:173:28
#6  0x00005d1d4f47fc31 in int nxt::rt::runtime::run<int>(nxt::rt::task<int>) at /home/mbrock/nxtui/build/../src-ng/nxt/rt/app.hpp:141:29
#7  0x00005d1d4f3873ee in main at /home/mbrock/nxtui/build/../src-ng/nxtai/nxtllm.cpp:1272:18
#8  0x000070ce23e2a600 in __libc_start_call_main at ./csu/../sysdeps/nptl/libc_start_call_main.h:59:16
#9  0x000070ce23e2a717 in __libc_start_main_impl at ./csu/../csu/libc-start.c:360:3
#10 0x00005d1d4f364f24 in _start at /home/mbrock/nxtui/build/nxtllm

stdout write #191 bytes 96
  at ../src-ng/nxt/rt/ui_runtime.hpp:434 in nxt::rt::task<void> nxt::rt::ui_runtime::terminal_owner_loop(std::chrono::milliseconds)
  preview "\e7\e[38;25H\e[48;2;31;66;77m\e[38;2;203;213;225m               4.8K/s\xe2\x86\x93\e[38;74H\e[48;2;44;46;46m1\e8"
Stack trace (most recent call first):
#0  0x00005d1d4f374d47 in write_stdout_all at /home/mbrock/nxtui/build/../src-ng/nxt/rt/ui_runtime.hpp:40:23
#1  0x00005d1d4f4138da in std::__n4861::coroutine_handle<void>::resume() const at /usr/include/c++/15/coroutine:142:50
#2  0x00005d1d4f419574 in nxt::rt::deck::ready_item::resume_if_ready(nxt::rt::deck&) const at /home/mbrock/nxtui/build/../src-ng/nxt/rt/task.hpp:1901:18
#3  0x00005d1d4f415a82 in nxt::rt::deck::run_ready_with() at /home/mbrock/nxtui/build/../src-ng/nxt/rt/deck.hpp:200:33
#4  0x00005d1d4f4157d6 in nxt::rt::deck::run_ready() at /home/mbrock/nxtui/build/../src-ng/nxt/rt/deck.hpp:130:23
#5  0x00005d1d4f4abf2e in void nxt::rt::uring_wand::run_until_done<int>(nxt::rt::deck&, nxt::rt::task<int>&) at /home/mbrock/nxtui/build/../src-ng/nxt/rt/uring_wand.hpp:173:28
#6  0x00005d1d4f47fc31 in int nxt::rt::runtime::run<int>(nxt::rt::task<int>) at /home/mbrock/nxtui/build/../src-ng/nxt/rt/app.hpp:141:29
#7  0x00005d1d4f3873ee in main at /home/mbrock/nxtui/build/../src-ng/nxtai/nxtllm.cpp:1272:18
#8  0x000070ce23e2a600 in __libc_start_call_main at ./csu/../sysdeps/nptl/libc_start_call_main.h:59:16
#9  0x000070ce23e2a717 in __libc_start_main_impl at ./csu/../csu/libc-start.c:360:3
#10 0x00005d1d4f364f24 in _start at /home/mbrock/nxtui/build/nxtllm

stdout write #192 bytes 48
  at ../src-ng/nxt/rt/ui_runtime.hpp:434 in nxt::rt::task<void> nxt::rt::ui_runtime::terminal_owner_loop(std::chrono::milliseconds)
  preview "\e7\e[37;63H\e[48;2;2;6;23m\e[38;2;203;213;225mand\e8"
Stack trace (most recent call first):
#0  0x00005d1d4f374d47 in write_stdout_all at /home/mbrock/nxtui/build/../src-ng/nxt/rt/ui_runtime.hpp:40:23
#1  0x00005d1d4f4138da in std::__n4861::coroutine_handle<void>::resume() const at /usr/include/c++/15/coroutine:142:50
#2  0x00005d1d4f419574 in nxt::rt::deck::ready_item::resume_if_ready(nxt::rt::deck&) const at /home/mbrock/nxtui/build/../src-ng/nxt/rt/task.hpp:1901:18
#3  0x00005d1d4f415a82 in nxt::rt::deck::run_ready_with() at /home/mbrock/nxtui/build/../src-ng/nxt/rt/deck.hpp:200:33
#4  0x00005d1d4f4157d6 in nxt::rt::deck::run_ready() at /home/mbrock/nxtui/build/../src-ng/nxt/rt/deck.hpp:130:23
#5  0x00005d1d4f4abf2e in void nxt::rt::uring_wand::run_until_done<int>(nxt::rt::deck&, nxt::rt::task<int>&) at /home/mbrock/nxtui/build/../src-ng/nxt/rt/uring_wand.hpp:173:28
#6  0x00005d1d4f47fc31 in int nxt::rt::runtime::run<int>(nxt::rt::task<int>) at /home/mbrock/nxtui/build/../src-ng/nxt/rt/app.hpp:141:29
#7  0x00005d1d4f3873ee in main at /home/mbrock/nxtui/build/../src-ng/nxtai/nxtllm.cpp:1272:18
#8  0x000070ce23e2a600 in __libc_start_call_main at ./csu/../sysdeps/nptl/libc_start_call_main.h:59:16
#9  0x000070ce23e2a717 in __libc_start_main_impl at ./csu/../csu/libc-start.c:360:3
#10 0x00005d1d4f364f24 in _start at /home/mbrock/nxtui/build/nxtllm

stdout write #193 bytes 139
  at ../src-ng/nxt/rt/ui_runtime.hpp:434 in nxt::rt::task<void> nxt::rt::ui_runtime::terminal_owner_loop(std::chrono::milliseconds)
  preview "\e7\e[38;25H\e[48;2;31;67;77m\e[38;2;203;213;225m               5.0K/s\xe2\x86\x93\e[38;73H\e[48;2;44;46;46m58\e[38;83H\e[48;2;2;6;23m\e[38;2;100;116;139m9\e8"
Stack trace (most recent call first):
#0  0x00005d1d4f374d47 in write_stdout_all at /home/mbrock/nxtui/build/../src-ng/nxt/rt/ui_runtime.hpp:40:23
#1  0x00005d1d4f4138da in std::__n4861::coroutine_handle<void>::resume() const at /usr/include/c++/15/coroutine:142:50
#2  0x00005d1d4f419574 in nxt::rt::deck::ready_item::resume_if_ready(nxt::rt::deck&) const at /home/mbrock/nxtui/build/../src-ng/nxt/rt/task.hpp:1901:18
#3  0x00005d1d4f415a82 in nxt::rt::deck::run_ready_with() at /home/mbrock/nxtui/build/../src-ng/nxt/rt/deck.hpp:200:33
#4  0x00005d1d4f4157d6 in nxt::rt::deck::run_ready() at /home/mbrock/nxtui/build/../src-ng/nxt/rt/deck.hpp:130:23
#5  0x00005d1d4f4abf2e in void nxt::rt::uring_wand::run_until_done<int>(nxt::rt::deck&, nxt::rt::task<int>&) at /home/mbrock/nxtui/build/../src-ng/nxt/rt/uring_wand.hpp:173:28
#6  0x00005d1d4f47fc31 in int nxt::rt::runtime::run<int>(nxt::rt::task<int>) at /home/mbrock/nxtui/build/../src-ng/nxt/rt/app.hpp:141:29
#7  0x00005d1d4f3873ee in main at /home/mbrock/nxtui/build/../src-ng/nxtai/nxtllm.cpp:1272:18
#8  0x000070ce23e2a600 in __libc_start_call_main at ./csu/../sysdeps/nptl/libc_start_call_main.h:59:16
#9  0x000070ce23e2a717 in __libc_start_main_impl at ./csu/../csu/libc-start.c:360:3
#10 0x00005d1d4f364f24 in _start at /home/mbrock/nxtui/build/nxtllm

stdout write #194 bytes 51
  at ../src-ng/nxt/rt/ui_runtime.hpp:434 in nxt::rt::task<void> nxt::rt::ui_runtime::terminal_owner_loop(std::chrono::milliseconds)
  preview "\e7\e[37;67H\e[48;2;2;6;23m\e[38;2;203;213;225mstdout\e8"
Stack trace (most recent call first):
#0  0x00005d1d4f374d47 in write_stdout_all at /home/mbrock/nxtui/build/../src-ng/nxt/rt/ui_runtime.hpp:40:23
#1  0x00005d1d4f4138da in std::__n4861::coroutine_handle<void>::resume() const at /usr/include/c++/15/coroutine:142:50
#2  0x00005d1d4f419574 in nxt::rt::deck::ready_item::resume_if_ready(nxt::rt::deck&) const at /home/mbrock/nxtui/build/../src-ng/nxt/rt/task.hpp:1901:18
#3  0x00005d1d4f415a82 in nxt::rt::deck::run_ready_with() at /home/mbrock/nxtui/build/../src-ng/nxt/rt/deck.hpp:200:33
#4  0x00005d1d4f4157d6 in nxt::rt::deck::run_ready() at /home/mbrock/nxtui/build/../src-ng/nxt/rt/deck.hpp:130:23
#5  0x00005d1d4f4abf2e in void nxt::rt::uring_wand::run_until_done<int>(nxt::rt::deck&, nxt::rt::task<int>&) at /home/mbrock/nxtui/build/../src-ng/nxt/rt/uring_wand.hpp:173:28
#6  0x00005d1d4f47fc31 in int nxt::rt::runtime::run<int>(nxt::rt::task<int>) at /home/mbrock/nxtui/build/../src-ng/nxt/rt/app.hpp:141:29
#7  0x00005d1d4f3873ee in main at /home/mbrock/nxtui/build/../src-ng/nxtai/nxtllm.cpp:1272:18
#8  0x000070ce23e2a600 in __libc_start_call_main at ./csu/../sysdeps/nptl/libc_start_call_main.h:59:16
#9  0x000070ce23e2a717 in __libc_start_main_impl at ./csu/../csu/libc-start.c:360:3
#10 0x00005d1d4f364f24 in _start at /home/mbrock/nxtui/build/nxtllm

stdout write #195 bytes 139
  at ../src-ng/nxt/rt/ui_runtime.hpp:434 in nxt::rt::task<void> nxt::rt::ui_runtime::terminal_owner_loop(std::chrono::milliseconds)
  preview "\e7\e[38;25H\e[48;2;31;68;78m\e[38;2;203;213;225m               5.2K/s\xe2\x86\x93\e[38;74H\e[48;2;44;46;46m6\e[38;82H\e[48;2;2;6;23m\e[38;2;100;116;139m20\e8"
Stack trace (most recent call first):
#0  0x00005d1d4f374d47 in write_stdout_all at /home/mbrock/nxtui/build/../src-ng/nxt/rt/ui_runtime.hpp:40:23
#1  0x00005d1d4f4138da in std::__n4861::coroutine_handle<void>::resume() const at /usr/include/c++/15/coroutine:142:50
#2  0x00005d1d4f419574 in nxt::rt::deck::ready_item::resume_if_ready(nxt::rt::deck&) const at /home/mbrock/nxtui/build/../src-ng/nxt/rt/task.hpp:1901:18
#3  0x00005d1d4f415a82 in nxt::rt::deck::run_ready_with() at /home/mbrock/nxtui/build/../src-ng/nxt/rt/deck.hpp:200:33
#4  0x00005d1d4f4157d6 in nxt::rt::deck::run_ready() at /home/mbrock/nxtui/build/../src-ng/nxt/rt/deck.hpp:130:23
#5  0x00005d1d4f4abf2e in void nxt::rt::uring_wand::run_until_done<int>(nxt::rt::deck&, nxt::rt::task<int>&) at /home/mbrock/nxtui/build/../src-ng/nxt/rt/uring_wand.hpp:173:28
#6  0x00005d1d4f47fc31 in int nxt::rt::runtime::run<int>(nxt::rt::task<int>) at /home/mbrock/nxtui/build/../src-ng/nxt/rt/app.hpp:141:29
#7  0x00005d1d4f3873ee in main at /home/mbrock/nxtui/build/../src-ng/nxtai/nxtllm.cpp:1272:18
#8  0x000070ce23e2a600 in __libc_start_call_main at ./csu/../sysdeps/nptl/libc_start_call_main.h:59:16
#9  0x000070ce23e2a717 in __libc_start_main_impl at ./csu/../csu/libc-start.c:360:3
#10 0x00005d1d4f364f24 in _start at /home/mbrock/nxtui/build/nxtllm

stdout write #196 bytes 161
  at ../src-ng/nxt/rt/ui_runtime.hpp:434 in nxt::rt::task<void> nxt::rt::ui_runtime::terminal_owner_loop(std::chrono::milliseconds)
  preview "\e7\e[38;21H\e[48;2;2;6;23m\e[38;2;203;213;225m4\e[38;25H\e[48;2;32;69;79m               5.4K/s\xe2\x86\x93\e[38;74H\e[48;2;44;46;46m3\e[38;83H\e[48;2;2;6;23m\e[38;2;100;116;139m1\e8"
Stack trace (most recent call first):
#0  0x00005d1d4f374d47 in write_stdout_all at /home/mbrock/nxtui/build/../src-ng/nxt/rt/ui_runtime.hpp:40:23
#1  0x00005d1d4f4138da in std::__n4861::coroutine_handle<void>::resume() const at /usr/include/c++/15/coroutine:142:50
#2  0x00005d1d4f419574 in nxt::rt::deck::ready_item::resume_if_ready(nxt::rt::deck&) const at /home/mbrock/nxtui/build/../src-ng/nxt/rt/task.hpp:1901:18
#3  0x00005d1d4f415a82 in nxt::rt::deck::run_ready_with() at /home/mbrock/nxtui/build/../src-ng/nxt/rt/deck.hpp:200:33
#4  0x00005d1d4f4157d6 in nxt::rt::deck::run_ready() at /home/mbrock/nxtui/build/../src-ng/nxt/rt/deck.hpp:130:23
#5  0x00005d1d4f4abf2e in void nxt::rt::uring_wand::run_until_done<int>(nxt::rt::deck&, nxt::rt::task<int>&) at /home/mbrock/nxtui/build/../src-ng/nxt/rt/uring_wand.hpp:173:28
#6  0x00005d1d4f47fc31 in int nxt::rt::runtime::run<int>(nxt::rt::task<int>) at /home/mbrock/nxtui/build/../src-ng/nxt/rt/app.hpp:141:29
#7  0x00005d1d4f3873ee in main at /home/mbrock/nxtui/build/../src-ng/nxtai/nxtllm.cpp:1272:18
#8  0x000070ce23e2a600 in __libc_start_call_main at ./csu/../sysdeps/nptl/libc_start_call_main.h:59:16
#9  0x000070ce23e2a717 in __libc_start_main_impl at ./csu/../csu/libc-start.c:360:3
#10 0x00005d1d4f364f24 in _start at /home/mbrock/nxtui/build/nxtllm

stdout write #197 bytes 51
  at ../src-ng/nxt/rt/ui_runtime.hpp:434 in nxt::rt::task<void> nxt::rt::ui_runtime::terminal_owner_loop(std::chrono::milliseconds)
  preview "\e7\e[37;74H\e[48;2;2;6;23m\e[38;2;203;213;225mlines,\e8"
Stack trace (most recent call first):
#0  0x00005d1d4f374d47 in write_stdout_all at /home/mbrock/nxtui/build/../src-ng/nxt/rt/ui_runtime.hpp:40:23
#1  0x00005d1d4f4138da in std::__n4861::coroutine_handle<void>::resume() const at /usr/include/c++/15/coroutine:142:50
#2  0x00005d1d4f419574 in nxt::rt::deck::ready_item::resume_if_ready(nxt::rt::deck&) const at /home/mbrock/nxtui/build/../src-ng/nxt/rt/task.hpp:1901:18
#3  0x00005d1d4f415a82 in nxt::rt::deck::run_ready_with() at /home/mbrock/nxtui/build/../src-ng/nxt/rt/deck.hpp:200:33
#4  0x00005d1d4f4157d6 in nxt::rt::deck::run_ready() at /home/mbrock/nxtui/build/../src-ng/nxt/rt/deck.hpp:130:23
#5  0x00005d1d4f4abf2e in void nxt::rt::uring_wand::run_until_done<int>(nxt::rt::deck&, nxt::rt::task<int>&) at /home/mbrock/nxtui/build/../src-ng/nxt/rt/uring_wand.hpp:173:28
#6  0x00005d1d4f47fc31 in int nxt::rt::runtime::run<int>(nxt::rt::task<int>) at /home/mbrock/nxtui/build/../src-ng/nxt/rt/app.hpp:141:29
#7  0x00005d1d4f3873ee in main at /home/mbrock/nxtui/build/../src-ng/nxtai/nxtllm.cpp:1272:18
#8  0x000070ce23e2a600 in __libc_start_call_main at ./csu/../sysdeps/nptl/libc_start_call_main.h:59:16
#9  0x000070ce23e2a717 in __libc_start_main_impl at ./csu/../csu/libc-start.c:360:3
#10 0x00005d1d4f364f24 in _start at /home/mbrock/nxtui/build/nxtllm

stdout write #198 bytes 73
  at ../src-ng/nxt/rt/ui_runtime.hpp:434 in nxt::rt::task<void> nxt::rt::ui_runtime::terminal_owner_loop(std::chrono::milliseconds)
  preview "\e7\e[38;42H\e[48;2;32;69;79m\e[38;2;203;213;225m6\e[38;74H\e[48;2;44;46;46m1\e8"
Stack trace (most recent call first):
#0  0x00005d1d4f374d47 in write_stdout_all at /home/mbrock/nxtui/build/../src-ng/nxt/rt/ui_runtime.hpp:40:23
#1  0x00005d1d4f4138da in std::__n4861::coroutine_handle<void>::resume() const at /usr/include/c++/15/coroutine:142:50
#2  0x00005d1d4f419574 in nxt::rt::deck::ready_item::resume_if_ready(nxt::rt::deck&) const at /home/mbrock/nxtui/build/../src-ng/nxt/rt/task.hpp:1901:18
#3  0x00005d1d4f415a82 in nxt::rt::deck::run_ready_with() at /home/mbrock/nxtui/build/../src-ng/nxt/rt/deck.hpp:200:33
#4  0x00005d1d4f4157d6 in nxt::rt::deck::run_ready() at /home/mbrock/nxtui/build/../src-ng/nxt/rt/deck.hpp:130:23
#5  0x00005d1d4f4abf2e in void nxt::rt::uring_wand::run_until_done<int>(nxt::rt::deck&, nxt::rt::task<int>&) at /home/mbrock/nxtui/build/../src-ng/nxt/rt/uring_wand.hpp:173:28
#6  0x00005d1d4f47fc31 in int nxt::rt::runtime::run<int>(nxt::rt::task<int>) at /home/mbrock/nxtui/build/../src-ng/nxt/rt/app.hpp:141:29
#7  0x00005d1d4f3873ee in main at /home/mbrock/nxtui/build/../src-ng/nxtai/nxtllm.cpp:1272:18
#8  0x000070ce23e2a600 in __libc_start_call_main at ./csu/../sysdeps/nptl/libc_start_call_main.h:59:16
#9  0x000070ce23e2a717 in __libc_start_main_impl at ./csu/../csu/libc-start.c:360:3
#10 0x00005d1d4f364f24 in _start at /home/mbrock/nxtui/build/nxtllm

stdout write #199 bytes 48
  at ../src-ng/nxt/rt/ui_runtime.hpp:434 in nxt::rt::task<void> nxt::rt::ui_runtime::terminal_owner_loop(std::chrono::milliseconds)
  preview "\e7\e[37;81H\e[48;2;2;6;23m\e[38;2;203;213;225mbut\e8"
Stack trace (most recent call first):
#0  0x00005d1d4f374d47 in write_stdout_all at /home/mbrock/nxtui/build/../src-ng/nxt/rt/ui_runtime.hpp:40:23
#1  0x00005d1d4f4138da in std::__n4861::coroutine_handle<void>::resume() const at /usr/include/c++/15/coroutine:142:50
#2  0x00005d1d4f419574 in nxt::rt::deck::ready_item::resume_if_ready(nxt::rt::deck&) const at /home/mbrock/nxtui/build/../src-ng/nxt/rt/task.hpp:1901:18
#3  0x00005d1d4f415a82 in nxt::rt::deck::run_ready_with() at /home/mbrock/nxtui/build/../src-ng/nxt/rt/deck.hpp:200:33
#4  0x00005d1d4f4157d6 in nxt::rt::deck::run_ready() at /home/mbrock/nxtui/build/../src-ng/nxt/rt/deck.hpp:130:23
#5  0x00005d1d4f4abf2e in void nxt::rt::uring_wand::run_until_done<int>(nxt::rt::deck&, nxt::rt::task<int>&) at /home/mbrock/nxtui/build/../src-ng/nxt/rt/uring_wand.hpp:173:28
#6  0x00005d1d4f47fc31 in int nxt::rt::runtime::run<int>(nxt::rt::task<int>) at /home/mbrock/nxtui/build/../src-ng/nxt/rt/app.hpp:141:29
#7  0x00005d1d4f3873ee in main at /home/mbrock/nxtui/build/../src-ng/nxtai/nxtllm.cpp:1272:18
#8  0x000070ce23e2a600 in __libc_start_call_main at ./csu/../sysdeps/nptl/libc_start_call_main.h:59:16
#9  0x000070ce23e2a717 in __libc_start_main_impl at ./csu/../csu/libc-start.c:360:3
#10 0x00005d1d4f364f24 in _start at /home/mbrock/nxtui/build/nxtllm

stdout write #200 bytes 139
  at ../src-ng/nxt/rt/ui_runtime.hpp:434 in nxt::rt::task<void> nxt::rt::ui_runtime::terminal_owner_loop(std::chrono::milliseconds)
  preview "\e7\e[38;25H\e[48;2;32;70;80m\e[38;2;203;213;225m               5.8K/s\xe2\x86\x93\e[38;73H\e[48;2;44;46;46m48\e[38;83H\e[48;2;2;6;23m\e[38;2;100;116;139m2\e8"
Stack trace (most recent call first):
#0  0x00005d1d4f374d47 in write_stdout_all at /home/mbrock/nxtui/build/../src-ng/nxt/rt/ui_runtime.hpp:40:23
#1  0x00005d1d4f4138da in std::__n4861::coroutine_handle<void>::resume() const at /usr/include/c++/15/coroutine:142:50
#2  0x00005d1d4f419574 in nxt::rt::deck::ready_item::resume_if_ready(nxt::rt::deck&) const at /home/mbrock/nxtui/build/../src-ng/nxt/rt/task.hpp:1901:18
#3  0x00005d1d4f415a82 in nxt::rt::deck::run_ready_with() at /home/mbrock/nxtui/build/../src-ng/nxt/rt/deck.hpp:200:33
#4  0x00005d1d4f4157d6 in nxt::rt::deck::run_ready() at /home/mbrock/nxtui/build/../src-ng/nxt/rt/deck.hpp:130:23
#5  0x00005d1d4f4abf2e in void nxt::rt::uring_wand::run_until_done<int>(nxt::rt::deck&, nxt::rt::task<int>&) at /home/mbrock/nxtui/build/../src-ng/nxt/rt/uring_wand.hpp:173:28
#6  0x00005d1d4f47fc31 in int nxt::rt::runtime::run<int>(nxt::rt::task<int>) at /home/mbrock/nxtui/build/../src-ng/nxt/rt/app.hpp:141:29
#7  0x00005d1d4f3873ee in main at /home/mbrock/nxtui/build/../src-ng/nxtai/nxtllm.cpp:1272:18
#8  0x000070ce23e2a600 in __libc_start_call_main at ./csu/../sysdeps/nptl/libc_start_call_main.h:59:16
#9  0x000070ce23e2a717 in __libc_start_main_impl at ./csu/../csu/libc-start.c:360:3
#10 0x00005d1d4f364f24 in _start at /home/mbrock/nxtui/build/nxtllm

stdout write #201 bytes 115
  at ../src-ng/nxt/rt/ui_runtime.hpp:434 in nxt::rt::task<void> nxt::rt::ui_runtime::terminal_owner_loop(std::chrono::milliseconds)
  preview "\e7\e[38;42H\e[48;2;32;70;80m\e[38;2;203;213;225m7\e[38;74H\e[48;2;44;46;46m6\e[38;83H\e[48;2;2;6;23m\e[38;2;100;116;139m3\e8"
Stack trace (most recent call first):
#0  0x00005d1d4f374d47 in write_stdout_all at /home/mbrock/nxtui/build/../src-ng/nxt/rt/ui_runtime.hpp:40:23
#1  0x00005d1d4f4138da in std::__n4861::coroutine_handle<void>::resume() const at /usr/include/c++/15/coroutine:142:50
#2  0x00005d1d4f419574 in nxt::rt::deck::ready_item::resume_if_ready(nxt::rt::deck&) const at /home/mbrock/nxtui/build/../src-ng/nxt/rt/task.hpp:1901:18
#3  0x00005d1d4f415a82 in nxt::rt::deck::run_ready_with() at /home/mbrock/nxtui/build/../src-ng/nxt/rt/deck.hpp:200:33
#4  0x00005d1d4f4157d6 in nxt::rt::deck::run_ready() at /home/mbrock/nxtui/build/../src-ng/nxt/rt/deck.hpp:130:23
#5  0x00005d1d4f4abf2e in void nxt::rt::uring_wand::run_until_done<int>(nxt::rt::deck&, nxt::rt::task<int>&) at /home/mbrock/nxtui/build/../src-ng/nxt/rt/uring_wand.hpp:173:28
#6  0x00005d1d4f47fc31 in int nxt::rt::runtime::run<int>(nxt::rt::task<int>) at /home/mbrock/nxtui/build/../src-ng/nxt/rt/app.hpp:141:29
#7  0x00005d1d4f3873ee in main at /home/mbrock/nxtui/build/../src-ng/nxtai/nxtllm.cpp:1272:18
#8  0x000070ce23e2a600 in __libc_start_call_main at ./csu/../sysdeps/nptl/libc_start_call_main.h:59:16
#9  0x000070ce23e2a717 in __libc_start_main_impl at ./csu/../csu/libc-start.c:360:3
#10 0x00005d1d4f364f24 in _start at /home/mbrock/nxtui/build/nxtllm

stdout write #202 bytes 96
  at ../src-ng/nxt/rt/ui_runtime.hpp:434 in nxt::rt::task<void> nxt::rt::ui_runtime::terminal_owner_loop(std::chrono::milliseconds)
  preview "\e7\e[38;25H\e[48;2;32;69;79m\e[38;2;203;213;225m               5.6K/s\xe2\x86\x93\e[38;74H\e[48;2;44;46;46m4\e8"
Stack trace (most recent call first):
#0  0x00005d1d4f374d47 in write_stdout_all at /home/mbrock/nxtui/build/../src-ng/nxt/rt/ui_runtime.hpp:40:23
#1  0x00005d1d4f4138da in std::__n4861::coroutine_handle<void>::resume() const at /usr/include/c++/15/coroutine:142:50
#2  0x00005d1d4f419574 in nxt::rt::deck::ready_item::resume_if_ready(nxt::rt::deck&) const at /home/mbrock/nxtui/build/../src-ng/nxt/rt/task.hpp:1901:18
#3  0x00005d1d4f415a82 in nxt::rt::deck::run_ready_with() at /home/mbrock/nxtui/build/../src-ng/nxt/rt/deck.hpp:200:33
#4  0x00005d1d4f4157d6 in nxt::rt::deck::run_ready() at /home/mbrock/nxtui/build/../src-ng/nxt/rt/deck.hpp:130:23
#5  0x00005d1d4f4abf2e in void nxt::rt::uring_wand::run_until_done<int>(nxt::rt::deck&, nxt::rt::task<int>&) at /home/mbrock/nxtui/build/../src-ng/nxt/rt/uring_wand.hpp:173:28
#6  0x00005d1d4f47fc31 in int nxt::rt::runtime::run<int>(nxt::rt::task<int>) at /home/mbrock/nxtui/build/../src-ng/nxt/rt/app.hpp:141:29
#7  0x00005d1d4f3873ee in main at /home/mbrock/nxtui/build/../src-ng/nxtai/nxtllm.cpp:1272:18
#8  0x000070ce23e2a600 in __libc_start_call_main at ./csu/../sysdeps/nptl/libc_start_call_main.h:59:16
#9  0x000070ce23e2a717 in __libc_start_main_impl at ./csu/../csu/libc-start.c:360:3
#10 0x00005d1d4f364f24 in _start at /home/mbrock/nxtui/build/nxtllm

stdout write #203 bytes 1538
  at ../src-ng/nxt/rt/ui_runtime.hpp:434 in nxt::rt::task<void> nxt::rt::ui_runtime::terminal_owner_loop(std::chrono::milliseconds)
  preview "\e[0m\e[1S\e[1A\e7\e[1;30r\e8\e7\e[31;1H\e[2K\e[32;1H\e[2K\e[33;1H\e[2K\e[34;1H\e[2K\e[35;1H\e[2K\e[36;1H\e[2K\e[37;1H\e[2K\e[38;1H\e[2K\e8\e7\e[31;1H\e[48;2;252;211;77m\e[38;2;2;6;23m\e[1m nxtllm \e[31;9H\e[0m\e[38;2;2;6;23m\e[48;2;252;211;77m\e[48;2;15;23;42m\e[38;2;148;163;184mgpt-5.4-nano  thinking                                                                      \e[32;1H\e[48;2;2;6;23m\e[38;2;203;213;225m \e[32;2H\e[48;2;125;211;252m\e[38;2;2;6;23m\e[1m thinking                                                                                          \e[33;1H\e[0m\e[38;2;2;6;23m\e[48;2;125;211;252m\e[48;2;2;6;23m\e[38;2;203;213;225m                                                                                                    \e[34;1H \e[34;2H\e[1mAsking for clarification\e[34;26H\e[0m\e[38;2;203;213;225m\e[48;2;2;6;23m                                                                           \e[35;1H                                                                                                    \e[36;1H I see the user wants to use the shell tool with short sleeps and stdout lines, but                 \e[37;1H there's                                                                                            \e[38;1H \e[38;2H\e[38;2;94;234;212m\e[1mstreaming SSE \e[38;16H\e[0m\e[38;2;94;234;212m\e[48;2;2;6;23m\e[38;2;203;213;225m    14K\xe2\x86\x93 \e[38;25H\e[48;2;32;69;79m               5.6K/s\xe2\x86\x93\e[38;47H\e[48;2;2;6;23m   2.0K\xe2\x86\x91 \e[38;56H\e[48;2;44;46;46m                144/s\xe2\x86\x91\e[38;78H\e[48;2;2;6;23m \e[38;79H\e[38;2;100;116;139m  #23\e[38;84H\e[38;2;203;213;225m                 \e8"
Stack trace (most recent call first):
#0  0x00005d1d4f374d47 in write_stdout_all at /home/mbrock/nxtui/build/../src-ng/nxt/rt/ui_runtime.hpp:40:23
#1  0x00005d1d4f4138da in std::__n4861::coroutine_handle<void>::resume() const at /usr/include/c++/15/coroutine:142:50
#2  0x00005d1d4f419574 in nxt::rt::deck::ready_item::resume_if_ready(nxt::rt::deck&) const at /home/mbrock/nxtui/build/../src-ng/nxt/rt/task.hpp:1901:18
#3  0x00005d1d4f415a82 in nxt::rt::deck::run_ready_with() at /home/mbrock/nxtui/build/../src-ng/nxt/rt/deck.hpp:200:33
#4  0x00005d1d4f4157d6 in nxt::rt::deck::run_ready() at /home/mbrock/nxtui/build/../src-ng/nxt/rt/deck.hpp:130:23
#5  0x00005d1d4f4abf2e in void nxt::rt::uring_wand::run_until_done<int>(nxt::rt::deck&, nxt::rt::task<int>&) at /home/mbrock/nxtui/build/../src-ng/nxt/rt/uring_wand.hpp:173:28
#6  0x00005d1d4f47fc31 in int nxt::rt::runtime::run<int>(nxt::rt::task<int>) at /home/mbrock/nxtui/build/../src-ng/nxt/rt/app.hpp:141:29
#7  0x00005d1d4f3873ee in main at /home/mbrock/nxtui/build/../src-ng/nxtai/nxtllm.cpp:1272:18
#8  0x000070ce23e2a600 in __libc_start_call_main at ./csu/../sysdeps/nptl/libc_start_call_main.h:59:16
#9  0x000070ce23e2a717 in __libc_start_main_impl at ./csu/../csu/libc-start.c:360:3
#10 0x00005d1d4f364f24 in _start at /home/mbrock/nxtui/build/nxtllm

stdout write #204 bytes 161
  at ../src-ng/nxt/rt/ui_runtime.hpp:434 in nxt::rt::task<void> nxt::rt::ui_runtime::terminal_owner_loop(std::chrono::milliseconds)
  preview "\e7\e[38;21H\e[48;2;2;6;23m\e[38;2;203;213;225m5\e[38;25H\e[48;2;32;70;80m               5.8K/s\xe2\x86\x93\e[38;74H\e[48;2;44;46;46m1\e[38;83H\e[48;2;2;6;23m\e[38;2;100;116;139m4\e8"
Stack trace (most recent call first):
#0  0x00005d1d4f374d47 in write_stdout_all at /home/mbrock/nxtui/build/../src-ng/nxt/rt/ui_runtime.hpp:40:23
#1  0x00005d1d4f4138da in std::__n4861::coroutine_handle<void>::resume() const at /usr/include/c++/15/coroutine:142:50
#2  0x00005d1d4f419574 in nxt::rt::deck::ready_item::resume_if_ready(nxt::rt::deck&) const at /home/mbrock/nxtui/build/../src-ng/nxt/rt/task.hpp:1901:18
#3  0x00005d1d4f415a82 in nxt::rt::deck::run_ready_with() at /home/mbrock/nxtui/build/../src-ng/nxt/rt/deck.hpp:200:33
#4  0x00005d1d4f4157d6 in nxt::rt::deck::run_ready() at /home/mbrock/nxtui/build/../src-ng/nxt/rt/deck.hpp:130:23
#5  0x00005d1d4f4abf2e in void nxt::rt::uring_wand::run_until_done<int>(nxt::rt::deck&, nxt::rt::task<int>&) at /home/mbrock/nxtui/build/../src-ng/nxt/rt/uring_wand.hpp:173:28
#6  0x00005d1d4f47fc31 in int nxt::rt::runtime::run<int>(nxt::rt::task<int>) at /home/mbrock/nxtui/build/../src-ng/nxt/rt/app.hpp:141:29
#7  0x00005d1d4f3873ee in main at /home/mbrock/nxtui/build/../src-ng/nxtai/nxtllm.cpp:1272:18
#8  0x000070ce23e2a600 in __libc_start_call_main at ./csu/../sysdeps/nptl/libc_start_call_main.h:59:16
#9  0x000070ce23e2a717 in __libc_start_main_impl at ./csu/../csu/libc-start.c:360:3
#10 0x00005d1d4f364f24 in _start at /home/mbrock/nxtui/build/nxtllm

stdout write #205 bytes 49
  at ../src-ng/nxt/rt/ui_runtime.hpp:434 in nxt::rt::task<void> nxt::rt::ui_runtime::terminal_owner_loop(std::chrono::milliseconds)
  preview "\e7\e[38;73H\e[48;2;44;46;46m\e[38;2;203;213;225m39\e8"
Stack trace (most recent call first):
#0  0x00005d1d4f374d47 in write_stdout_all at /home/mbrock/nxtui/build/../src-ng/nxt/rt/ui_runtime.hpp:40:23
#1  0x00005d1d4f4138da in std::__n4861::coroutine_handle<void>::resume() const at /usr/include/c++/15/coroutine:142:50
#2  0x00005d1d4f419574 in nxt::rt::deck::ready_item::resume_if_ready(nxt::rt::deck&) const at /home/mbrock/nxtui/build/../src-ng/nxt/rt/task.hpp:1901:18
#3  0x00005d1d4f415a82 in nxt::rt::deck::run_ready_with() at /home/mbrock/nxtui/build/../src-ng/nxt/rt/deck.hpp:200:33
#4  0x00005d1d4f4157d6 in nxt::rt::deck::run_ready() at /home/mbrock/nxtui/build/../src-ng/nxt/rt/deck.hpp:130:23
#5  0x00005d1d4f4abf2e in void nxt::rt::uring_wand::run_until_done<int>(nxt::rt::deck&, nxt::rt::task<int>&) at /home/mbrock/nxtui/build/../src-ng/nxt/rt/uring_wand.hpp:173:28
#6  0x00005d1d4f47fc31 in int nxt::rt::runtime::run<int>(nxt::rt::task<int>) at /home/mbrock/nxtui/build/../src-ng/nxt/rt/app.hpp:141:29
#7  0x00005d1d4f3873ee in main at /home/mbrock/nxtui/build/../src-ng/nxtai/nxtllm.cpp:1272:18
#8  0x000070ce23e2a600 in __libc_start_call_main at ./csu/../sysdeps/nptl/libc_start_call_main.h:59:16
#9  0x000070ce23e2a717 in __libc_start_main_impl at ./csu/../csu/libc-start.c:360:3
#10 0x00005d1d4f364f24 in _start at /home/mbrock/nxtui/build/nxtllm

stdout write #206 bytes 47
  at ../src-ng/nxt/rt/ui_runtime.hpp:434 in nxt::rt::task<void> nxt::rt::ui_runtime::terminal_owner_loop(std::chrono::milliseconds)
  preview "\e7\e[37;10H\e[48;2;2;6;23m\e[38;2;203;213;225mno\e8"
Stack trace (most recent call first):
#0  0x00005d1d4f374d47 in write_stdout_all at /home/mbrock/nxtui/build/../src-ng/nxt/rt/ui_runtime.hpp:40:23
#1  0x00005d1d4f4138da in std::__n4861::coroutine_handle<void>::resume() const at /usr/include/c++/15/coroutine:142:50
#2  0x00005d1d4f419574 in nxt::rt::deck::ready_item::resume_if_ready(nxt::rt::deck&) const at /home/mbrock/nxtui/build/../src-ng/nxt/rt/task.hpp:1901:18
#3  0x00005d1d4f415a82 in nxt::rt::deck::run_ready_with() at /home/mbrock/nxtui/build/../src-ng/nxt/rt/deck.hpp:200:33
#4  0x00005d1d4f4157d6 in nxt::rt::deck::run_ready() at /home/mbrock/nxtui/build/../src-ng/nxt/rt/deck.hpp:130:23
#5  0x00005d1d4f4abf2e in void nxt::rt::uring_wand::run_until_done<int>(nxt::rt::deck&, nxt::rt::task<int>&) at /home/mbrock/nxtui/build/../src-ng/nxt/rt/uring_wand.hpp:173:28
#6  0x00005d1d4f47fc31 in int nxt::rt::runtime::run<int>(nxt::rt::task<int>) at /home/mbrock/nxtui/build/../src-ng/nxt/rt/app.hpp:141:29
#7  0x00005d1d4f3873ee in main at /home/mbrock/nxtui/build/../src-ng/nxtai/nxtllm.cpp:1272:18
#8  0x000070ce23e2a600 in __libc_start_call_main at ./csu/../sysdeps/nptl/libc_start_call_main.h:59:16
#9  0x000070ce23e2a717 in __libc_start_main_impl at ./csu/../csu/libc-start.c:360:3
#10 0x00005d1d4f364f24 in _start at /home/mbrock/nxtui/build/nxtllm

stdout write #207 bytes 138
  at ../src-ng/nxt/rt/ui_runtime.hpp:434 in nxt::rt::task<void> nxt::rt::ui_runtime::terminal_owner_loop(std::chrono::milliseconds)
  preview "\e7\e[38;25H\e[48;2;32;71;80m\e[38;2;203;213;225m               5.9K/s\xe2\x86\x93\e[38;74H\e[48;2;44;46;46m7\e[38;83H\e[48;2;2;6;23m\e[38;2;100;116;139m5\e8"
Stack trace (most recent call first):
#0  0x00005d1d4f374d47 in write_stdout_all at /home/mbrock/nxtui/build/../src-ng/nxt/rt/ui_runtime.hpp:40:23
#1  0x00005d1d4f4138da in std::__n4861::coroutine_handle<void>::resume() const at /usr/include/c++/15/coroutine:142:50
#2  0x00005d1d4f419574 in nxt::rt::deck::ready_item::resume_if_ready(nxt::rt::deck&) const at /home/mbrock/nxtui/build/../src-ng/nxt/rt/task.hpp:1901:18
#3  0x00005d1d4f415a82 in nxt::rt::deck::run_ready_with() at /home/mbrock/nxtui/build/../src-ng/nxt/rt/deck.hpp:200:33
#4  0x00005d1d4f4157d6 in nxt::rt::deck::run_ready() at /home/mbrock/nxtui/build/../src-ng/nxt/rt/deck.hpp:130:23
#5  0x00005d1d4f4abf2e in void nxt::rt::uring_wand::run_until_done<int>(nxt::rt::deck&, nxt::rt::task<int>&) at /home/mbrock/nxtui/build/../src-ng/nxt/rt/uring_wand.hpp:173:28
#6  0x00005d1d4f47fc31 in int nxt::rt::runtime::run<int>(nxt::rt::task<int>) at /home/mbrock/nxtui/build/../src-ng/nxt/rt/app.hpp:141:29
#7  0x00005d1d4f3873ee in main at /home/mbrock/nxtui/build/../src-ng/nxtai/nxtllm.cpp:1272:18
#8  0x000070ce23e2a600 in __libc_start_call_main at ./csu/../sysdeps/nptl/libc_start_call_main.h:59:16
#9  0x000070ce23e2a717 in __libc_start_main_impl at ./csu/../csu/libc-start.c:360:3
#10 0x00005d1d4f364f24 in _start at /home/mbrock/nxtui/build/nxtllm

stdout write #208 bytes 53
  at ../src-ng/nxt/rt/ui_runtime.hpp:434 in nxt::rt::task<void> nxt::rt::ui_runtime::terminal_owner_loop(std::chrono::milliseconds)
  preview "\e7\e[37;13H\e[48;2;2;6;23m\e[38;2;203;213;225mspecific\e8"
Stack trace (most recent call first):
#0  0x00005d1d4f374d47 in write_stdout_all at /home/mbrock/nxtui/build/../src-ng/nxt/rt/ui_runtime.hpp:40:23
#1  0x00005d1d4f4138da in std::__n4861::coroutine_handle<void>::resume() const at /usr/include/c++/15/coroutine:142:50
#2  0x00005d1d4f419574 in nxt::rt::deck::ready_item::resume_if_ready(nxt::rt::deck&) const at /home/mbrock/nxtui/build/../src-ng/nxt/rt/task.hpp:1901:18
#3  0x00005d1d4f415a82 in nxt::rt::deck::run_ready_with() at /home/mbrock/nxtui/build/../src-ng/nxt/rt/deck.hpp:200:33
#4  0x00005d1d4f4157d6 in nxt::rt::deck::run_ready() at /home/mbrock/nxtui/build/../src-ng/nxt/rt/deck.hpp:130:23
#5  0x00005d1d4f4abf2e in void nxt::rt::uring_wand::run_until_done<int>(nxt::rt::deck&, nxt::rt::task<int>&) at /home/mbrock/nxtui/build/../src-ng/nxt/rt/uring_wand.hpp:173:28
#6  0x00005d1d4f47fc31 in int nxt::rt::runtime::run<int>(nxt::rt::task<int>) at /home/mbrock/nxtui/build/../src-ng/nxt/rt/app.hpp:141:29
#7  0x00005d1d4f3873ee in main at /home/mbrock/nxtui/build/../src-ng/nxtai/nxtllm.cpp:1272:18
#8  0x000070ce23e2a600 in __libc_start_call_main at ./csu/../sysdeps/nptl/libc_start_call_main.h:59:16
#9  0x000070ce23e2a717 in __libc_start_main_impl at ./csu/../csu/libc-start.c:360:3
#10 0x00005d1d4f364f24 in _start at /home/mbrock/nxtui/build/nxtllm

stdout write #209 bytes 138
  at ../src-ng/nxt/rt/ui_runtime.hpp:434 in nxt::rt::task<void> nxt::rt::ui_runtime::terminal_owner_loop(std::chrono::milliseconds)
  preview "\e7\e[38;25H\e[48;2;33;71;81m\e[38;2;203;213;225m               6.1K/s\xe2\x86\x93\e[38;74H\e[48;2;44;46;46m5\e[38;83H\e[48;2;2;6;23m\e[38;2;100;116;139m6\e8"
Stack trace (most recent call first):
#0  0x00005d1d4f374d47 in write_stdout_all at /home/mbrock/nxtui/build/../src-ng/nxt/rt/ui_runtime.hpp:40:23
#1  0x00005d1d4f4138da in std::__n4861::coroutine_handle<void>::resume() const at /usr/include/c++/15/coroutine:142:50
#2  0x00005d1d4f419574 in nxt::rt::deck::ready_item::resume_if_ready(nxt::rt::deck&) const at /home/mbrock/nxtui/build/../src-ng/nxt/rt/task.hpp:1901:18
#3  0x00005d1d4f415a82 in nxt::rt::deck::run_ready_with() at /home/mbrock/nxtui/build/../src-ng/nxt/rt/deck.hpp:200:33
#4  0x00005d1d4f4157d6 in nxt::rt::deck::run_ready() at /home/mbrock/nxtui/build/../src-ng/nxt/rt/deck.hpp:130:23
#5  0x00005d1d4f4abf2e in void nxt::rt::uring_wand::run_until_done<int>(nxt::rt::deck&, nxt::rt::task<int>&) at /home/mbrock/nxtui/build/../src-ng/nxt/rt/uring_wand.hpp:173:28
#6  0x00005d1d4f47fc31 in int nxt::rt::runtime::run<int>(nxt::rt::task<int>) at /home/mbrock/nxtui/build/../src-ng/nxt/rt/app.hpp:141:29
#7  0x00005d1d4f3873ee in main at /home/mbrock/nxtui/build/../src-ng/nxtai/nxtllm.cpp:1272:18
#8  0x000070ce23e2a600 in __libc_start_call_main at ./csu/../sysdeps/nptl/libc_start_call_main.h:59:16
#9  0x000070ce23e2a717 in __libc_start_main_impl at ./csu/../csu/libc-start.c:360:3
#10 0x00005d1d4f364f24 in _start at /home/mbrock/nxtui/build/nxtllm

stdout write #210 bytes 96
  at ../src-ng/nxt/rt/ui_runtime.hpp:434 in nxt::rt::task<void> nxt::rt::ui_runtime::terminal_owner_loop(std::chrono::milliseconds)
  preview "\e7\e[38;42H\e[48;2;33;71;81m\e[38;2;203;213;225m0\e[38;56H\e[48;2;43;46;46m                132/s\xe2\x86\x91\e8"
Stack trace (most recent call first):
#0  0x00005d1d4f374d47 in write_stdout_all at /home/mbrock/nxtui/build/../src-ng/nxt/rt/ui_runtime.hpp:40:23
#1  0x00005d1d4f4138da in std::__n4861::coroutine_handle<void>::resume() const at /usr/include/c++/15/coroutine:142:50
#2  0x00005d1d4f419574 in nxt::rt::deck::ready_item::resume_if_ready(nxt::rt::deck&) const at /home/mbrock/nxtui/build/../src-ng/nxt/rt/task.hpp:1901:18
#3  0x00005d1d4f415a82 in nxt::rt::deck::run_ready_with() at /home/mbrock/nxtui/build/../src-ng/nxt/rt/deck.hpp:200:33
#4  0x00005d1d4f4157d6 in nxt::rt::deck::run_ready() at /home/mbrock/nxtui/build/../src-ng/nxt/rt/deck.hpp:130:23
#5  0x00005d1d4f4abf2e in void nxt::rt::uring_wand::run_until_done<int>(nxt::rt::deck&, nxt::rt::task<int>&) at /home/mbrock/nxtui/build/../src-ng/nxt/rt/uring_wand.hpp:173:28
#6  0x00005d1d4f47fc31 in int nxt::rt::runtime::run<int>(nxt::rt::task<int>) at /home/mbrock/nxtui/build/../src-ng/nxt/rt/app.hpp:141:29
#7  0x00005d1d4f3873ee in main at /home/mbrock/nxtui/build/../src-ng/nxtai/nxtllm.cpp:1272:18
#8  0x000070ce23e2a600 in __libc_start_call_main at ./csu/../sysdeps/nptl/libc_start_call_main.h:59:16
#9  0x000070ce23e2a717 in __libc_start_main_impl at ./csu/../csu/libc-start.c:360:3
#10 0x00005d1d4f364f24 in _start at /home/mbrock/nxtui/build/nxtllm

stdout write #211 bytes 52
  at ../src-ng/nxt/rt/ui_runtime.hpp:434 in nxt::rt::task<void> nxt::rt::ui_runtime::terminal_owner_loop(std::chrono::milliseconds)
  preview "\e7\e[37;22H\e[48;2;2;6;23m\e[38;2;203;213;225mcommand\e8"
Stack trace (most recent call first):
#0  0x00005d1d4f374d47 in write_stdout_all at /home/mbrock/nxtui/build/../src-ng/nxt/rt/ui_runtime.hpp:40:23
#1  0x00005d1d4f4138da in std::__n4861::coroutine_handle<void>::resume() const at /usr/include/c++/15/coroutine:142:50
#2  0x00005d1d4f419574 in nxt::rt::deck::ready_item::resume_if_ready(nxt::rt::deck&) const at /home/mbrock/nxtui/build/../src-ng/nxt/rt/task.hpp:1901:18
#3  0x00005d1d4f415a82 in nxt::rt::deck::run_ready_with() at /home/mbrock/nxtui/build/../src-ng/nxt/rt/deck.hpp:200:33
#4  0x00005d1d4f4157d6 in nxt::rt::deck::run_ready() at /home/mbrock/nxtui/build/../src-ng/nxt/rt/deck.hpp:130:23
#5  0x00005d1d4f4abf2e in void nxt::rt::uring_wand::run_until_done<int>(nxt::rt::deck&, nxt::rt::task<int>&) at /home/mbrock/nxtui/build/../src-ng/nxt/rt/uring_wand.hpp:173:28
#6  0x00005d1d4f47fc31 in int nxt::rt::runtime::run<int>(nxt::rt::task<int>) at /home/mbrock/nxtui/build/../src-ng/nxt/rt/app.hpp:141:29
#7  0x00005d1d4f3873ee in main at /home/mbrock/nxtui/build/../src-ng/nxtai/nxtllm.cpp:1272:18
#8  0x000070ce23e2a600 in __libc_start_call_main at ./csu/../sysdeps/nptl/libc_start_call_main.h:59:16
#9  0x000070ce23e2a717 in __libc_start_main_impl at ./csu/../csu/libc-start.c:360:3
#10 0x00005d1d4f364f24 in _start at /home/mbrock/nxtui/build/nxtllm

stdout write #212 bytes 161
  at ../src-ng/nxt/rt/ui_runtime.hpp:434 in nxt::rt::task<void> nxt::rt::ui_runtime::terminal_owner_loop(std::chrono::milliseconds)
  preview "\e7\e[38;25H\e[48;2;33;72;81m\e[38;2;203;213;225m               6.2K/s\xe2\x86\x93\e[38;56H\e[48;2;43;45;46m                130/s\xe2\x86\x91\e[38;83H\e[48;2;2;6;23m\e[38;2;100;116;139m7\e8"
Stack trace (most recent call first):
#0  0x00005d1d4f374d47 in write_stdout_all at /home/mbrock/nxtui/build/../src-ng/nxt/rt/ui_runtime.hpp:40:23
#1  0x00005d1d4f4138da in std::__n4861::coroutine_handle<void>::resume() const at /usr/include/c++/15/coroutine:142:50
#2  0x00005d1d4f419574 in nxt::rt::deck::ready_item::resume_if_ready(nxt::rt::deck&) const at /home/mbrock/nxtui/build/../src-ng/nxt/rt/task.hpp:1901:18
#3  0x00005d1d4f415a82 in nxt::rt::deck::run_ready_with() at /home/mbrock/nxtui/build/../src-ng/nxt/rt/deck.hpp:200:33
#4  0x00005d1d4f4157d6 in nxt::rt::deck::run_ready() at /home/mbrock/nxtui/build/../src-ng/nxt/rt/deck.hpp:130:23
#5  0x00005d1d4f4abf2e in void nxt::rt::uring_wand::run_until_done<int>(nxt::rt::deck&, nxt::rt::task<int>&) at /home/mbrock/nxtui/build/../src-ng/nxt/rt/uring_wand.hpp:173:28
#6  0x00005d1d4f47fc31 in int nxt::rt::runtime::run<int>(nxt::rt::task<int>) at /home/mbrock/nxtui/build/../src-ng/nxt/rt/app.hpp:141:29
#7  0x00005d1d4f3873ee in main at /home/mbrock/nxtui/build/../src-ng/nxtai/nxtllm.cpp:1272:18
#8  0x000070ce23e2a600 in __libc_start_call_main at ./csu/../sysdeps/nptl/libc_start_call_main.h:59:16
#9  0x000070ce23e2a717 in __libc_start_main_impl at ./csu/../csu/libc-start.c:360:3
#10 0x00005d1d4f364f24 in _start at /home/mbrock/nxtui/build/nxtllm

stdout write #213 bytes 50
  at ../src-ng/nxt/rt/ui_runtime.hpp:434 in nxt::rt::task<void> nxt::rt::ui_runtime::terminal_owner_loop(std::chrono::milliseconds)
  preview "\e7\e[37;30H\e[48;2;2;6;23m\e[38;2;203;213;225mgiven\e8"
Stack trace (most recent call first):
#0  0x00005d1d4f374d47 in write_stdout_all at /home/mbrock/nxtui/build/../src-ng/nxt/rt/ui_runtime.hpp:40:23
#1  0x00005d1d4f4138da in std::__n4861::coroutine_handle<void>::resume() const at /usr/include/c++/15/coroutine:142:50
#2  0x00005d1d4f419574 in nxt::rt::deck::ready_item::resume_if_ready(nxt::rt::deck&) const at /home/mbrock/nxtui/build/../src-ng/nxt/rt/task.hpp:1901:18
#3  0x00005d1d4f415a82 in nxt::rt::deck::run_ready_with() at /home/mbrock/nxtui/build/../src-ng/nxt/rt/deck.hpp:200:33
#4  0x00005d1d4f4157d6 in nxt::rt::deck::run_ready() at /home/mbrock/nxtui/build/../src-ng/nxt/rt/deck.hpp:130:23
#5  0x00005d1d4f4abf2e in void nxt::rt::uring_wand::run_until_done<int>(nxt::rt::deck&, nxt::rt::task<int>&) at /home/mbrock/nxtui/build/../src-ng/nxt/rt/uring_wand.hpp:173:28
#6  0x00005d1d4f47fc31 in int nxt::rt::runtime::run<int>(nxt::rt::task<int>) at /home/mbrock/nxtui/build/../src-ng/nxt/rt/app.hpp:141:29
#7  0x00005d1d4f3873ee in main at /home/mbrock/nxtui/build/../src-ng/nxtai/nxtllm.cpp:1272:18
#8  0x000070ce23e2a600 in __libc_start_call_main at ./csu/../sysdeps/nptl/libc_start_call_main.h:59:16
#9  0x000070ce23e2a717 in __libc_start_main_impl at ./csu/../csu/libc-start.c:360:3
#10 0x00005d1d4f364f24 in _start at /home/mbrock/nxtui/build/nxtllm

stdout write #214 bytes 162
  at ../src-ng/nxt/rt/ui_runtime.hpp:434 in nxt::rt::task<void> nxt::rt::ui_runtime::terminal_owner_loop(std::chrono::milliseconds)
  preview "\e7\e[38;21H\e[48;2;2;6;23m\e[38;2;203;213;225m6\e[38;25H\e[48;2;33;72;82m               6.4K/s\xe2\x86\x93\e[38;73H\e[48;2;43;45;46m28\e[38;83H\e[48;2;2;6;23m\e[38;2;100;116;139m8\e8"
Stack trace (most recent call first):
#0  0x00005d1d4f374d47 in write_stdout_all at /home/mbrock/nxtui/build/../src-ng/nxt/rt/ui_runtime.hpp:40:23
#1  0x00005d1d4f4138da in std::__n4861::coroutine_handle<void>::resume() const at /usr/include/c++/15/coroutine:142:50
#2  0x00005d1d4f419574 in nxt::rt::deck::ready_item::resume_if_ready(nxt::rt::deck&) const at /home/mbrock/nxtui/build/../src-ng/nxt/rt/task.hpp:1901:18
#3  0x00005d1d4f415a82 in nxt::rt::deck::run_ready_with() at /home/mbrock/nxtui/build/../src-ng/nxt/rt/deck.hpp:200:33
#4  0x00005d1d4f4157d6 in nxt::rt::deck::run_ready() at /home/mbrock/nxtui/build/../src-ng/nxt/rt/deck.hpp:130:23
#5  0x00005d1d4f4abf2e in void nxt::rt::uring_wand::run_until_done<int>(nxt::rt::deck&, nxt::rt::task<int>&) at /home/mbrock/nxtui/build/../src-ng/nxt/rt/uring_wand.hpp:173:28
#6  0x00005d1d4f47fc31 in int nxt::rt::runtime::run<int>(nxt::rt::task<int>) at /home/mbrock/nxtui/build/../src-ng/nxt/rt/app.hpp:141:29
#7  0x00005d1d4f3873ee in main at /home/mbrock/nxtui/build/../src-ng/nxtai/nxtllm.cpp:1272:18
#8  0x000070ce23e2a600 in __libc_start_call_main at ./csu/../sysdeps/nptl/libc_start_call_main.h:59:16
#9  0x000070ce23e2a717 in __libc_start_main_impl at ./csu/../csu/libc-start.c:360:3
#10 0x00005d1d4f364f24 in _start at /home/mbrock/nxtui/build/nxtllm

stdout write #215 bytes 46
  at ../src-ng/nxt/rt/ui_runtime.hpp:434 in nxt::rt::task<void> nxt::rt::ui_runtime::terminal_owner_loop(std::chrono::milliseconds)
  preview "\e7\e[37;35H\e[48;2;2;6;23m\e[38;2;203;213;225m.\e8"
Stack trace (most recent call first):
#0  0x00005d1d4f374d47 in write_stdout_all at /home/mbrock/nxtui/build/../src-ng/nxt/rt/ui_runtime.hpp:40:23
#1  0x00005d1d4f4138da in std::__n4861::coroutine_handle<void>::resume() const at /usr/include/c++/15/coroutine:142:50
#2  0x00005d1d4f419574 in nxt::rt::deck::ready_item::resume_if_ready(nxt::rt::deck&) const at /home/mbrock/nxtui/build/../src-ng/nxt/rt/task.hpp:1901:18
#3  0x00005d1d4f415a82 in nxt::rt::deck::run_ready_with() at /home/mbrock/nxtui/build/../src-ng/nxt/rt/deck.hpp:200:33
#4  0x00005d1d4f4157d6 in nxt::rt::deck::run_ready() at /home/mbrock/nxtui/build/../src-ng/nxt/rt/deck.hpp:130:23
#5  0x00005d1d4f4abf2e in void nxt::rt::uring_wand::run_until_done<int>(nxt::rt::deck&, nxt::rt::task<int>&) at /home/mbrock/nxtui/build/../src-ng/nxt/rt/uring_wand.hpp:173:28
#6  0x00005d1d4f47fc31 in int nxt::rt::runtime::run<int>(nxt::rt::task<int>) at /home/mbrock/nxtui/build/../src-ng/nxt/rt/app.hpp:141:29
#7  0x00005d1d4f3873ee in main at /home/mbrock/nxtui/build/../src-ng/nxtai/nxtllm.cpp:1272:18
#8  0x000070ce23e2a600 in __libc_start_call_main at ./csu/../sysdeps/nptl/libc_start_call_main.h:59:16
#9  0x000070ce23e2a717 in __libc_start_main_impl at ./csu/../csu/libc-start.c:360:3
#10 0x00005d1d4f364f24 in _start at /home/mbrock/nxtui/build/nxtllm

stdout write #216 bytes 138
  at ../src-ng/nxt/rt/ui_runtime.hpp:434 in nxt::rt::task<void> nxt::rt::ui_runtime::terminal_owner_loop(std::chrono::milliseconds)
  preview "\e7\e[38;25H\e[48;2;33;73;82m\e[38;2;203;213;225m               6.6K/s\xe2\x86\x93\e[38;74H\e[48;2;43;45;46m6\e[38;83H\e[48;2;2;6;23m\e[38;2;100;116;139m9\e8"
Stack trace (most recent call first):
#0  0x00005d1d4f374d47 in write_stdout_all at /home/mbrock/nxtui/build/../src-ng/nxt/rt/ui_runtime.hpp:40:23
#1  0x00005d1d4f4138da in std::__n4861::coroutine_handle<void>::resume() const at /usr/include/c++/15/coroutine:142:50
#2  0x00005d1d4f419574 in nxt::rt::deck::ready_item::resume_if_ready(nxt::rt::deck&) const at /home/mbrock/nxtui/build/../src-ng/nxt/rt/task.hpp:1901:18
#3  0x00005d1d4f415a82 in nxt::rt::deck::run_ready_with() at /home/mbrock/nxtui/build/../src-ng/nxt/rt/deck.hpp:200:33
#4  0x00005d1d4f4157d6 in nxt::rt::deck::run_ready() at /home/mbrock/nxtui/build/../src-ng/nxt/rt/deck.hpp:130:23
#5  0x00005d1d4f4abf2e in void nxt::rt::uring_wand::run_until_done<int>(nxt::rt::deck&, nxt::rt::task<int>&) at /home/mbrock/nxtui/build/../src-ng/nxt/rt/uring_wand.hpp:173:28
#6  0x00005d1d4f47fc31 in int nxt::rt::runtime::run<int>(nxt::rt::task<int>) at /home/mbrock/nxtui/build/../src-ng/nxt/rt/app.hpp:141:29
#7  0x00005d1d4f3873ee in main at /home/mbrock/nxtui/build/../src-ng/nxtai/nxtllm.cpp:1272:18
#8  0x000070ce23e2a600 in __libc_start_call_main at ./csu/../sysdeps/nptl/libc_start_call_main.h:59:16
#9  0x000070ce23e2a717 in __libc_start_main_impl at ./csu/../csu/libc-start.c:360:3
#10 0x00005d1d4f364f24 in _start at /home/mbrock/nxtui/build/nxtllm

stdout write #217 bytes 46
  at ../src-ng/nxt/rt/ui_runtime.hpp:434 in nxt::rt::task<void> nxt::rt::ui_runtime::terminal_owner_loop(std::chrono::milliseconds)
  preview "\e7\e[37;37H\e[48;2;2;6;23m\e[38;2;203;213;225mI\e8"
Stack trace (most recent call first):
#0  0x00005d1d4f374d47 in write_stdout_all at /home/mbrock/nxtui/build/../src-ng/nxt/rt/ui_runtime.hpp:40:23
#1  0x00005d1d4f4138da in std::__n4861::coroutine_handle<void>::resume() const at /usr/include/c++/15/coroutine:142:50
#2  0x00005d1d4f419574 in nxt::rt::deck::ready_item::resume_if_ready(nxt::rt::deck&) const at /home/mbrock/nxtui/build/../src-ng/nxt/rt/task.hpp:1901:18
#3  0x00005d1d4f415a82 in nxt::rt::deck::run_ready_with() at /home/mbrock/nxtui/build/../src-ng/nxt/rt/deck.hpp:200:33
#4  0x00005d1d4f4157d6 in nxt::rt::deck::run_ready() at /home/mbrock/nxtui/build/../src-ng/nxt/rt/deck.hpp:130:23
#5  0x00005d1d4f4abf2e in void nxt::rt::uring_wand::run_until_done<int>(nxt::rt::deck&, nxt::rt::task<int>&) at /home/mbrock/nxtui/build/../src-ng/nxt/rt/uring_wand.hpp:173:28
#6  0x00005d1d4f47fc31 in int nxt::rt::runtime::run<int>(nxt::rt::task<int>) at /home/mbrock/nxtui/build/../src-ng/nxt/rt/app.hpp:141:29
#7  0x00005d1d4f3873ee in main at /home/mbrock/nxtui/build/../src-ng/nxtai/nxtllm.cpp:1272:18
#8  0x000070ce23e2a600 in __libc_start_call_main at ./csu/../sysdeps/nptl/libc_start_call_main.h:59:16
#9  0x000070ce23e2a717 in __libc_start_main_impl at ./csu/../csu/libc-start.c:360:3
#10 0x00005d1d4f364f24 in _start at /home/mbrock/nxtui/build/nxtllm

stdout write #218 bytes 139
  at ../src-ng/nxt/rt/ui_runtime.hpp:434 in nxt::rt::task<void> nxt::rt::ui_runtime::terminal_owner_loop(std::chrono::milliseconds)
  preview "\e7\e[38;25H\e[48;2;34;74;83m\e[38;2;203;213;225m               6.8K/s\xe2\x86\x93\e[38;74H\e[48;2;43;45;46m4\e[38;82H\e[48;2;2;6;23m\e[38;2;100;116;139m30\e8"
Stack trace (most recent call first):
#0  0x00005d1d4f374d47 in write_stdout_all at /home/mbrock/nxtui/build/../src-ng/nxt/rt/ui_runtime.hpp:40:23
#1  0x00005d1d4f4138da in std::__n4861::coroutine_handle<void>::resume() const at /usr/include/c++/15/coroutine:142:50
#2  0x00005d1d4f419574 in nxt::rt::deck::ready_item::resume_if_ready(nxt::rt::deck&) const at /home/mbrock/nxtui/build/../src-ng/nxt/rt/task.hpp:1901:18
#3  0x00005d1d4f415a82 in nxt::rt::deck::run_ready_with() at /home/mbrock/nxtui/build/../src-ng/nxt/rt/deck.hpp:200:33
#4  0x00005d1d4f4157d6 in nxt::rt::deck::run_ready() at /home/mbrock/nxtui/build/../src-ng/nxt/rt/deck.hpp:130:23
#5  0x00005d1d4f4abf2e in void nxt::rt::uring_wand::run_until_done<int>(nxt::rt::deck&, nxt::rt::task<int>&) at /home/mbrock/nxtui/build/../src-ng/nxt/rt/uring_wand.hpp:173:28
#6  0x00005d1d4f47fc31 in int nxt::rt::runtime::run<int>(nxt::rt::task<int>) at /home/mbrock/nxtui/build/../src-ng/nxt/rt/app.hpp:141:29
#7  0x00005d1d4f3873ee in main at /home/mbrock/nxtui/build/../src-ng/nxtai/nxtllm.cpp:1272:18
#8  0x000070ce23e2a600 in __libc_start_call_main at ./csu/../sysdeps/nptl/libc_start_call_main.h:59:16
#9  0x000070ce23e2a717 in __libc_start_main_impl at ./csu/../csu/libc-start.c:360:3
#10 0x00005d1d4f364f24 in _start at /home/mbrock/nxtui/build/nxtllm

stdout write #219 bytes 51
  at ../src-ng/nxt/rt/ui_runtime.hpp:434 in nxt::rt::task<void> nxt::rt::ui_runtime::terminal_owner_loop(std::chrono::milliseconds)
  preview "\e7\e[37;39H\e[48;2;2;6;23m\e[38;2;203;213;225mshould\e8"
Stack trace (most recent call first):
#0  0x00005d1d4f374d47 in write_stdout_all at /home/mbrock/nxtui/build/../src-ng/nxt/rt/ui_runtime.hpp:40:23
#1  0x00005d1d4f4138da in std::__n4861::coroutine_handle<void>::resume() const at /usr/include/c++/15/coroutine:142:50
#2  0x00005d1d4f419574 in nxt::rt::deck::ready_item::resume_if_ready(nxt::rt::deck&) const at /home/mbrock/nxtui/build/../src-ng/nxt/rt/task.hpp:1901:18
#3  0x00005d1d4f415a82 in nxt::rt::deck::run_ready_with() at /home/mbrock/nxtui/build/../src-ng/nxt/rt/deck.hpp:200:33
#4  0x00005d1d4f4157d6 in nxt::rt::deck::run_ready() at /home/mbrock/nxtui/build/../src-ng/nxt/rt/deck.hpp:130:23
#5  0x00005d1d4f4abf2e in void nxt::rt::uring_wand::run_until_done<int>(nxt::rt::deck&, nxt::rt::task<int>&) at /home/mbrock/nxtui/build/../src-ng/nxt/rt/uring_wand.hpp:173:28
#6  0x00005d1d4f47fc31 in int nxt::rt::runtime::run<int>(nxt::rt::task<int>) at /home/mbrock/nxtui/build/../src-ng/nxt/rt/app.hpp:141:29
#7  0x00005d1d4f3873ee in main at /home/mbrock/nxtui/build/../src-ng/nxtai/nxtllm.cpp:1272:18
#8  0x000070ce23e2a600 in __libc_start_call_main at ./csu/../sysdeps/nptl/libc_start_call_main.h:59:16
#9  0x000070ce23e2a717 in __libc_start_main_impl at ./csu/../csu/libc-start.c:360:3
#10 0x00005d1d4f364f24 in _start at /home/mbrock/nxtui/build/nxtllm

stdout write #220 bytes 147
  at ../src-ng/nxt/rt/ui_runtime.hpp:434 in nxt::rt::task<void> nxt::rt::ui_runtime::terminal_owner_loop(std::chrono::milliseconds)
  preview "\e7\e[38;21H\e[48;2;2;6;23m\e[38;2;203;213;225m7\e[38;40H\e[48;2;34;74;83m7\e[38;42H0\e[38;74H\e[48;2;43;45;46m2\e[38;83H\e[48;2;2;6;23m\e[38;2;100;116;139m1\e8"
Stack trace (most recent call first):
#0  0x00005d1d4f374d47 in write_stdout_all at /home/mbrock/nxtui/build/../src-ng/nxt/rt/ui_runtime.hpp:40:23
#1  0x00005d1d4f4138da in std::__n4861::coroutine_handle<void>::resume() const at /usr/include/c++/15/coroutine:142:50
#2  0x00005d1d4f419574 in nxt::rt::deck::ready_item::resume_if_ready(nxt::rt::deck&) const at /home/mbrock/nxtui/build/../src-ng/nxt/rt/task.hpp:1901:18
#3  0x00005d1d4f415a82 in nxt::rt::deck::run_ready_with() at /home/mbrock/nxtui/build/../src-ng/nxt/rt/deck.hpp:200:33
#4  0x00005d1d4f4157d6 in nxt::rt::deck::run_ready() at /home/mbrock/nxtui/build/../src-ng/nxt/rt/deck.hpp:130:23
#5  0x00005d1d4f4abf2e in void nxt::rt::uring_wand::run_until_done<int>(nxt::rt::deck&, nxt::rt::task<int>&) at /home/mbrock/nxtui/build/../src-ng/nxt/rt/uring_wand.hpp:173:28
#6  0x00005d1d4f47fc31 in int nxt::rt::runtime::run<int>(nxt::rt::task<int>) at /home/mbrock/nxtui/build/../src-ng/nxt/rt/app.hpp:141:29
#7  0x00005d1d4f3873ee in main at /home/mbrock/nxtui/build/../src-ng/nxtai/nxtllm.cpp:1272:18
#8  0x000070ce23e2a600 in __libc_start_call_main at ./csu/../sysdeps/nptl/libc_start_call_main.h:59:16
#9  0x000070ce23e2a717 in __libc_start_main_impl at ./csu/../csu/libc-start.c:360:3
#10 0x00005d1d4f364f24 in _start at /home/mbrock/nxtui/build/nxtllm

stdout write #221 bytes 82
  at ../src-ng/nxt/rt/ui_runtime.hpp:434 in nxt::rt::task<void> nxt::rt::ui_runtime::terminal_owner_loop(std::chrono::milliseconds)
  preview "\e7\e[38;40H\e[48;2;34;74;83m\e[38;2;203;213;225m6\e[38;42H9\e[38;74H\e[48;2;43;45;46m0\e8"
Stack trace (most recent call first):
#0  0x00005d1d4f374d47 in write_stdout_all at /home/mbrock/nxtui/build/../src-ng/nxt/rt/ui_runtime.hpp:40:23
#1  0x00005d1d4f4138da in std::__n4861::coroutine_handle<void>::resume() const at /usr/include/c++/15/coroutine:142:50
#2  0x00005d1d4f419574 in nxt::rt::deck::ready_item::resume_if_ready(nxt::rt::deck&) const at /home/mbrock/nxtui/build/../src-ng/nxt/rt/task.hpp:1901:18
#3  0x00005d1d4f415a82 in nxt::rt::deck::run_ready_with() at /home/mbrock/nxtui/build/../src-ng/nxt/rt/deck.hpp:200:33
#4  0x00005d1d4f4157d6 in nxt::rt::deck::run_ready() at /home/mbrock/nxtui/build/../src-ng/nxt/rt/deck.hpp:130:23
#5  0x00005d1d4f4abf2e in void nxt::rt::uring_wand::run_until_done<int>(nxt::rt::deck&, nxt::rt::task<int>&) at /home/mbrock/nxtui/build/../src-ng/nxt/rt/uring_wand.hpp:173:28
#6  0x00005d1d4f47fc31 in int nxt::rt::runtime::run<int>(nxt::rt::task<int>) at /home/mbrock/nxtui/build/../src-ng/nxt/rt/app.hpp:141:29
#7  0x00005d1d4f3873ee in main at /home/mbrock/nxtui/build/../src-ng/nxtai/nxtllm.cpp:1272:18
#8  0x000070ce23e2a600 in __libc_start_call_main at ./csu/../sysdeps/nptl/libc_start_call_main.h:59:16
#9  0x000070ce23e2a717 in __libc_start_main_impl at ./csu/../csu/libc-start.c:360:3
#10 0x00005d1d4f364f24 in _start at /home/mbrock/nxtui/build/nxtllm

stdout write #222 bytes 48
  at ../src-ng/nxt/rt/ui_runtime.hpp:434 in nxt::rt::task<void> nxt::rt::ui_runtime::terminal_owner_loop(std::chrono::milliseconds)
  preview "\e7\e[37;46H\e[48;2;2;6;23m\e[38;2;203;213;225mask\e8"
Stack trace (most recent call first):
#0  0x00005d1d4f374d47 in write_stdout_all at /home/mbrock/nxtui/build/../src-ng/nxt/rt/ui_runtime.hpp:40:23
#1  0x00005d1d4f4138da in std::__n4861::coroutine_handle<void>::resume() const at /usr/include/c++/15/coroutine:142:50
#2  0x00005d1d4f419574 in nxt::rt::deck::ready_item::resume_if_ready(nxt::rt::deck&) const at /home/mbrock/nxtui/build/../src-ng/nxt/rt/task.hpp:1901:18
#3  0x00005d1d4f415a82 in nxt::rt::deck::run_ready_with() at /home/mbrock/nxtui/build/../src-ng/nxt/rt/deck.hpp:200:33
#4  0x00005d1d4f4157d6 in nxt::rt::deck::run_ready() at /home/mbrock/nxtui/build/../src-ng/nxt/rt/deck.hpp:130:23
#5  0x00005d1d4f4abf2e in void nxt::rt::uring_wand::run_until_done<int>(nxt::rt::deck&, nxt::rt::task<int>&) at /home/mbrock/nxtui/build/../src-ng/nxt/rt/uring_wand.hpp:173:28
#6  0x00005d1d4f47fc31 in int nxt::rt::runtime::run<int>(nxt::rt::task<int>) at /home/mbrock/nxtui/build/../src-ng/nxt/rt/app.hpp:141:29
#7  0x00005d1d4f3873ee in main at /home/mbrock/nxtui/build/../src-ng/nxtai/nxtllm.cpp:1272:18
#8  0x000070ce23e2a600 in __libc_start_call_main at ./csu/../sysdeps/nptl/libc_start_call_main.h:59:16
#9  0x000070ce23e2a717 in __libc_start_main_impl at ./csu/../csu/libc-start.c:360:3
#10 0x00005d1d4f364f24 in _start at /home/mbrock/nxtui/build/nxtllm

stdout write #223 bytes 139
  at ../src-ng/nxt/rt/ui_runtime.hpp:434 in nxt::rt::task<void> nxt::rt::ui_runtime::terminal_owner_loop(std::chrono::milliseconds)
  preview "\e7\e[38;25H\e[48;2;34;75;84m\e[38;2;203;213;225m               7.0K/s\xe2\x86\x93\e[38;73H\e[48;2;43;45;46m18\e[38;83H\e[48;2;2;6;23m\e[38;2;100;116;139m2\e8"
Stack trace (most recent call first):
#0  0x00005d1d4f374d47 in write_stdout_all at /home/mbrock/nxtui/build/../src-ng/nxt/rt/ui_runtime.hpp:40:23
#1  0x00005d1d4f4138da in std::__n4861::coroutine_handle<void>::resume() const at /usr/include/c++/15/coroutine:142:50
#2  0x00005d1d4f419574 in nxt::rt::deck::ready_item::resume_if_ready(nxt::rt::deck&) const at /home/mbrock/nxtui/build/../src-ng/nxt/rt/task.hpp:1901:18
#3  0x00005d1d4f415a82 in nxt::rt::deck::run_ready_with() at /home/mbrock/nxtui/build/../src-ng/nxt/rt/deck.hpp:200:33
#4  0x00005d1d4f4157d6 in nxt::rt::deck::run_ready() at /home/mbrock/nxtui/build/../src-ng/nxt/rt/deck.hpp:130:23
#5  0x00005d1d4f4abf2e in void nxt::rt::uring_wand::run_until_done<int>(nxt::rt::deck&, nxt::rt::task<int>&) at /home/mbrock/nxtui/build/../src-ng/nxt/rt/uring_wand.hpp:173:28
#6  0x00005d1d4f47fc31 in int nxt::rt::runtime::run<int>(nxt::rt::task<int>) at /home/mbrock/nxtui/build/../src-ng/nxt/rt/app.hpp:141:29
#7  0x00005d1d4f3873ee in main at /home/mbrock/nxtui/build/../src-ng/nxtai/nxtllm.cpp:1272:18
#8  0x000070ce23e2a600 in __libc_start_call_main at ./csu/../sysdeps/nptl/libc_start_call_main.h:59:16
#9  0x000070ce23e2a717 in __libc_start_main_impl at ./csu/../csu/libc-start.c:360:3
#10 0x00005d1d4f364f24 in _start at /home/mbrock/nxtui/build/nxtllm

stdout write #224 bytes 96
  at ../src-ng/nxt/rt/ui_runtime.hpp:434 in nxt::rt::task<void> nxt::rt::ui_runtime::terminal_owner_loop(std::chrono::milliseconds)
  preview "\e7\e[38;25H\e[48;2;34;74;83m\e[38;2;203;213;225m               6.9K/s\xe2\x86\x93\e[38;74H\e[48;2;43;45;46m6\e8"
Stack trace (most recent call first):
#0  0x00005d1d4f374d47 in write_stdout_all at /home/mbrock/nxtui/build/../src-ng/nxt/rt/ui_runtime.hpp:40:23
#1  0x00005d1d4f4138da in std::__n4861::coroutine_handle<void>::resume() const at /usr/include/c++/15/coroutine:142:50
#2  0x00005d1d4f419574 in nxt::rt::deck::ready_item::resume_if_ready(nxt::rt::deck&) const at /home/mbrock/nxtui/build/../src-ng/nxt/rt/task.hpp:1901:18
#3  0x00005d1d4f415a82 in nxt::rt::deck::run_ready_with() at /home/mbrock/nxtui/build/../src-ng/nxt/rt/deck.hpp:200:33
#4  0x00005d1d4f4157d6 in nxt::rt::deck::run_ready() at /home/mbrock/nxtui/build/../src-ng/nxt/rt/deck.hpp:130:23
#5  0x00005d1d4f4abf2e in void nxt::rt::uring_wand::run_until_done<int>(nxt::rt::deck&, nxt::rt::task<int>&) at /home/mbrock/nxtui/build/../src-ng/nxt/rt/uring_wand.hpp:173:28
#6  0x00005d1d4f47fc31 in int nxt::rt::runtime::run<int>(nxt::rt::task<int>) at /home/mbrock/nxtui/build/../src-ng/nxt/rt/app.hpp:141:29
#7  0x00005d1d4f3873ee in main at /home/mbrock/nxtui/build/../src-ng/nxtai/nxtllm.cpp:1272:18
#8  0x000070ce23e2a600 in __libc_start_call_main at ./csu/../sysdeps/nptl/libc_start_call_main.h:59:16
#9  0x000070ce23e2a717 in __libc_start_main_impl at ./csu/../csu/libc-start.c:360:3
#10 0x00005d1d4f364f24 in _start at /home/mbrock/nxtui/build/nxtllm

stdout write #225 bytes 49
  at ../src-ng/nxt/rt/ui_runtime.hpp:434 in nxt::rt::task<void> nxt::rt::ui_runtime::terminal_owner_loop(std::chrono::milliseconds)
  preview "\e7\e[37;50H\e[48;2;2;6;23m\e[38;2;203;213;225mthem\e8"
Stack trace (most recent call first):
#0  0x00005d1d4f374d47 in write_stdout_all at /home/mbrock/nxtui/build/../src-ng/nxt/rt/ui_runtime.hpp:40:23
#1  0x00005d1d4f4138da in std::__n4861::coroutine_handle<void>::resume() const at /usr/include/c++/15/coroutine:142:50
#2  0x00005d1d4f419574 in nxt::rt::deck::ready_item::resume_if_ready(nxt::rt::deck&) const at /home/mbrock/nxtui/build/../src-ng/nxt/rt/task.hpp:1901:18
#3  0x00005d1d4f415a82 in nxt::rt::deck::run_ready_with() at /home/mbrock/nxtui/build/../src-ng/nxt/rt/deck.hpp:200:33
#4  0x00005d1d4f4157d6 in nxt::rt::deck::run_ready() at /home/mbrock/nxtui/build/../src-ng/nxt/rt/deck.hpp:130:23
#5  0x00005d1d4f4abf2e in void nxt::rt::uring_wand::run_until_done<int>(nxt::rt::deck&, nxt::rt::task<int>&) at /home/mbrock/nxtui/build/../src-ng/nxt/rt/uring_wand.hpp:173:28
#6  0x00005d1d4f47fc31 in int nxt::rt::runtime::run<int>(nxt::rt::task<int>) at /home/mbrock/nxtui/build/../src-ng/nxt/rt/app.hpp:141:29
#7  0x00005d1d4f3873ee in main at /home/mbrock/nxtui/build/../src-ng/nxtai/nxtllm.cpp:1272:18
#8  0x000070ce23e2a600 in __libc_start_call_main at ./csu/../sysdeps/nptl/libc_start_call_main.h:59:16
#9  0x000070ce23e2a717 in __libc_start_main_impl at ./csu/../csu/libc-start.c:360:3
#10 0x00005d1d4f364f24 in _start at /home/mbrock/nxtui/build/nxtllm

stdout write #226 bytes 138
  at ../src-ng/nxt/rt/ui_runtime.hpp:434 in nxt::rt::task<void> nxt::rt::ui_runtime::terminal_owner_loop(std::chrono::milliseconds)
  preview "\e7\e[38;25H\e[48;2;34;75;84m\e[38;2;203;213;225m               7.1K/s\xe2\x86\x93\e[38;74H\e[48;2;43;45;46m5\e[38;83H\e[48;2;2;6;23m\e[38;2;100;116;139m3\e8"
Stack trace (most recent call first):
#0  0x00005d1d4f374d47 in write_stdout_all at /home/mbrock/nxtui/build/../src-ng/nxt/rt/ui_runtime.hpp:40:23
#1  0x00005d1d4f4138da in std::__n4861::coroutine_handle<void>::resume() const at /usr/include/c++/15/coroutine:142:50
#2  0x00005d1d4f419574 in nxt::rt::deck::ready_item::resume_if_ready(nxt::rt::deck&) const at /home/mbrock/nxtui/build/../src-ng/nxt/rt/task.hpp:1901:18
#3  0x00005d1d4f415a82 in nxt::rt::deck::run_ready_with() at /home/mbrock/nxtui/build/../src-ng/nxt/rt/deck.hpp:200:33
#4  0x00005d1d4f4157d6 in nxt::rt::deck::run_ready() at /home/mbrock/nxtui/build/../src-ng/nxt/rt/deck.hpp:130:23
#5  0x00005d1d4f4abf2e in void nxt::rt::uring_wand::run_until_done<int>(nxt::rt::deck&, nxt::rt::task<int>&) at /home/mbrock/nxtui/build/../src-ng/nxt/rt/uring_wand.hpp:173:28
#6  0x00005d1d4f47fc31 in int nxt::rt::runtime::run<int>(nxt::rt::task<int>) at /home/mbrock/nxtui/build/../src-ng/nxt/rt/app.hpp:141:29
#7  0x00005d1d4f3873ee in main at /home/mbrock/nxtui/build/../src-ng/nxtai/nxtllm.cpp:1272:18
#8  0x000070ce23e2a600 in __libc_start_call_main at ./csu/../sysdeps/nptl/libc_start_call_main.h:59:16
#9  0x000070ce23e2a717 in __libc_start_main_impl at ./csu/../csu/libc-start.c:360:3
#10 0x00005d1d4f364f24 in _start at /home/mbrock/nxtui/build/nxtllm

stdout write #227 bytes 96
  at ../src-ng/nxt/rt/ui_runtime.hpp:434 in nxt::rt::task<void> nxt::rt::ui_runtime::terminal_owner_loop(std::chrono::milliseconds)
  preview "\e7\e[38;25H\e[48;2;34;75;83m\e[38;2;203;213;225m               7.0K/s\xe2\x86\x93\e[38;74H\e[48;2;43;45;46m3\e8"
Stack trace (most recent call first):
#0  0x00005d1d4f374d47 in write_stdout_all at /home/mbrock/nxtui/build/../src-ng/nxt/rt/ui_runtime.hpp:40:23
#1  0x00005d1d4f4138da in std::__n4861::coroutine_handle<void>::resume() const at /usr/include/c++/15/coroutine:142:50
#2  0x00005d1d4f419574 in nxt::rt::deck::ready_item::resume_if_ready(nxt::rt::deck&) const at /home/mbrock/nxtui/build/../src-ng/nxt/rt/task.hpp:1901:18
#3  0x00005d1d4f415a82 in nxt::rt::deck::run_ready_with() at /home/mbrock/nxtui/build/../src-ng/nxt/rt/deck.hpp:200:33
#4  0x00005d1d4f4157d6 in nxt::rt::deck::run_ready() at /home/mbrock/nxtui/build/../src-ng/nxt/rt/deck.hpp:130:23
#5  0x00005d1d4f4abf2e in void nxt::rt::uring_wand::run_until_done<int>(nxt::rt::deck&, nxt::rt::task<int>&) at /home/mbrock/nxtui/build/../src-ng/nxt/rt/uring_wand.hpp:173:28
#6  0x00005d1d4f47fc31 in int nxt::rt::runtime::run<int>(nxt::rt::task<int>) at /home/mbrock/nxtui/build/../src-ng/nxt/rt/app.hpp:141:29
#7  0x00005d1d4f3873ee in main at /home/mbrock/nxtui/build/../src-ng/nxtai/nxtllm.cpp:1272:18
#8  0x000070ce23e2a600 in __libc_start_call_main at ./csu/../sysdeps/nptl/libc_start_call_main.h:59:16
#9  0x000070ce23e2a717 in __libc_start_main_impl at ./csu/../csu/libc-start.c:360:3
#10 0x00005d1d4f364f24 in _start at /home/mbrock/nxtui/build/nxtllm

stdout write #228 bytes 49
  at ../src-ng/nxt/rt/ui_runtime.hpp:434 in nxt::rt::task<void> nxt::rt::ui_runtime::terminal_owner_loop(std::chrono::milliseconds)
  preview "\e7\e[37;55H\e[48;2;2;6;23m\e[38;2;203;213;225mwhat\e8"
Stack trace (most recent call first):
#0  0x00005d1d4f374d47 in write_stdout_all at /home/mbrock/nxtui/build/../src-ng/nxt/rt/ui_runtime.hpp:40:23
#1  0x00005d1d4f4138da in std::__n4861::coroutine_handle<void>::resume() const at /usr/include/c++/15/coroutine:142:50
#2  0x00005d1d4f419574 in nxt::rt::deck::ready_item::resume_if_ready(nxt::rt::deck&) const at /home/mbrock/nxtui/build/../src-ng/nxt/rt/task.hpp:1901:18
#3  0x00005d1d4f415a82 in nxt::rt::deck::run_ready_with() at /home/mbrock/nxtui/build/../src-ng/nxt/rt/deck.hpp:200:33
#4  0x00005d1d4f4157d6 in nxt::rt::deck::run_ready() at /home/mbrock/nxtui/build/../src-ng/nxt/rt/deck.hpp:130:23
#5  0x00005d1d4f4abf2e in void nxt::rt::uring_wand::run_until_done<int>(nxt::rt::deck&, nxt::rt::task<int>&) at /home/mbrock/nxtui/build/../src-ng/nxt/rt/uring_wand.hpp:173:28
#6  0x00005d1d4f47fc31 in int nxt::rt::runtime::run<int>(nxt::rt::task<int>) at /home/mbrock/nxtui/build/../src-ng/nxt/rt/app.hpp:141:29
#7  0x00005d1d4f3873ee in main at /home/mbrock/nxtui/build/../src-ng/nxtai/nxtllm.cpp:1272:18
#8  0x000070ce23e2a600 in __libc_start_call_main at ./csu/../sysdeps/nptl/libc_start_call_main.h:59:16
#9  0x000070ce23e2a717 in __libc_start_main_impl at ./csu/../csu/libc-start.c:360:3
#10 0x00005d1d4f364f24 in _start at /home/mbrock/nxtui/build/nxtllm

stdout write #229 bytes 161
  at ../src-ng/nxt/rt/ui_runtime.hpp:434 in nxt::rt::task<void> nxt::rt::ui_runtime::terminal_owner_loop(std::chrono::milliseconds)
  preview "\e7\e[38;21H\e[48;2;2;6;23m\e[38;2;203;213;225m8\e[38;25H\e[48;2;34;75;84m               7.2K/s\xe2\x86\x93\e[38;74H\e[48;2;43;45;46m1\e[38;83H\e[48;2;2;6;23m\e[38;2;100;116;139m4\e8"
Stack trace (most recent call first):
#0  0x00005d1d4f374d47 in write_stdout_all at /home/mbrock/nxtui/build/../src-ng/nxt/rt/ui_runtime.hpp:40:23
#1  0x00005d1d4f4138da in std::__n4861::coroutine_handle<void>::resume() const at /usr/include/c++/15/coroutine:142:50
#2  0x00005d1d4f419574 in nxt::rt::deck::ready_item::resume_if_ready(nxt::rt::deck&) const at /home/mbrock/nxtui/build/../src-ng/nxt/rt/task.hpp:1901:18
#3  0x00005d1d4f415a82 in nxt::rt::deck::run_ready_with() at /home/mbrock/nxtui/build/../src-ng/nxt/rt/deck.hpp:200:33
#4  0x00005d1d4f4157d6 in nxt::rt::deck::run_ready() at /home/mbrock/nxtui/build/../src-ng/nxt/rt/deck.hpp:130:23
#5  0x00005d1d4f4abf2e in void nxt::rt::uring_wand::run_until_done<int>(nxt::rt::deck&, nxt::rt::task<int>&) at /home/mbrock/nxtui/build/../src-ng/nxt/rt/uring_wand.hpp:173:28
#6  0x00005d1d4f47fc31 in int nxt::rt::runtime::run<int>(nxt::rt::task<int>) at /home/mbrock/nxtui/build/../src-ng/nxt/rt/app.hpp:141:29
#7  0x00005d1d4f3873ee in main at /home/mbrock/nxtui/build/../src-ng/nxtai/nxtllm.cpp:1272:18
#8  0x000070ce23e2a600 in __libc_start_call_main at ./csu/../sysdeps/nptl/libc_start_call_main.h:59:16
#9  0x000070ce23e2a717 in __libc_start_main_impl at ./csu/../csu/libc-start.c:360:3
#10 0x00005d1d4f364f24 in _start at /home/mbrock/nxtui/build/nxtllm

stdout write #230 bytes 74
  at ../src-ng/nxt/rt/ui_runtime.hpp:434 in nxt::rt::task<void> nxt::rt::ui_runtime::terminal_owner_loop(std::chrono::milliseconds)
  preview "\e7\e[38;42H\e[48;2;34;75;84m\e[38;2;203;213;225m1\e[38;73H\e[48;2;43;45;46m09\e8"
Stack trace (most recent call first):
#0  0x00005d1d4f374d47 in write_stdout_all at /home/mbrock/nxtui/build/../src-ng/nxt/rt/ui_runtime.hpp:40:23
#1  0x00005d1d4f4138da in std::__n4861::coroutine_handle<void>::resume() const at /usr/include/c++/15/coroutine:142:50
#2  0x00005d1d4f419574 in nxt::rt::deck::ready_item::resume_if_ready(nxt::rt::deck&) const at /home/mbrock/nxtui/build/../src-ng/nxt/rt/task.hpp:1901:18
#3  0x00005d1d4f415a82 in nxt::rt::deck::run_ready_with() at /home/mbrock/nxtui/build/../src-ng/nxt/rt/deck.hpp:200:33
#4  0x00005d1d4f4157d6 in nxt::rt::deck::run_ready() at /home/mbrock/nxtui/build/../src-ng/nxt/rt/deck.hpp:130:23
#5  0x00005d1d4f4abf2e in void nxt::rt::uring_wand::run_until_done<int>(nxt::rt::deck&, nxt::rt::task<int>&) at /home/mbrock/nxtui/build/../src-ng/nxt/rt/uring_wand.hpp:173:28
#6  0x00005d1d4f47fc31 in int nxt::rt::runtime::run<int>(nxt::rt::task<int>) at /home/mbrock/nxtui/build/../src-ng/nxt/rt/app.hpp:141:29
#7  0x00005d1d4f3873ee in main at /home/mbrock/nxtui/build/../src-ng/nxtai/nxtllm.cpp:1272:18
#8  0x000070ce23e2a600 in __libc_start_call_main at ./csu/../sysdeps/nptl/libc_start_call_main.h:59:16
#9  0x000070ce23e2a717 in __libc_start_main_impl at ./csu/../csu/libc-start.c:360:3
#10 0x00005d1d4f364f24 in _start at /home/mbrock/nxtui/build/nxtllm

stdout write #231 bytes 51
  at ../src-ng/nxt/rt/ui_runtime.hpp:434 in nxt::rt::task<void> nxt::rt::ui_runtime::terminal_owner_loop(std::chrono::milliseconds)
  preview "\e7\e[37;60H\e[48;2;2;6;23m\e[38;2;203;213;225mthey'd\e8"
Stack trace (most recent call first):
#0  0x00005d1d4f374d47 in write_stdout_all at /home/mbrock/nxtui/build/../src-ng/nxt/rt/ui_runtime.hpp:40:23
#1  0x00005d1d4f4138da in std::__n4861::coroutine_handle<void>::resume() const at /usr/include/c++/15/coroutine:142:50
#2  0x00005d1d4f419574 in nxt::rt::deck::ready_item::resume_if_ready(nxt::rt::deck&) const at /home/mbrock/nxtui/build/../src-ng/nxt/rt/task.hpp:1901:18
#3  0x00005d1d4f415a82 in nxt::rt::deck::run_ready_with() at /home/mbrock/nxtui/build/../src-ng/nxt/rt/deck.hpp:200:33
#4  0x00005d1d4f4157d6 in nxt::rt::deck::run_ready() at /home/mbrock/nxtui/build/../src-ng/nxt/rt/deck.hpp:130:23
#5  0x00005d1d4f4abf2e in void nxt::rt::uring_wand::run_until_done<int>(nxt::rt::deck&, nxt::rt::task<int>&) at /home/mbrock/nxtui/build/../src-ng/nxt/rt/uring_wand.hpp:173:28
#6  0x00005d1d4f47fc31 in int nxt::rt::runtime::run<int>(nxt::rt::task<int>) at /home/mbrock/nxtui/build/../src-ng/nxt/rt/app.hpp:141:29
#7  0x00005d1d4f3873ee in main at /home/mbrock/nxtui/build/../src-ng/nxtai/nxtllm.cpp:1272:18
#8  0x000070ce23e2a600 in __libc_start_call_main at ./csu/../sysdeps/nptl/libc_start_call_main.h:59:16
#9  0x000070ce23e2a717 in __libc_start_main_impl at ./csu/../csu/libc-start.c:360:3
#10 0x00005d1d4f364f24 in _start at /home/mbrock/nxtui/build/nxtllm

stdout write #232 bytes 138
  at ../src-ng/nxt/rt/ui_runtime.hpp:434 in nxt::rt::task<void> nxt::rt::ui_runtime::terminal_owner_loop(std::chrono::milliseconds)
  preview "\e7\e[38;25H\e[48;2;34;76;84m\e[38;2;203;213;225m               7.2K/s\xe2\x86\x93\e[38;74H\e[48;2;43;45;46m7\e[38;83H\e[48;2;2;6;23m\e[38;2;100;116;139m5\e8"
Stack trace (most recent call first):
#0  0x00005d1d4f374d47 in write_stdout_all at /home/mbrock/nxtui/build/../src-ng/nxt/rt/ui_runtime.hpp:40:23
#1  0x00005d1d4f4138da in std::__n4861::coroutine_handle<void>::resume() const at /usr/include/c++/15/coroutine:142:50
#2  0x00005d1d4f419574 in nxt::rt::deck::ready_item::resume_if_ready(nxt::rt::deck&) const at /home/mbrock/nxtui/build/../src-ng/nxt/rt/task.hpp:1901:18
#3  0x00005d1d4f415a82 in nxt::rt::deck::run_ready_with() at /home/mbrock/nxtui/build/../src-ng/nxt/rt/deck.hpp:200:33
#4  0x00005d1d4f4157d6 in nxt::rt::deck::run_ready() at /home/mbrock/nxtui/build/../src-ng/nxt/rt/deck.hpp:130:23
#5  0x00005d1d4f4abf2e in void nxt::rt::uring_wand::run_until_done<int>(nxt::rt::deck&, nxt::rt::task<int>&) at /home/mbrock/nxtui/build/../src-ng/nxt/rt/uring_wand.hpp:173:28
#6  0x00005d1d4f47fc31 in int nxt::rt::runtime::run<int>(nxt::rt::task<int>) at /home/mbrock/nxtui/build/../src-ng/nxt/rt/app.hpp:141:29
#7  0x00005d1d4f3873ee in main at /home/mbrock/nxtui/build/../src-ng/nxtai/nxtllm.cpp:1272:18
#8  0x000070ce23e2a600 in __libc_start_call_main at ./csu/../sysdeps/nptl/libc_start_call_main.h:59:16
#9  0x000070ce23e2a717 in __libc_start_main_impl at ./csu/../csu/libc-start.c:360:3
#10 0x00005d1d4f364f24 in _start at /home/mbrock/nxtui/build/nxtllm

stdout write #233 bytes 96
  at ../src-ng/nxt/rt/ui_runtime.hpp:434 in nxt::rt::task<void> nxt::rt::ui_runtime::terminal_owner_loop(std::chrono::milliseconds)
  preview "\e7\e[38;25H\e[48;2;34;75;84m\e[38;2;203;213;225m               7.1K/s\xe2\x86\x93\e[38;74H\e[48;2;43;45;46m6\e8"
Stack trace (most recent call first):
#0  0x00005d1d4f374d47 in write_stdout_all at /home/mbrock/nxtui/build/../src-ng/nxt/rt/ui_runtime.hpp:40:23
#1  0x00005d1d4f4138da in std::__n4861::coroutine_handle<void>::resume() const at /usr/include/c++/15/coroutine:142:50
#2  0x00005d1d4f419574 in nxt::rt::deck::ready_item::resume_if_ready(nxt::rt::deck&) const at /home/mbrock/nxtui/build/../src-ng/nxt/rt/task.hpp:1901:18
#3  0x00005d1d4f415a82 in nxt::rt::deck::run_ready_with() at /home/mbrock/nxtui/build/../src-ng/nxt/rt/deck.hpp:200:33
#4  0x00005d1d4f4157d6 in nxt::rt::deck::run_ready() at /home/mbrock/nxtui/build/../src-ng/nxt/rt/deck.hpp:130:23
#5  0x00005d1d4f4abf2e in void nxt::rt::uring_wand::run_until_done<int>(nxt::rt::deck&, nxt::rt::task<int>&) at /home/mbrock/nxtui/build/../src-ng/nxt/rt/uring_wand.hpp:173:28
#6  0x00005d1d4f47fc31 in int nxt::rt::runtime::run<int>(nxt::rt::task<int>) at /home/mbrock/nxtui/build/../src-ng/nxt/rt/app.hpp:141:29
#7  0x00005d1d4f3873ee in main at /home/mbrock/nxtui/build/../src-ng/nxtai/nxtllm.cpp:1272:18
#8  0x000070ce23e2a600 in __libc_start_call_main at ./csu/../sysdeps/nptl/libc_start_call_main.h:59:16
#9  0x000070ce23e2a717 in __libc_start_main_impl at ./csu/../csu/libc-start.c:360:3
#10 0x00005d1d4f364f24 in _start at /home/mbrock/nxtui/build/nxtllm

stdout write #234 bytes 49
  at ../src-ng/nxt/rt/ui_runtime.hpp:434 in nxt::rt::task<void> nxt::rt::ui_runtime::terminal_owner_loop(std::chrono::milliseconds)
  preview "\e7\e[37;67H\e[48;2;2;6;23m\e[38;2;203;213;225mlike\e8"
Stack trace (most recent call first):
#0  0x00005d1d4f374d47 in write_stdout_all at /home/mbrock/nxtui/build/../src-ng/nxt/rt/ui_runtime.hpp:40:23
#1  0x00005d1d4f4138da in std::__n4861::coroutine_handle<void>::resume() const at /usr/include/c++/15/coroutine:142:50
#2  0x00005d1d4f419574 in nxt::rt::deck::ready_item::resume_if_ready(nxt::rt::deck&) const at /home/mbrock/nxtui/build/../src-ng/nxt/rt/task.hpp:1901:18
#3  0x00005d1d4f415a82 in nxt::rt::deck::run_ready_with() at /home/mbrock/nxtui/build/../src-ng/nxt/rt/deck.hpp:200:33
#4  0x00005d1d4f4157d6 in nxt::rt::deck::run_ready() at /home/mbrock/nxtui/build/../src-ng/nxt/rt/deck.hpp:130:23
#5  0x00005d1d4f4abf2e in void nxt::rt::uring_wand::run_until_done<int>(nxt::rt::deck&, nxt::rt::task<int>&) at /home/mbrock/nxtui/build/../src-ng/nxt/rt/uring_wand.hpp:173:28
#6  0x00005d1d4f47fc31 in int nxt::rt::runtime::run<int>(nxt::rt::task<int>) at /home/mbrock/nxtui/build/../src-ng/nxt/rt/app.hpp:141:29
#7  0x00005d1d4f3873ee in main at /home/mbrock/nxtui/build/../src-ng/nxtai/nxtllm.cpp:1272:18
#8  0x000070ce23e2a600 in __libc_start_call_main at ./csu/../sysdeps/nptl/libc_start_call_main.h:59:16
#9  0x000070ce23e2a717 in __libc_start_main_impl at ./csu/../csu/libc-start.c:360:3
#10 0x00005d1d4f364f24 in _start at /home/mbrock/nxtui/build/nxtllm

stdout write #235 bytes 138
  at ../src-ng/nxt/rt/ui_runtime.hpp:434 in nxt::rt::task<void> nxt::rt::ui_runtime::terminal_owner_loop(std::chrono::milliseconds)
  preview "\e7\e[38;25H\e[48;2;34;76;84m\e[38;2;203;213;225m               7.3K/s\xe2\x86\x93\e[38;74H\e[48;2;43;45;46m4\e[38;83H\e[48;2;2;6;23m\e[38;2;100;116;139m6\e8"
Stack trace (most recent call first):
#0  0x00005d1d4f374d47 in write_stdout_all at /home/mbrock/nxtui/build/../src-ng/nxt/rt/ui_runtime.hpp:40:23
#1  0x00005d1d4f4138da in std::__n4861::coroutine_handle<void>::resume() const at /usr/include/c++/15/coroutine:142:50
#2  0x00005d1d4f419574 in nxt::rt::deck::ready_item::resume_if_ready(nxt::rt::deck&) const at /home/mbrock/nxtui/build/../src-ng/nxt/rt/task.hpp:1901:18
#3  0x00005d1d4f415a82 in nxt::rt::deck::run_ready_with() at /home/mbrock/nxtui/build/../src-ng/nxt/rt/deck.hpp:200:33
#4  0x00005d1d4f4157d6 in nxt::rt::deck::run_ready() at /home/mbrock/nxtui/build/../src-ng/nxt/rt/deck.hpp:130:23
#5  0x00005d1d4f4abf2e in void nxt::rt::uring_wand::run_until_done<int>(nxt::rt::deck&, nxt::rt::task<int>&) at /home/mbrock/nxtui/build/../src-ng/nxt/rt/uring_wand.hpp:173:28
#6  0x00005d1d4f47fc31 in int nxt::rt::runtime::run<int>(nxt::rt::task<int>) at /home/mbrock/nxtui/build/../src-ng/nxt/rt/app.hpp:141:29
#7  0x00005d1d4f3873ee in main at /home/mbrock/nxtui/build/../src-ng/nxtai/nxtllm.cpp:1272:18
#8  0x000070ce23e2a600 in __libc_start_call_main at ./csu/../sysdeps/nptl/libc_start_call_main.h:59:16
#9  0x000070ce23e2a717 in __libc_start_main_impl at ./csu/../csu/libc-start.c:360:3
#10 0x00005d1d4f364f24 in _start at /home/mbrock/nxtui/build/nxtllm

stdout write #236 bytes 138
  at ../src-ng/nxt/rt/ui_runtime.hpp:434 in nxt::rt::task<void> nxt::rt::ui_runtime::terminal_owner_loop(std::chrono::milliseconds)
  preview "\e7\e[38;25H\e[48;2;35;77;85m\e[38;2;203;213;225m               7.5K/s\xe2\x86\x93\e[38;74H\e[48;2;43;45;46m2\e[38;83H\e[48;2;2;6;23m\e[38;2;100;116;139m7\e8"
Stack trace (most recent call first):
#0  0x00005d1d4f374d47 in write_stdout_all at /home/mbrock/nxtui/build/../src-ng/nxt/rt/ui_runtime.hpp:40:23
#1  0x00005d1d4f4138da in std::__n4861::coroutine_handle<void>::resume() const at /usr/include/c++/15/coroutine:142:50
#2  0x00005d1d4f419574 in nxt::rt::deck::ready_item::resume_if_ready(nxt::rt::deck&) const at /home/mbrock/nxtui/build/../src-ng/nxt/rt/task.hpp:1901:18
#3  0x00005d1d4f415a82 in nxt::rt::deck::run_ready_with() at /home/mbrock/nxtui/build/../src-ng/nxt/rt/deck.hpp:200:33
#4  0x00005d1d4f4157d6 in nxt::rt::deck::run_ready() at /home/mbrock/nxtui/build/../src-ng/nxt/rt/deck.hpp:130:23
#5  0x00005d1d4f4abf2e in void nxt::rt::uring_wand::run_until_done<int>(nxt::rt::deck&, nxt::rt::task<int>&) at /home/mbrock/nxtui/build/../src-ng/nxt/rt/uring_wand.hpp:173:28
#6  0x00005d1d4f47fc31 in int nxt::rt::runtime::run<int>(nxt::rt::task<int>) at /home/mbrock/nxtui/build/../src-ng/nxt/rt/app.hpp:141:29
#7  0x00005d1d4f3873ee in main at /home/mbrock/nxtui/build/../src-ng/nxtai/nxtllm.cpp:1272:18
#8  0x000070ce23e2a600 in __libc_start_call_main at ./csu/../sysdeps/nptl/libc_start_call_main.h:59:16
#9  0x000070ce23e2a717 in __libc_start_main_impl at ./csu/../csu/libc-start.c:360:3
#10 0x00005d1d4f364f24 in _start at /home/mbrock/nxtui/build/nxtllm

stdout write #237 bytes 58
  at ../src-ng/nxt/rt/ui_runtime.hpp:434 in nxt::rt::task<void> nxt::rt::ui_runtime::terminal_owner_loop(std::chrono::milliseconds)
  preview "\e7\e[37;72H\e[48;2;2;6;23m\e[38;2;203;213;225mto\e[37;75Hrun\e8"
Stack trace (most recent call first):
#0  0x00005d1d4f374d47 in write_stdout_all at /home/mbrock/nxtui/build/../src-ng/nxt/rt/ui_runtime.hpp:40:23
#1  0x00005d1d4f4138da in std::__n4861::coroutine_handle<void>::resume() const at /usr/include/c++/15/coroutine:142:50
#2  0x00005d1d4f419574 in nxt::rt::deck::ready_item::resume_if_ready(nxt::rt::deck&) const at /home/mbrock/nxtui/build/../src-ng/nxt/rt/task.hpp:1901:18
#3  0x00005d1d4f415a82 in nxt::rt::deck::run_ready_with() at /home/mbrock/nxtui/build/../src-ng/nxt/rt/deck.hpp:200:33
#4  0x00005d1d4f4157d6 in nxt::rt::deck::run_ready() at /home/mbrock/nxtui/build/../src-ng/nxt/rt/deck.hpp:130:23
#5  0x00005d1d4f4abf2e in void nxt::rt::uring_wand::run_until_done<int>(nxt::rt::deck&, nxt::rt::task<int>&) at /home/mbrock/nxtui/build/../src-ng/nxt/rt/uring_wand.hpp:173:28
#6  0x00005d1d4f47fc31 in int nxt::rt::runtime::run<int>(nxt::rt::task<int>) at /home/mbrock/nxtui/build/../src-ng/nxt/rt/app.hpp:141:29
#7  0x00005d1d4f3873ee in main at /home/mbrock/nxtui/build/../src-ng/nxtai/nxtllm.cpp:1272:18
#8  0x000070ce23e2a600 in __libc_start_call_main at ./csu/../sysdeps/nptl/libc_start_call_main.h:59:16
#9  0x000070ce23e2a717 in __libc_start_main_impl at ./csu/../csu/libc-start.c:360:3
#10 0x00005d1d4f364f24 in _start at /home/mbrock/nxtui/build/nxtllm

stdout write #238 bytes 161
  at ../src-ng/nxt/rt/ui_runtime.hpp:434 in nxt::rt::task<void> nxt::rt::ui_runtime::terminal_owner_loop(std::chrono::milliseconds)
  preview "\e7\e[38;21H\e[48;2;2;6;23m\e[38;2;203;213;225m9\e[38;25H\e[48;2;35;77;86m               7.7K/s\xe2\x86\x93\e[38;74H\e[48;2;43;45;46m1\e[38;83H\e[48;2;2;6;23m\e[38;2;100;116;139m8\e8"
Stack trace (most recent call first):
#0  0x00005d1d4f374d47 in write_stdout_all at /home/mbrock/nxtui/build/../src-ng/nxt/rt/ui_runtime.hpp:40:23
#1  0x00005d1d4f4138da in std::__n4861::coroutine_handle<void>::resume() const at /usr/include/c++/15/coroutine:142:50
#2  0x00005d1d4f419574 in nxt::rt::deck::ready_item::resume_if_ready(nxt::rt::deck&) const at /home/mbrock/nxtui/build/../src-ng/nxt/rt/task.hpp:1901:18
#3  0x00005d1d4f415a82 in nxt::rt::deck::run_ready_with() at /home/mbrock/nxtui/build/../src-ng/nxt/rt/deck.hpp:200:33
#4  0x00005d1d4f4157d6 in nxt::rt::deck::run_ready() at /home/mbrock/nxtui/build/../src-ng/nxt/rt/deck.hpp:130:23
#5  0x00005d1d4f4abf2e in void nxt::rt::uring_wand::run_until_done<int>(nxt::rt::deck&, nxt::rt::task<int>&) at /home/mbrock/nxtui/build/../src-ng/nxt/rt/uring_wand.hpp:173:28
#6  0x00005d1d4f47fc31 in int nxt::rt::runtime::run<int>(nxt::rt::task<int>) at /home/mbrock/nxtui/build/../src-ng/nxt/rt/app.hpp:141:29
#7  0x00005d1d4f3873ee in main at /home/mbrock/nxtui/build/../src-ng/nxtai/nxtllm.cpp:1272:18
#8  0x000070ce23e2a600 in __libc_start_call_main at ./csu/../sysdeps/nptl/libc_start_call_main.h:59:16
#9  0x000070ce23e2a717 in __libc_start_main_impl at ./csu/../csu/libc-start.c:360:3
#10 0x00005d1d4f364f24 in _start at /home/mbrock/nxtui/build/nxtllm

stdout write #239 bytes 46
  at ../src-ng/nxt/rt/ui_runtime.hpp:434 in nxt::rt::task<void> nxt::rt::ui_runtime::terminal_owner_loop(std::chrono::milliseconds)
  preview "\e7\e[37;78H\e[48;2;2;6;23m\e[38;2;203;213;225m.\e8"
Stack trace (most recent call first):
#0  0x00005d1d4f374d47 in write_stdout_all at /home/mbrock/nxtui/build/../src-ng/nxt/rt/ui_runtime.hpp:40:23
#1  0x00005d1d4f4138da in std::__n4861::coroutine_handle<void>::resume() const at /usr/include/c++/15/coroutine:142:50
#2  0x00005d1d4f419574 in nxt::rt::deck::ready_item::resume_if_ready(nxt::rt::deck&) const at /home/mbrock/nxtui/build/../src-ng/nxt/rt/task.hpp:1901:18
#3  0x00005d1d4f415a82 in nxt::rt::deck::run_ready_with() at /home/mbrock/nxtui/build/../src-ng/nxt/rt/deck.hpp:200:33
#4  0x00005d1d4f4157d6 in nxt::rt::deck::run_ready() at /home/mbrock/nxtui/build/../src-ng/nxt/rt/deck.hpp:130:23
#5  0x00005d1d4f4abf2e in void nxt::rt::uring_wand::run_until_done<int>(nxt::rt::deck&, nxt::rt::task<int>&) at /home/mbrock/nxtui/build/../src-ng/nxt/rt/uring_wand.hpp:173:28
#6  0x00005d1d4f47fc31 in int nxt::rt::runtime::run<int>(nxt::rt::task<int>) at /home/mbrock/nxtui/build/../src-ng/nxt/rt/app.hpp:141:29
#7  0x00005d1d4f3873ee in main at /home/mbrock/nxtui/build/../src-ng/nxtai/nxtllm.cpp:1272:18
#8  0x000070ce23e2a600 in __libc_start_call_main at ./csu/../sysdeps/nptl/libc_start_call_main.h:59:16
#9  0x000070ce23e2a717 in __libc_start_main_impl at ./csu/../csu/libc-start.c:360:3
#10 0x00005d1d4f364f24 in _start at /home/mbrock/nxtui/build/nxtllm

stdout write #240 bytes 140
  at ../src-ng/nxt/rt/ui_runtime.hpp:434 in nxt::rt::task<void> nxt::rt::ui_runtime::terminal_owner_loop(std::chrono::milliseconds)
  preview "\e7\e[38;25H\e[48;2;35;78;86m\e[38;2;203;213;225m               7.8K/s\xe2\x86\x93\e[38;72H\e[48;2;43;45;46m 99\e[38;83H\e[48;2;2;6;23m\e[38;2;100;116;139m9\e8"
Stack trace (most recent call first):
#0  0x00005d1d4f374d47 in write_stdout_all at /home/mbrock/nxtui/build/../src-ng/nxt/rt/ui_runtime.hpp:40:23
#1  0x00005d1d4f4138da in std::__n4861::coroutine_handle<void>::resume() const at /usr/include/c++/15/coroutine:142:50
#2  0x00005d1d4f419574 in nxt::rt::deck::ready_item::resume_if_ready(nxt::rt::deck&) const at /home/mbrock/nxtui/build/../src-ng/nxt/rt/task.hpp:1901:18
#3  0x00005d1d4f415a82 in nxt::rt::deck::run_ready_with() at /home/mbrock/nxtui/build/../src-ng/nxt/rt/deck.hpp:200:33
#4  0x00005d1d4f4157d6 in nxt::rt::deck::run_ready() at /home/mbrock/nxtui/build/../src-ng/nxt/rt/deck.hpp:130:23
#5  0x00005d1d4f4abf2e in void nxt::rt::uring_wand::run_until_done<int>(nxt::rt::deck&, nxt::rt::task<int>&) at /home/mbrock/nxtui/build/../src-ng/nxt/rt/uring_wand.hpp:173:28
#6  0x00005d1d4f47fc31 in int nxt::rt::runtime::run<int>(nxt::rt::task<int>) at /home/mbrock/nxtui/build/../src-ng/nxt/rt/app.hpp:141:29
#7  0x00005d1d4f3873ee in main at /home/mbrock/nxtui/build/../src-ng/nxtai/nxtllm.cpp:1272:18
#8  0x000070ce23e2a600 in __libc_start_call_main at ./csu/../sysdeps/nptl/libc_start_call_main.h:59:16
#9  0x000070ce23e2a717 in __libc_start_main_impl at ./csu/../csu/libc-start.c:360:3
#10 0x00005d1d4f364f24 in _start at /home/mbrock/nxtui/build/nxtllm

stdout write #241 bytes 96
  at ../src-ng/nxt/rt/ui_runtime.hpp:434 in nxt::rt::task<void> nxt::rt::ui_runtime::terminal_owner_loop(std::chrono::milliseconds)
  preview "\e7\e[38;25H\e[48;2;35;77;86m\e[38;2;203;213;225m               7.7K/s\xe2\x86\x93\e[38;74H\e[48;2;43;45;46m8\e8"
Stack trace (most recent call first):
#0  0x00005d1d4f374d47 in write_stdout_all at /home/mbrock/nxtui/build/../src-ng/nxt/rt/ui_runtime.hpp:40:23
#1  0x00005d1d4f4138da in std::__n4861::coroutine_handle<void>::resume() const at /usr/include/c++/15/coroutine:142:50
#2  0x00005d1d4f419574 in nxt::rt::deck::ready_item::resume_if_ready(nxt::rt::deck&) const at /home/mbrock/nxtui/build/../src-ng/nxt/rt/task.hpp:1901:18
#3  0x00005d1d4f415a82 in nxt::rt::deck::run_ready_with() at /home/mbrock/nxtui/build/../src-ng/nxt/rt/deck.hpp:200:33
#4  0x00005d1d4f4157d6 in nxt::rt::deck::run_ready() at /home/mbrock/nxtui/build/../src-ng/nxt/rt/deck.hpp:130:23
#5  0x00005d1d4f4abf2e in void nxt::rt::uring_wand::run_until_done<int>(nxt::rt::deck&, nxt::rt::task<int>&) at /home/mbrock/nxtui/build/../src-ng/nxt/rt/uring_wand.hpp:173:28
#6  0x00005d1d4f47fc31 in int nxt::rt::runtime::run<int>(nxt::rt::task<int>) at /home/mbrock/nxtui/build/../src-ng/nxt/rt/app.hpp:141:29
#7  0x00005d1d4f3873ee in main at /home/mbrock/nxtui/build/../src-ng/nxtai/nxtllm.cpp:1272:18
#8  0x000070ce23e2a600 in __libc_start_call_main at ./csu/../sysdeps/nptl/libc_start_call_main.h:59:16
#9  0x000070ce23e2a717 in __libc_start_main_impl at ./csu/../csu/libc-start.c:360:3
#10 0x00005d1d4f364f24 in _start at /home/mbrock/nxtui/build/nxtllm

stdout write #242 bytes 52
  at ../src-ng/nxt/rt/ui_runtime.hpp:434 in nxt::rt::task<void> nxt::rt::ui_runtime::terminal_owner_loop(std::chrono::milliseconds)
  preview "\e7\e[37;80H\e[48;2;2;6;23m\e[38;2;203;213;225mHowever\e8"
Stack trace (most recent call first):
#0  0x00005d1d4f374d47 in write_stdout_all at /home/mbrock/nxtui/build/../src-ng/nxt/rt/ui_runtime.hpp:40:23
#1  0x00005d1d4f4138da in std::__n4861::coroutine_handle<void>::resume() const at /usr/include/c++/15/coroutine:142:50
#2  0x00005d1d4f419574 in nxt::rt::deck::ready_item::resume_if_ready(nxt::rt::deck&) const at /home/mbrock/nxtui/build/../src-ng/nxt/rt/task.hpp:1901:18
#3  0x00005d1d4f415a82 in nxt::rt::deck::run_ready_with() at /home/mbrock/nxtui/build/../src-ng/nxt/rt/deck.hpp:200:33
#4  0x00005d1d4f4157d6 in nxt::rt::deck::run_ready() at /home/mbrock/nxtui/build/../src-ng/nxt/rt/deck.hpp:130:23
#5  0x00005d1d4f4abf2e in void nxt::rt::uring_wand::run_until_done<int>(nxt::rt::deck&, nxt::rt::task<int>&) at /home/mbrock/nxtui/build/../src-ng/nxt/rt/uring_wand.hpp:173:28
#6  0x00005d1d4f47fc31 in int nxt::rt::runtime::run<int>(nxt::rt::task<int>) at /home/mbrock/nxtui/build/../src-ng/nxt/rt/app.hpp:141:29
#7  0x00005d1d4f3873ee in main at /home/mbrock/nxtui/build/../src-ng/nxtai/nxtllm.cpp:1272:18
#8  0x000070ce23e2a600 in __libc_start_call_main at ./csu/../sysdeps/nptl/libc_start_call_main.h:59:16
#9  0x000070ce23e2a717 in __libc_start_main_impl at ./csu/../csu/libc-start.c:360:3
#10 0x00005d1d4f364f24 in _start at /home/mbrock/nxtui/build/nxtllm

stdout write #243 bytes 139
  at ../src-ng/nxt/rt/ui_runtime.hpp:434 in nxt::rt::task<void> nxt::rt::ui_runtime::terminal_owner_loop(std::chrono::milliseconds)
  preview "\e7\e[38;25H\e[48;2;35;78;86m\e[38;2;203;213;225m               7.9K/s\xe2\x86\x93\e[38;74H\e[48;2;43;45;46m6\e[38;82H\e[48;2;2;6;23m\e[38;2;100;116;139m40\e8"
Stack trace (most recent call first):
#0  0x00005d1d4f374d47 in write_stdout_all at /home/mbrock/nxtui/build/../src-ng/nxt/rt/ui_runtime.hpp:40:23
#1  0x00005d1d4f4138da in std::__n4861::coroutine_handle<void>::resume() const at /usr/include/c++/15/coroutine:142:50
#2  0x00005d1d4f419574 in nxt::rt::deck::ready_item::resume_if_ready(nxt::rt::deck&) const at /home/mbrock/nxtui/build/../src-ng/nxt/rt/task.hpp:1901:18
#3  0x00005d1d4f415a82 in nxt::rt::deck::run_ready_with() at /home/mbrock/nxtui/build/../src-ng/nxt/rt/deck.hpp:200:33
#4  0x00005d1d4f4157d6 in nxt::rt::deck::run_ready() at /home/mbrock/nxtui/build/../src-ng/nxt/rt/deck.hpp:130:23
#5  0x00005d1d4f4abf2e in void nxt::rt::uring_wand::run_until_done<int>(nxt::rt::deck&, nxt::rt::task<int>&) at /home/mbrock/nxtui/build/../src-ng/nxt/rt/uring_wand.hpp:173:28
#6  0x00005d1d4f47fc31 in int nxt::rt::runtime::run<int>(nxt::rt::task<int>) at /home/mbrock/nxtui/build/../src-ng/nxt/rt/app.hpp:141:29
#7  0x00005d1d4f3873ee in main at /home/mbrock/nxtui/build/../src-ng/nxtai/nxtllm.cpp:1272:18
#8  0x000070ce23e2a600 in __libc_start_call_main at ./csu/../sysdeps/nptl/libc_start_call_main.h:59:16
#9  0x000070ce23e2a717 in __libc_start_main_impl at ./csu/../csu/libc-start.c:360:3
#10 0x00005d1d4f364f24 in _start at /home/mbrock/nxtui/build/nxtllm

stdout write #244 bytes 96
  at ../src-ng/nxt/rt/ui_runtime.hpp:434 in nxt::rt::task<void> nxt::rt::ui_runtime::terminal_owner_loop(std::chrono::milliseconds)
  preview "\e7\e[38;25H\e[48;2;35;77;86m\e[38;2;203;213;225m               7.8K/s\xe2\x86\x93\e[38;74H\e[48;2;43;45;46m4\e8"
Stack trace (most recent call first):
#0  0x00005d1d4f374d47 in write_stdout_all at /home/mbrock/nxtui/build/../src-ng/nxt/rt/ui_runtime.hpp:40:23
#1  0x00005d1d4f4138da in std::__n4861::coroutine_handle<void>::resume() const at /usr/include/c++/15/coroutine:142:50
#2  0x00005d1d4f419574 in nxt::rt::deck::ready_item::resume_if_ready(nxt::rt::deck&) const at /home/mbrock/nxtui/build/../src-ng/nxt/rt/task.hpp:1901:18
#3  0x00005d1d4f415a82 in nxt::rt::deck::run_ready_with() at /home/mbrock/nxtui/build/../src-ng/nxt/rt/deck.hpp:200:33
#4  0x00005d1d4f4157d6 in nxt::rt::deck::run_ready() at /home/mbrock/nxtui/build/../src-ng/nxt/rt/deck.hpp:130:23
#5  0x00005d1d4f4abf2e in void nxt::rt::uring_wand::run_until_done<int>(nxt::rt::deck&, nxt::rt::task<int>&) at /home/mbrock/nxtui/build/../src-ng/nxt/rt/uring_wand.hpp:173:28
#6  0x00005d1d4f47fc31 in int nxt::rt::runtime::run<int>(nxt::rt::task<int>) at /home/mbrock/nxtui/build/../src-ng/nxt/rt/app.hpp:141:29
#7  0x00005d1d4f3873ee in main at /home/mbrock/nxtui/build/../src-ng/nxtai/nxtllm.cpp:1272:18
#8  0x000070ce23e2a600 in __libc_start_call_main at ./csu/../sysdeps/nptl/libc_start_call_main.h:59:16
#9  0x000070ce23e2a717 in __libc_start_main_impl at ./csu/../csu/libc-start.c:360:3
#10 0x00005d1d4f364f24 in _start at /home/mbrock/nxtui/build/nxtllm

stdout write #245 bytes 46
  at ../src-ng/nxt/rt/ui_runtime.hpp:434 in nxt::rt::task<void> nxt::rt::ui_runtime::terminal_owner_loop(std::chrono::milliseconds)
  preview "\e7\e[37;87H\e[48;2;2;6;23m\e[38;2;203;213;225m,\e8"
Stack trace (most recent call first):
#0  0x00005d1d4f374d47 in write_stdout_all at /home/mbrock/nxtui/build/../src-ng/nxt/rt/ui_runtime.hpp:40:23
#1  0x00005d1d4f4138da in std::__n4861::coroutine_handle<void>::resume() const at /usr/include/c++/15/coroutine:142:50
#2  0x00005d1d4f419574 in nxt::rt::deck::ready_item::resume_if_ready(nxt::rt::deck&) const at /home/mbrock/nxtui/build/../src-ng/nxt/rt/task.hpp:1901:18
#3  0x00005d1d4f415a82 in nxt::rt::deck::run_ready_with() at /home/mbrock/nxtui/build/../src-ng/nxt/rt/deck.hpp:200:33
#4  0x00005d1d4f4157d6 in nxt::rt::deck::run_ready() at /home/mbrock/nxtui/build/../src-ng/nxt/rt/deck.hpp:130:23
#5  0x00005d1d4f4abf2e in void nxt::rt::uring_wand::run_until_done<int>(nxt::rt::deck&, nxt::rt::task<int>&) at /home/mbrock/nxtui/build/../src-ng/nxt/rt/uring_wand.hpp:173:28
#6  0x00005d1d4f47fc31 in int nxt::rt::runtime::run<int>(nxt::rt::task<int>) at /home/mbrock/nxtui/build/../src-ng/nxt/rt/app.hpp:141:29
#7  0x00005d1d4f3873ee in main at /home/mbrock/nxtui/build/../src-ng/nxtai/nxtllm.cpp:1272:18
#8  0x000070ce23e2a600 in __libc_start_call_main at ./csu/../sysdeps/nptl/libc_start_call_main.h:59:16
#9  0x000070ce23e2a717 in __libc_start_main_impl at ./csu/../csu/libc-start.c:360:3
#10 0x00005d1d4f364f24 in _start at /home/mbrock/nxtui/build/nxtllm

stdout write #246 bytes 162
  at ../src-ng/nxt/rt/ui_runtime.hpp:434 in nxt::rt::task<void> nxt::rt::ui_runtime::terminal_owner_loop(std::chrono::milliseconds)
  preview "\e7\e[38;20H\e[48;2;2;6;23m\e[38;2;203;213;225m20\e[38;25H\e[48;2;35;78;86m               7.9K/s\xe2\x86\x93\e[38;74H\e[48;2;43;45;46m3\e[38;83H\e[48;2;2;6;23m\e[38;2;100;116;139m1\e8"
Stack trace (most recent call first):
#0  0x00005d1d4f374d47 in write_stdout_all at /home/mbrock/nxtui/build/../src-ng/nxt/rt/ui_runtime.hpp:40:23
#1  0x00005d1d4f4138da in std::__n4861::coroutine_handle<void>::resume() const at /usr/include/c++/15/coroutine:142:50
#2  0x00005d1d4f419574 in nxt::rt::deck::ready_item::resume_if_ready(nxt::rt::deck&) const at /home/mbrock/nxtui/build/../src-ng/nxt/rt/task.hpp:1901:18
#3  0x00005d1d4f415a82 in nxt::rt::deck::run_ready_with() at /home/mbrock/nxtui/build/../src-ng/nxt/rt/deck.hpp:200:33
#4  0x00005d1d4f4157d6 in nxt::rt::deck::run_ready() at /home/mbrock/nxtui/build/../src-ng/nxt/rt/deck.hpp:130:23
#5  0x00005d1d4f4abf2e in void nxt::rt::uring_wand::run_until_done<int>(nxt::rt::deck&, nxt::rt::task<int>&) at /home/mbrock/nxtui/build/../src-ng/nxt/rt/uring_wand.hpp:173:28
#6  0x00005d1d4f47fc31 in int nxt::rt::runtime::run<int>(nxt::rt::task<int>) at /home/mbrock/nxtui/build/../src-ng/nxt/rt/app.hpp:141:29
#7  0x00005d1d4f3873ee in main at /home/mbrock/nxtui/build/../src-ng/nxtai/nxtllm.cpp:1272:18
#8  0x000070ce23e2a600 in __libc_start_call_main at ./csu/../sysdeps/nptl/libc_start_call_main.h:59:16
#9  0x000070ce23e2a717 in __libc_start_main_impl at ./csu/../csu/libc-start.c:360:3
#10 0x00005d1d4f364f24 in _start at /home/mbrock/nxtui/build/nxtllm

stdout write #247 bytes 73
  at ../src-ng/nxt/rt/ui_runtime.hpp:434 in nxt::rt::task<void> nxt::rt::ui_runtime::terminal_owner_loop(std::chrono::milliseconds)
  preview "\e7\e[38;42H\e[48;2;35;78;86m\e[38;2;203;213;225m8\e[38;74H\e[48;2;43;45;46m1\e8"
Stack trace (most recent call first):
#0  0x00005d1d4f374d47 in write_stdout_all at /home/mbrock/nxtui/build/../src-ng/nxt/rt/ui_runtime.hpp:40:23
#1  0x00005d1d4f4138da in std::__n4861::coroutine_handle<void>::resume() const at /usr/include/c++/15/coroutine:142:50
#2  0x00005d1d4f419574 in nxt::rt::deck::ready_item::resume_if_ready(nxt::rt::deck&) const at /home/mbrock/nxtui/build/../src-ng/nxt/rt/task.hpp:1901:18
#3  0x00005d1d4f415a82 in nxt::rt::deck::run_ready_with() at /home/mbrock/nxtui/build/../src-ng/nxt/rt/deck.hpp:200:33
#4  0x00005d1d4f4157d6 in nxt::rt::deck::run_ready() at /home/mbrock/nxtui/build/../src-ng/nxt/rt/deck.hpp:130:23
#5  0x00005d1d4f4abf2e in void nxt::rt::uring_wand::run_until_done<int>(nxt::rt::deck&, nxt::rt::task<int>&) at /home/mbrock/nxtui/build/../src-ng/nxt/rt/uring_wand.hpp:173:28
#6  0x00005d1d4f47fc31 in int nxt::rt::runtime::run<int>(nxt::rt::task<int>) at /home/mbrock/nxtui/build/../src-ng/nxt/rt/app.hpp:141:29
#7  0x00005d1d4f3873ee in main at /home/mbrock/nxtui/build/../src-ng/nxtai/nxtllm.cpp:1272:18
#8  0x000070ce23e2a600 in __libc_start_call_main at ./csu/../sysdeps/nptl/libc_start_call_main.h:59:16
#9  0x000070ce23e2a717 in __libc_start_main_impl at ./csu/../csu/libc-start.c:360:3
#10 0x00005d1d4f364f24 in _start at /home/mbrock/nxtui/build/nxtllm

stdout write #248 bytes 46
  at ../src-ng/nxt/rt/ui_runtime.hpp:434 in nxt::rt::task<void> nxt::rt::ui_runtime::terminal_owner_loop(std::chrono::milliseconds)
  preview "\e7\e[37;89H\e[48;2;2;6;23m\e[38;2;203;213;225mI\e8"
Stack trace (most recent call first):
#0  0x00005d1d4f374d47 in write_stdout_all at /home/mbrock/nxtui/build/../src-ng/nxt/rt/ui_runtime.hpp:40:23
#1  0x00005d1d4f4138da in std::__n4861::coroutine_handle<void>::resume() const at /usr/include/c++/15/coroutine:142:50
#2  0x00005d1d4f419574 in nxt::rt::deck::ready_item::resume_if_ready(nxt::rt::deck&) const at /home/mbrock/nxtui/build/../src-ng/nxt/rt/task.hpp:1901:18
#3  0x00005d1d4f415a82 in nxt::rt::deck::run_ready_with() at /home/mbrock/nxtui/build/../src-ng/nxt/rt/deck.hpp:200:33
#4  0x00005d1d4f4157d6 in nxt::rt::deck::run_ready() at /home/mbrock/nxtui/build/../src-ng/nxt/rt/deck.hpp:130:23
#5  0x00005d1d4f4abf2e in void nxt::rt::uring_wand::run_until_done<int>(nxt::rt::deck&, nxt::rt::task<int>&) at /home/mbrock/nxtui/build/../src-ng/nxt/rt/uring_wand.hpp:173:28
#6  0x00005d1d4f47fc31 in int nxt::rt::runtime::run<int>(nxt::rt::task<int>) at /home/mbrock/nxtui/build/../src-ng/nxt/rt/app.hpp:141:29
#7  0x00005d1d4f3873ee in main at /home/mbrock/nxtui/build/../src-ng/nxtai/nxtllm.cpp:1272:18
#8  0x000070ce23e2a600 in __libc_start_call_main at ./csu/../sysdeps/nptl/libc_start_call_main.h:59:16
#9  0x000070ce23e2a717 in __libc_start_main_impl at ./csu/../csu/libc-start.c:360:3
#10 0x00005d1d4f364f24 in _start at /home/mbrock/nxtui/build/nxtllm

stdout write #249 bytes 124
  at ../src-ng/nxt/rt/ui_runtime.hpp:434 in nxt::rt::task<void> nxt::rt::ui_runtime::terminal_owner_loop(std::chrono::milliseconds)
  preview "\e7\e[38;40H\e[48;2;35;78;86m\e[38;2;203;213;225m8\e[38;42H0\e[38;74H\e[48;2;43;45;46m0\e[38;83H\e[48;2;2;6;23m\e[38;2;100;116;139m2\e8"
Stack trace (most recent call first):
#0  0x00005d1d4f374d47 in write_stdout_all at /home/mbrock/nxtui/build/../src-ng/nxt/rt/ui_runtime.hpp:40:23
#1  0x00005d1d4f4138da in std::__n4861::coroutine_handle<void>::resume() const at /usr/include/c++/15/coroutine:142:50
#2  0x00005d1d4f419574 in nxt::rt::deck::ready_item::resume_if_ready(nxt::rt::deck&) const at /home/mbrock/nxtui/build/../src-ng/nxt/rt/task.hpp:1901:18
#3  0x00005d1d4f415a82 in nxt::rt::deck::run_ready_with() at /home/mbrock/nxtui/build/../src-ng/nxt/rt/deck.hpp:200:33
#4  0x00005d1d4f4157d6 in nxt::rt::deck::run_ready() at /home/mbrock/nxtui/build/../src-ng/nxt/rt/deck.hpp:130:23
#5  0x00005d1d4f4abf2e in void nxt::rt::uring_wand::run_until_done<int>(nxt::rt::deck&, nxt::rt::task<int>&) at /home/mbrock/nxtui/build/../src-ng/nxt/rt/uring_wand.hpp:173:28
#6  0x00005d1d4f47fc31 in int nxt::rt::runtime::run<int>(nxt::rt::task<int>) at /home/mbrock/nxtui/build/../src-ng/nxt/rt/app.hpp:141:29
#7  0x00005d1d4f3873ee in main at /home/mbrock/nxtui/build/../src-ng/nxtai/nxtllm.cpp:1272:18
#8  0x000070ce23e2a600 in __libc_start_call_main at ./csu/../sysdeps/nptl/libc_start_call_main.h:59:16
#9  0x000070ce23e2a717 in __libc_start_main_impl at ./csu/../csu/libc-start.c:360:3
#10 0x00005d1d4f364f24 in _start at /home/mbrock/nxtui/build/nxtllm

stdout write #250 bytes 83
  at ../src-ng/nxt/rt/ui_runtime.hpp:434 in nxt::rt::task<void> nxt::rt::ui_runtime::terminal_owner_loop(std::chrono::milliseconds)
  preview "\e7\e[38;40H\e[48;2;35;78;86m\e[38;2;203;213;225m7\e[38;42H8\e[38;73H\e[48;2;43;45;46m89\e8"
Stack trace (most recent call first):
#0  0x00005d1d4f374d47 in write_stdout_all at /home/mbrock/nxtui/build/../src-ng/nxt/rt/ui_runtime.hpp:40:23
#1  0x00005d1d4f4138da in std::__n4861::coroutine_handle<void>::resume() const at /usr/include/c++/15/coroutine:142:50
#2  0x00005d1d4f419574 in nxt::rt::deck::ready_item::resume_if_ready(nxt::rt::deck&) const at /home/mbrock/nxtui/build/../src-ng/nxt/rt/task.hpp:1901:18
#3  0x00005d1d4f415a82 in nxt::rt::deck::run_ready_with() at /home/mbrock/nxtui/build/../src-ng/nxt/rt/deck.hpp:200:33
#4  0x00005d1d4f4157d6 in nxt::rt::deck::run_ready() at /home/mbrock/nxtui/build/../src-ng/nxt/rt/deck.hpp:130:23
#5  0x00005d1d4f4abf2e in void nxt::rt::uring_wand::run_until_done<int>(nxt::rt::deck&, nxt::rt::task<int>&) at /home/mbrock/nxtui/build/../src-ng/nxt/rt/uring_wand.hpp:173:28
#6  0x00005d1d4f47fc31 in int nxt::rt::runtime::run<int>(nxt::rt::task<int>) at /home/mbrock/nxtui/build/../src-ng/nxt/rt/app.hpp:141:29
#7  0x00005d1d4f3873ee in main at /home/mbrock/nxtui/build/../src-ng/nxtai/nxtllm.cpp:1272:18
#8  0x000070ce23e2a600 in __libc_start_call_main at ./csu/../sysdeps/nptl/libc_start_call_main.h:59:16
#9  0x000070ce23e2a717 in __libc_start_main_impl at ./csu/../csu/libc-start.c:360:3
#10 0x00005d1d4f364f24 in _start at /home/mbrock/nxtui/build/nxtllm

stdout write #251 bytes 1656
  at ../src-ng/nxt/rt/ui_runtime.hpp:434 in nxt::rt::task<void> nxt::rt::ui_runtime::terminal_owner_loop(std::chrono::milliseconds)
  preview "\e[0m\e[1S\e[1A\e7\e[1;29r\e8\e7\e[30;1H\e[2K\e[31;1H\e[2K\e[32;1H\e[2K\e[33;1H\e[2K\e[34;1H\e[2K\e[35;1H\e[2K\e[36;1H\e[2K\e[37;1H\e[2K\e[38;1H\e[2K\e8\e7\e[30;1H\e[48;2;252;211;77m\e[38;2;2;6;23m\e[1m nxtllm \e[30;9H\e[0m\e[38;2;2;6;23m\e[48;2;252;211;77m\e[48;2;15;23;42m\e[38;2;148;163;184mgpt-5.4-nano  thinking                                                                      \e[31;1H\e[48;2;2;6;23m\e[38;2;203;213;225m \e[31;2H\e[48;2;125;211;252m\e[38;2;2;6;23m\e[1m thinking                                                                                          \e[32;1H\e[0m\e[38;2;2;6;23m\e[48;2;125;211;252m\e[48;2;2;6;23m\e[38;2;203;213;225m                                                                                                    \e[33;1H \e[33;2H\e[1mAsking for clarification\e[33;26H\e[0m\e[38;2;203;213;225m\e[48;2;2;6;23m                                                                           \e[34;1H                                                                                                    \e[35;1H I see the user wants to use the shell tool with short sleeps and stdout lines, but                 \e[36;1H there's no specific command given. I should ask them what they'd like to run. However, I           \e[37;1H could                                                                                              \e[38;1H \e[38;2H\e[38;2;94;234;212m\e[1mstreaming SSE \e[38;16H\e[0m\e[38;2;94;234;212m\e[48;2;2;6;23m\e[38;2;203;213;225m    20K\xe2\x86\x93 \e[38;25H\e[48;2;35;78;86m               7.8K/s\xe2\x86\x93\e[38;47H\e[48;2;2;6;23m   2.0K\xe2\x86\x91 \e[38;56H\e[48;2;43;45;46m                 89/s\xe2\x86\x91\e[38;78H\e[48;2;2;6;23m \e[38;79H\e[38;2;100;116;139m  #42\e[38;84H\e[38;2;203;213;225m                 \e8"
Stack trace (most recent call first):
#0  0x00005d1d4f374d47 in write_stdout_all at /home/mbrock/nxtui/build/../src-ng/nxt/rt/ui_runtime.hpp:40:23
#1  0x00005d1d4f4138da in std::__n4861::coroutine_handle<void>::resume() const at /usr/include/c++/15/coroutine:142:50
#2  0x00005d1d4f419574 in nxt::rt::deck::ready_item::resume_if_ready(nxt::rt::deck&) const at /home/mbrock/nxtui/build/../src-ng/nxt/rt/task.hpp:1901:18
#3  0x00005d1d4f415a82 in nxt::rt::deck::run_ready_with() at /home/mbrock/nxtui/build/../src-ng/nxt/rt/deck.hpp:200:33
#4  0x00005d1d4f4157d6 in nxt::rt::deck::run_ready() at /home/mbrock/nxtui/build/../src-ng/nxt/rt/deck.hpp:130:23
#5  0x00005d1d4f4abf2e in void nxt::rt::uring_wand::run_until_done<int>(nxt::rt::deck&, nxt::rt::task<int>&) at /home/mbrock/nxtui/build/../src-ng/nxt/rt/uring_wand.hpp:173:28
#6  0x00005d1d4f47fc31 in int nxt::rt::runtime::run<int>(nxt::rt::task<int>) at /home/mbrock/nxtui/build/../src-ng/nxt/rt/app.hpp:141:29
#7  0x00005d1d4f3873ee in main at /home/mbrock/nxtui/build/../src-ng/nxtai/nxtllm.cpp:1272:18
#8  0x000070ce23e2a600 in __libc_start_call_main at ./csu/../sysdeps/nptl/libc_start_call_main.h:59:16
#9  0x000070ce23e2a717 in __libc_start_main_impl at ./csu/../csu/libc-start.c:360:3
#10 0x00005d1d4f364f24 in _start at /home/mbrock/nxtui/build/nxtllm

stdout write #252 bytes 138
  at ../src-ng/nxt/rt/ui_runtime.hpp:434 in nxt::rt::task<void> nxt::rt::ui_runtime::terminal_owner_loop(std::chrono::milliseconds)
  preview "\e7\e[38;25H\e[48;2;35;78;87m\e[38;2;203;213;225m               8.0K/s\xe2\x86\x93\e[38;74H\e[48;2;43;45;46m7\e[38;83H\e[48;2;2;6;23m\e[38;2;100;116;139m3\e8"
Stack trace (most recent call first):
#0  0x00005d1d4f374d47 in write_stdout_all at /home/mbrock/nxtui/build/../src-ng/nxt/rt/ui_runtime.hpp:40:23
#1  0x00005d1d4f4138da in std::__n4861::coroutine_handle<void>::resume() const at /usr/include/c++/15/coroutine:142:50
#2  0x00005d1d4f419574 in nxt::rt::deck::ready_item::resume_if_ready(nxt::rt::deck&) const at /home/mbrock/nxtui/build/../src-ng/nxt/rt/task.hpp:1901:18
#3  0x00005d1d4f415a82 in nxt::rt::deck::run_ready_with() at /home/mbrock/nxtui/build/../src-ng/nxt/rt/deck.hpp:200:33
#4  0x00005d1d4f4157d6 in nxt::rt::deck::run_ready() at /home/mbrock/nxtui/build/../src-ng/nxt/rt/deck.hpp:130:23
#5  0x00005d1d4f4abf2e in void nxt::rt::uring_wand::run_until_done<int>(nxt::rt::deck&, nxt::rt::task<int>&) at /home/mbrock/nxtui/build/../src-ng/nxt/rt/uring_wand.hpp:173:28
#6  0x00005d1d4f47fc31 in int nxt::rt::runtime::run<int>(nxt::rt::task<int>) at /home/mbrock/nxtui/build/../src-ng/nxt/rt/app.hpp:141:29
#7  0x00005d1d4f3873ee in main at /home/mbrock/nxtui/build/../src-ng/nxtai/nxtllm.cpp:1272:18
#8  0x000070ce23e2a600 in __libc_start_call_main at ./csu/../sysdeps/nptl/libc_start_call_main.h:59:16
#9  0x000070ce23e2a717 in __libc_start_main_impl at ./csu/../csu/libc-start.c:360:3
#10 0x00005d1d4f364f24 in _start at /home/mbrock/nxtui/build/nxtllm

stdout write #253 bytes 96
  at ../src-ng/nxt/rt/ui_runtime.hpp:434 in nxt::rt::task<void> nxt::rt::ui_runtime::terminal_owner_loop(std::chrono::milliseconds)
  preview "\e7\e[38;25H\e[48;2;35;78;86m\e[38;2;203;213;225m               7.9K/s\xe2\x86\x93\e[38;74H\e[48;2;43;45;46m6\e8"
Stack trace (most recent call first):
#0  0x00005d1d4f374d47 in write_stdout_all at /home/mbrock/nxtui/build/../src-ng/nxt/rt/ui_runtime.hpp:40:23
#1  0x00005d1d4f4138da in std::__n4861::coroutine_handle<void>::resume() const at /usr/include/c++/15/coroutine:142:50
#2  0x00005d1d4f419574 in nxt::rt::deck::ready_item::resume_if_ready(nxt::rt::deck&) const at /home/mbrock/nxtui/build/../src-ng/nxt/rt/task.hpp:1901:18
#3  0x00005d1d4f415a82 in nxt::rt::deck::run_ready_with() at /home/mbrock/nxtui/build/../src-ng/nxt/rt/deck.hpp:200:33
#4  0x00005d1d4f4157d6 in nxt::rt::deck::run_ready() at /home/mbrock/nxtui/build/../src-ng/nxt/rt/deck.hpp:130:23
#5  0x00005d1d4f4abf2e in void nxt::rt::uring_wand::run_until_done<int>(nxt::rt::deck&, nxt::rt::task<int>&) at /home/mbrock/nxtui/build/../src-ng/nxt/rt/uring_wand.hpp:173:28
#6  0x00005d1d4f47fc31 in int nxt::rt::runtime::run<int>(nxt::rt::task<int>) at /home/mbrock/nxtui/build/../src-ng/nxt/rt/app.hpp:141:29
#7  0x00005d1d4f3873ee in main at /home/mbrock/nxtui/build/../src-ng/nxtai/nxtllm.cpp:1272:18
#8  0x000070ce23e2a600 in __libc_start_call_main at ./csu/../sysdeps/nptl/libc_start_call_main.h:59:16
#9  0x000070ce23e2a717 in __libc_start_main_impl at ./csu/../csu/libc-start.c:360:3
#10 0x00005d1d4f364f24 in _start at /home/mbrock/nxtui/build/nxtllm

stdout write #254 bytes 55
  at ../src-ng/nxt/rt/ui_runtime.hpp:434 in nxt::rt::task<void> nxt::rt::ui_runtime::terminal_owner_loop(std::chrono::milliseconds)
  preview "\e7\e[37;8H\e[48;2;2;6;23m\e[38;2;203;213;225mdemonstrate\e8"
Stack trace (most recent call first):
#0  0x00005d1d4f374d47 in write_stdout_all at /home/mbrock/nxtui/build/../src-ng/nxt/rt/ui_runtime.hpp:40:23
#1  0x00005d1d4f4138da in std::__n4861::coroutine_handle<void>::resume() const at /usr/include/c++/15/coroutine:142:50
#2  0x00005d1d4f419574 in nxt::rt::deck::ready_item::resume_if_ready(nxt::rt::deck&) const at /home/mbrock/nxtui/build/../src-ng/nxt/rt/task.hpp:1901:18
#3  0x00005d1d4f415a82 in nxt::rt::deck::run_ready_with() at /home/mbrock/nxtui/build/../src-ng/nxt/rt/deck.hpp:200:33
#4  0x00005d1d4f4157d6 in nxt::rt::deck::run_ready() at /home/mbrock/nxtui/build/../src-ng/nxt/rt/deck.hpp:130:23
#5  0x00005d1d4f4abf2e in void nxt::rt::uring_wand::run_until_done<int>(nxt::rt::deck&, nxt::rt::task<int>&) at /home/mbrock/nxtui/build/../src-ng/nxt/rt/uring_wand.hpp:173:28
#6  0x00005d1d4f47fc31 in int nxt::rt::runtime::run<int>(nxt::rt::task<int>) at /home/mbrock/nxtui/build/../src-ng/nxt/rt/app.hpp:141:29
#7  0x00005d1d4f3873ee in main at /home/mbrock/nxtui/build/../src-ng/nxtai/nxtllm.cpp:1272:18
#8  0x000070ce23e2a600 in __libc_start_call_main at ./csu/../sysdeps/nptl/libc_start_call_main.h:59:16
#9  0x000070ce23e2a717 in __libc_start_main_impl at ./csu/../csu/libc-start.c:360:3
#10 0x00005d1d4f364f24 in _start at /home/mbrock/nxtui/build/nxtllm

stdout write #255 bytes 138
  at ../src-ng/nxt/rt/ui_runtime.hpp:434 in nxt::rt::task<void> nxt::rt::ui_runtime::terminal_owner_loop(std::chrono::milliseconds)
  preview "\e7\e[38;25H\e[48;2;35;79;87m\e[38;2;203;213;225m               8.0K/s\xe2\x86\x93\e[38;74H\e[48;2;43;45;46m4\e[38;83H\e[48;2;2;6;23m\e[38;2;100;116;139m4\e8"
Stack trace (most recent call first):
#0  0x00005d1d4f374d47 in write_stdout_all at /home/mbrock/nxtui/build/../src-ng/nxt/rt/ui_runtime.hpp:40:23
#1  0x00005d1d4f4138da in std::__n4861::coroutine_handle<void>::resume() const at /usr/include/c++/15/coroutine:142:50
#2  0x00005d1d4f419574 in nxt::rt::deck::ready_item::resume_if_ready(nxt::rt::deck&) const at /home/mbrock/nxtui/build/../src-ng/nxt/rt/task.hpp:1901:18
#3  0x00005d1d4f415a82 in nxt::rt::deck::run_ready_with() at /home/mbrock/nxtui/build/../src-ng/nxt/rt/deck.hpp:200:33
#4  0x00005d1d4f4157d6 in nxt::rt::deck::run_ready() at /home/mbrock/nxtui/build/../src-ng/nxt/rt/deck.hpp:130:23
#5  0x00005d1d4f4abf2e in void nxt::rt::uring_wand::run_until_done<int>(nxt::rt::deck&, nxt::rt::task<int>&) at /home/mbrock/nxtui/build/../src-ng/nxt/rt/uring_wand.hpp:173:28
#6  0x00005d1d4f47fc31 in int nxt::rt::runtime::run<int>(nxt::rt::task<int>) at /home/mbrock/nxtui/build/../src-ng/nxt/rt/app.hpp:141:29
#7  0x00005d1d4f3873ee in main at /home/mbrock/nxtui/build/../src-ng/nxtai/nxtllm.cpp:1272:18
#8  0x000070ce23e2a600 in __libc_start_call_main at ./csu/../sysdeps/nptl/libc_start_call_main.h:59:16
#9  0x000070ce23e2a717 in __libc_start_main_impl at ./csu/../csu/libc-start.c:360:3
#10 0x00005d1d4f364f24 in _start at /home/mbrock/nxtui/build/nxtllm

stdout write #256 bytes 96
  at ../src-ng/nxt/rt/ui_runtime.hpp:434 in nxt::rt::task<void> nxt::rt::ui_runtime::terminal_owner_loop(std::chrono::milliseconds)
  preview "\e7\e[38;25H\e[48;2;35;78;86m\e[38;2;203;213;225m               7.9K/s\xe2\x86\x93\e[38;74H\e[48;2;43;45;46m3\e8"
Stack trace (most recent call first):
#0  0x00005d1d4f374d47 in write_stdout_all at /home/mbrock/nxtui/build/../src-ng/nxt/rt/ui_runtime.hpp:40:23
#1  0x00005d1d4f4138da in std::__n4861::coroutine_handle<void>::resume() const at /usr/include/c++/15/coroutine:142:50
#2  0x00005d1d4f419574 in nxt::rt::deck::ready_item::resume_if_ready(nxt::rt::deck&) const at /home/mbrock/nxtui/build/../src-ng/nxt/rt/task.hpp:1901:18
#3  0x00005d1d4f415a82 in nxt::rt::deck::run_ready_with() at /home/mbrock/nxtui/build/../src-ng/nxt/rt/deck.hpp:200:33
#4  0x00005d1d4f4157d6 in nxt::rt::deck::run_ready() at /home/mbrock/nxtui/build/../src-ng/nxt/rt/deck.hpp:130:23
#5  0x00005d1d4f4abf2e in void nxt::rt::uring_wand::run_until_done<int>(nxt::rt::deck&, nxt::rt::task<int>&) at /home/mbrock/nxtui/build/../src-ng/nxt/rt/uring_wand.hpp:173:28
#6  0x00005d1d4f47fc31 in int nxt::rt::runtime::run<int>(nxt::rt::task<int>) at /home/mbrock/nxtui/build/../src-ng/nxt/rt/app.hpp:141:29
#7  0x00005d1d4f3873ee in main at /home/mbrock/nxtui/build/../src-ng/nxtai/nxtllm.cpp:1272:18
#8  0x000070ce23e2a600 in __libc_start_call_main at ./csu/../sysdeps/nptl/libc_start_call_main.h:59:16
#9  0x000070ce23e2a717 in __libc_start_main_impl at ./csu/../csu/libc-start.c:360:3
#10 0x00005d1d4f364f24 in _start at /home/mbrock/nxtui/build/nxtllm

stdout write #257 bytes 47
  at ../src-ng/nxt/rt/ui_runtime.hpp:434 in nxt::rt::task<void> nxt::rt::ui_runtime::terminal_owner_loop(std::chrono::milliseconds)
  preview "\e7\e[37;20H\e[48;2;2;6;23m\e[38;2;203;213;225mby\e8"
Stack trace (most recent call first):
#0  0x00005d1d4f374d47 in write_stdout_all at /home/mbrock/nxtui/build/../src-ng/nxt/rt/ui_runtime.hpp:40:23
#1  0x00005d1d4f4138da in std::__n4861::coroutine_handle<void>::resume() const at /usr/include/c++/15/coroutine:142:50
#2  0x00005d1d4f419574 in nxt::rt::deck::ready_item::resume_if_ready(nxt::rt::deck&) const at /home/mbrock/nxtui/build/../src-ng/nxt/rt/task.hpp:1901:18
#3  0x00005d1d4f415a82 in nxt::rt::deck::run_ready_with() at /home/mbrock/nxtui/build/../src-ng/nxt/rt/deck.hpp:200:33
#4  0x00005d1d4f4157d6 in nxt::rt::deck::run_ready() at /home/mbrock/nxtui/build/../src-ng/nxt/rt/deck.hpp:130:23
#5  0x00005d1d4f4abf2e in void nxt::rt::uring_wand::run_until_done<int>(nxt::rt::deck&, nxt::rt::task<int>&) at /home/mbrock/nxtui/build/../src-ng/nxt/rt/uring_wand.hpp:173:28
#6  0x00005d1d4f47fc31 in int nxt::rt::runtime::run<int>(nxt::rt::task<int>) at /home/mbrock/nxtui/build/../src-ng/nxt/rt/app.hpp:141:29
#7  0x00005d1d4f3873ee in main at /home/mbrock/nxtui/build/../src-ng/nxtai/nxtllm.cpp:1272:18
#8  0x000070ce23e2a600 in __libc_start_call_main at ./csu/../sysdeps/nptl/libc_start_call_main.h:59:16
#9  0x000070ce23e2a717 in __libc_start_main_impl at ./csu/../csu/libc-start.c:360:3
#10 0x00005d1d4f364f24 in _start at /home/mbrock/nxtui/build/nxtllm

stdout write #258 bytes 161
  at ../src-ng/nxt/rt/ui_runtime.hpp:434 in nxt::rt::task<void> nxt::rt::ui_runtime::terminal_owner_loop(std::chrono::milliseconds)
  preview "\e7\e[38;21H\e[48;2;2;6;23m\e[38;2;203;213;225m1\e[38;25H\e[48;2;36;79;87m               8.1K/s\xe2\x86\x93\e[38;74H\e[48;2;43;45;46m2\e[38;83H\e[48;2;2;6;23m\e[38;2;100;116;139m5\e8"
Stack trace (most recent call first):
#0  0x00005d1d4f374d47 in write_stdout_all at /home/mbrock/nxtui/build/../src-ng/nxt/rt/ui_runtime.hpp:40:23
#1  0x00005d1d4f4138da in std::__n4861::coroutine_handle<void>::resume() const at /usr/include/c++/15/coroutine:142:50
#2  0x00005d1d4f419574 in nxt::rt::deck::ready_item::resume_if_ready(nxt::rt::deck&) const at /home/mbrock/nxtui/build/../src-ng/nxt/rt/task.hpp:1901:18
#3  0x00005d1d4f415a82 in nxt::rt::deck::run_ready_with() at /home/mbrock/nxtui/build/../src-ng/nxt/rt/deck.hpp:200:33
#4  0x00005d1d4f4157d6 in nxt::rt::deck::run_ready() at /home/mbrock/nxtui/build/../src-ng/nxt/rt/deck.hpp:130:23
#5  0x00005d1d4f4abf2e in void nxt::rt::uring_wand::run_until_done<int>(nxt::rt::deck&, nxt::rt::task<int>&) at /home/mbrock/nxtui/build/../src-ng/nxt/rt/uring_wand.hpp:173:28
#6  0x00005d1d4f47fc31 in int nxt::rt::runtime::run<int>(nxt::rt::task<int>) at /home/mbrock/nxtui/build/../src-ng/nxt/rt/app.hpp:141:29
#7  0x00005d1d4f3873ee in main at /home/mbrock/nxtui/build/../src-ng/nxtai/nxtllm.cpp:1272:18
#8  0x000070ce23e2a600 in __libc_start_call_main at ./csu/../sysdeps/nptl/libc_start_call_main.h:59:16
#9  0x000070ce23e2a717 in __libc_start_main_impl at ./csu/../csu/libc-start.c:360:3
#10 0x00005d1d4f364f24 in _start at /home/mbrock/nxtui/build/nxtllm

stdout write #259 bytes 52
  at ../src-ng/nxt/rt/ui_runtime.hpp:434 in nxt::rt::task<void> nxt::rt::ui_runtime::terminal_owner_loop(std::chrono::milliseconds)
  preview "\e7\e[37;23H\e[48;2;2;6;23m\e[38;2;203;213;225mrunning\e8"
Stack trace (most recent call first):
#0  0x00005d1d4f374d47 in write_stdout_all at /home/mbrock/nxtui/build/../src-ng/nxt/rt/ui_runtime.hpp:40:23
#1  0x00005d1d4f4138da in std::__n4861::coroutine_handle<void>::resume() const at /usr/include/c++/15/coroutine:142:50
#2  0x00005d1d4f419574 in nxt::rt::deck::ready_item::resume_if_ready(nxt::rt::deck&) const at /home/mbrock/nxtui/build/../src-ng/nxt/rt/task.hpp:1901:18
#3  0x00005d1d4f415a82 in nxt::rt::deck::run_ready_with() at /home/mbrock/nxtui/build/../src-ng/nxt/rt/deck.hpp:200:33
#4  0x00005d1d4f4157d6 in nxt::rt::deck::run_ready() at /home/mbrock/nxtui/build/../src-ng/nxt/rt/deck.hpp:130:23
#5  0x00005d1d4f4abf2e in void nxt::rt::uring_wand::run_until_done<int>(nxt::rt::deck&, nxt::rt::task<int>&) at /home/mbrock/nxtui/build/../src-ng/nxt/rt/uring_wand.hpp:173:28
#6  0x00005d1d4f47fc31 in int nxt::rt::runtime::run<int>(nxt::rt::task<int>) at /home/mbrock/nxtui/build/../src-ng/nxt/rt/app.hpp:141:29
#7  0x00005d1d4f3873ee in main at /home/mbrock/nxtui/build/../src-ng/nxtai/nxtllm.cpp:1272:18
#8  0x000070ce23e2a600 in __libc_start_call_main at ./csu/../sysdeps/nptl/libc_start_call_main.h:59:16
#9  0x000070ce23e2a717 in __libc_start_main_impl at ./csu/../csu/libc-start.c:360:3
#10 0x00005d1d4f364f24 in _start at /home/mbrock/nxtui/build/nxtllm

stdout write #260 bytes 73
  at ../src-ng/nxt/rt/ui_runtime.hpp:434 in nxt::rt::task<void> nxt::rt::ui_runtime::terminal_owner_loop(std::chrono::milliseconds)
  preview "\e7\e[38;42H\e[48;2;36;79;87m\e[38;2;203;213;225m2\e[38;74H\e[48;2;43;45;46m0\e8"
Stack trace (most recent call first):
#0  0x00005d1d4f374d47 in write_stdout_all at /home/mbrock/nxtui/build/../src-ng/nxt/rt/ui_runtime.hpp:40:23
#1  0x00005d1d4f4138da in std::__n4861::coroutine_handle<void>::resume() const at /usr/include/c++/15/coroutine:142:50
#2  0x00005d1d4f419574 in nxt::rt::deck::ready_item::resume_if_ready(nxt::rt::deck&) const at /home/mbrock/nxtui/build/../src-ng/nxt/rt/task.hpp:1901:18
#3  0x00005d1d4f415a82 in nxt::rt::deck::run_ready_with() at /home/mbrock/nxtui/build/../src-ng/nxt/rt/deck.hpp:200:33
#4  0x00005d1d4f4157d6 in nxt::rt::deck::run_ready() at /home/mbrock/nxtui/build/../src-ng/nxt/rt/deck.hpp:130:23
#5  0x00005d1d4f4abf2e in void nxt::rt::uring_wand::run_until_done<int>(nxt::rt::deck&, nxt::rt::task<int>&) at /home/mbrock/nxtui/build/../src-ng/nxt/rt/uring_wand.hpp:173:28
#6  0x00005d1d4f47fc31 in int nxt::rt::runtime::run<int>(nxt::rt::task<int>) at /home/mbrock/nxtui/build/../src-ng/nxt/rt/app.hpp:141:29
#7  0x00005d1d4f3873ee in main at /home/mbrock/nxtui/build/../src-ng/nxtai/nxtllm.cpp:1272:18
#8  0x000070ce23e2a600 in __libc_start_call_main at ./csu/../sysdeps/nptl/libc_start_call_main.h:59:16
#9  0x000070ce23e2a717 in __libc_start_main_impl at ./csu/../csu/libc-start.c:360:3
#10 0x00005d1d4f364f24 in _start at /home/mbrock/nxtui/build/nxtllm

stdout write #261 bytes 116
  at ../src-ng/nxt/rt/ui_runtime.hpp:434 in nxt::rt::task<void> nxt::rt::ui_runtime::terminal_owner_loop(std::chrono::milliseconds)
  preview "\e7\e[38;42H\e[48;2;36;79;87m\e[38;2;203;213;225m1\e[38;73H\e[48;2;43;45;46m79\e[38;83H\e[48;2;2;6;23m\e[38;2;100;116;139m6\e8"
Stack trace (most recent call first):
#0  0x00005d1d4f374d47 in write_stdout_all at /home/mbrock/nxtui/build/../src-ng/nxt/rt/ui_runtime.hpp:40:23
#1  0x00005d1d4f4138da in std::__n4861::coroutine_handle<void>::resume() const at /usr/include/c++/15/coroutine:142:50
#2  0x00005d1d4f419574 in nxt::rt::deck::ready_item::resume_if_ready(nxt::rt::deck&) const at /home/mbrock/nxtui/build/../src-ng/nxt/rt/task.hpp:1901:18
#3  0x00005d1d4f415a82 in nxt::rt::deck::run_ready_with() at /home/mbrock/nxtui/build/../src-ng/nxt/rt/deck.hpp:200:33
#4  0x00005d1d4f4157d6 in nxt::rt::deck::run_ready() at /home/mbrock/nxtui/build/../src-ng/nxt/rt/deck.hpp:130:23
#5  0x00005d1d4f4abf2e in void nxt::rt::uring_wand::run_until_done<int>(nxt::rt::deck&, nxt::rt::task<int>&) at /home/mbrock/nxtui/build/../src-ng/nxt/rt/uring_wand.hpp:173:28
#6  0x00005d1d4f47fc31 in int nxt::rt::runtime::run<int>(nxt::rt::task<int>) at /home/mbrock/nxtui/build/../src-ng/nxt/rt/app.hpp:141:29
#7  0x00005d1d4f3873ee in main at /home/mbrock/nxtui/build/../src-ng/nxtai/nxtllm.cpp:1272:18
#8  0x000070ce23e2a600 in __libc_start_call_main at ./csu/../sysdeps/nptl/libc_start_call_main.h:59:16
#9  0x000070ce23e2a717 in __libc_start_main_impl at ./csu/../csu/libc-start.c:360:3
#10 0x00005d1d4f364f24 in _start at /home/mbrock/nxtui/build/nxtllm

stdout write #262 bytes 96
  at ../src-ng/nxt/rt/ui_runtime.hpp:434 in nxt::rt::task<void> nxt::rt::ui_runtime::terminal_owner_loop(std::chrono::milliseconds)
  preview "\e7\e[38;25H\e[48;2;35;78;87m\e[38;2;203;213;225m               8.0K/s\xe2\x86\x93\e[38;74H\e[48;2;43;45;46m8\e8"
Stack trace (most recent call first):
#0  0x00005d1d4f374d47 in write_stdout_all at /home/mbrock/nxtui/build/../src-ng/nxt/rt/ui_runtime.hpp:40:23
#1  0x00005d1d4f4138da in std::__n4861::coroutine_handle<void>::resume() const at /usr/include/c++/15/coroutine:142:50
#2  0x00005d1d4f419574 in nxt::rt::deck::ready_item::resume_if_ready(nxt::rt::deck&) const at /home/mbrock/nxtui/build/../src-ng/nxt/rt/task.hpp:1901:18
#3  0x00005d1d4f415a82 in nxt::rt::deck::run_ready_with() at /home/mbrock/nxtui/build/../src-ng/nxt/rt/deck.hpp:200:33
#4  0x00005d1d4f4157d6 in nxt::rt::deck::run_ready() at /home/mbrock/nxtui/build/../src-ng/nxt/rt/deck.hpp:130:23
#5  0x00005d1d4f4abf2e in void nxt::rt::uring_wand::run_until_done<int>(nxt::rt::deck&, nxt::rt::task<int>&) at /home/mbrock/nxtui/build/../src-ng/nxt/rt/uring_wand.hpp:173:28
#6  0x00005d1d4f47fc31 in int nxt::rt::runtime::run<int>(nxt::rt::task<int>) at /home/mbrock/nxtui/build/../src-ng/nxt/rt/app.hpp:141:29
#7  0x00005d1d4f3873ee in main at /home/mbrock/nxtui/build/../src-ng/nxtai/nxtllm.cpp:1272:18
#8  0x000070ce23e2a600 in __libc_start_call_main at ./csu/../sysdeps/nptl/libc_start_call_main.h:59:16
#9  0x000070ce23e2a717 in __libc_start_main_impl at ./csu/../csu/libc-start.c:360:3
#10 0x00005d1d4f364f24 in _start at /home/mbrock/nxtui/build/nxtllm

stdout write #263 bytes 46
  at ../src-ng/nxt/rt/ui_runtime.hpp:434 in nxt::rt::task<void> nxt::rt::ui_runtime::terminal_owner_loop(std::chrono::milliseconds)
  preview "\e7\e[37;31H\e[48;2;2;6;23m\e[38;2;203;213;225ma\e8"
Stack trace (most recent call first):
#0  0x00005d1d4f374d47 in write_stdout_all at /home/mbrock/nxtui/build/../src-ng/nxt/rt/ui_runtime.hpp:40:23
#1  0x00005d1d4f4138da in std::__n4861::coroutine_handle<void>::resume() const at /usr/include/c++/15/coroutine:142:50
#2  0x00005d1d4f419574 in nxt::rt::deck::ready_item::resume_if_ready(nxt::rt::deck&) const at /home/mbrock/nxtui/build/../src-ng/nxt/rt/task.hpp:1901:18
#3  0x00005d1d4f415a82 in nxt::rt::deck::run_ready_with() at /home/mbrock/nxtui/build/../src-ng/nxt/rt/deck.hpp:200:33
#4  0x00005d1d4f4157d6 in nxt::rt::deck::run_ready() at /home/mbrock/nxtui/build/../src-ng/nxt/rt/deck.hpp:130:23
#5  0x00005d1d4f4abf2e in void nxt::rt::uring_wand::run_until_done<int>(nxt::rt::deck&, nxt::rt::task<int>&) at /home/mbrock/nxtui/build/../src-ng/nxt/rt/uring_wand.hpp:173:28
#6  0x00005d1d4f47fc31 in int nxt::rt::runtime::run<int>(nxt::rt::task<int>) at /home/mbrock/nxtui/build/../src-ng/nxt/rt/app.hpp:141:29
#7  0x00005d1d4f3873ee in main at /home/mbrock/nxtui/build/../src-ng/nxtai/nxtllm.cpp:1272:18
#8  0x000070ce23e2a600 in __libc_start_call_main at ./csu/../sysdeps/nptl/libc_start_call_main.h:59:16
#9  0x000070ce23e2a717 in __libc_start_main_impl at ./csu/../csu/libc-start.c:360:3
#10 0x00005d1d4f364f24 in _start at /home/mbrock/nxtui/build/nxtllm

stdout write #264 bytes 138
  at ../src-ng/nxt/rt/ui_runtime.hpp:434 in nxt::rt::task<void> nxt::rt::ui_runtime::terminal_owner_loop(std::chrono::milliseconds)
  preview "\e7\e[38;25H\e[48;2;36;79;87m\e[38;2;203;213;225m               8.1K/s\xe2\x86\x93\e[38;74H\e[48;2;43;45;46m7\e[38;83H\e[48;2;2;6;23m\e[38;2;100;116;139m7\e8"
Stack trace (most recent call first):
#0  0x00005d1d4f374d47 in write_stdout_all at /home/mbrock/nxtui/build/../src-ng/nxt/rt/ui_runtime.hpp:40:23
#1  0x00005d1d4f4138da in std::__n4861::coroutine_handle<void>::resume() const at /usr/include/c++/15/coroutine:142:50
#2  0x00005d1d4f419574 in nxt::rt::deck::ready_item::resume_if_ready(nxt::rt::deck&) const at /home/mbrock/nxtui/build/../src-ng/nxt/rt/task.hpp:1901:18
#3  0x00005d1d4f415a82 in nxt::rt::deck::run_ready_with() at /home/mbrock/nxtui/build/../src-ng/nxt/rt/deck.hpp:200:33
#4  0x00005d1d4f4157d6 in nxt::rt::deck::run_ready() at /home/mbrock/nxtui/build/../src-ng/nxt/rt/deck.hpp:130:23
#5  0x00005d1d4f4abf2e in void nxt::rt::uring_wand::run_until_done<int>(nxt::rt::deck&, nxt::rt::task<int>&) at /home/mbrock/nxtui/build/../src-ng/nxt/rt/uring_wand.hpp:173:28
#6  0x00005d1d4f47fc31 in int nxt::rt::runtime::run<int>(nxt::rt::task<int>) at /home/mbrock/nxtui/build/../src-ng/nxt/rt/app.hpp:141:29
#7  0x00005d1d4f3873ee in main at /home/mbrock/nxtui/build/../src-ng/nxtai/nxtllm.cpp:1272:18
#8  0x000070ce23e2a600 in __libc_start_call_main at ./csu/../sysdeps/nptl/libc_start_call_main.h:59:16
#9  0x000070ce23e2a717 in __libc_start_main_impl at ./csu/../csu/libc-start.c:360:3
#10 0x00005d1d4f364f24 in _start at /home/mbrock/nxtui/build/nxtllm

stdout write #265 bytes 96
  at ../src-ng/nxt/rt/ui_runtime.hpp:434 in nxt::rt::task<void> nxt::rt::ui_runtime::terminal_owner_loop(std::chrono::milliseconds)
  preview "\e7\e[38;25H\e[48;2;35;78;87m\e[38;2;203;213;225m               8.0K/s\xe2\x86\x93\e[38;74H\e[48;2;43;45;46m5\e8"
Stack trace (most recent call first):
#0  0x00005d1d4f374d47 in write_stdout_all at /home/mbrock/nxtui/build/../src-ng/nxt/rt/ui_runtime.hpp:40:23
#1  0x00005d1d4f4138da in std::__n4861::coroutine_handle<void>::resume() const at /usr/include/c++/15/coroutine:142:50
#2  0x00005d1d4f419574 in nxt::rt::deck::ready_item::resume_if_ready(nxt::rt::deck&) const at /home/mbrock/nxtui/build/../src-ng/nxt/rt/task.hpp:1901:18
#3  0x00005d1d4f415a82 in nxt::rt::deck::run_ready_with() at /home/mbrock/nxtui/build/../src-ng/nxt/rt/deck.hpp:200:33
#4  0x00005d1d4f4157d6 in nxt::rt::deck::run_ready() at /home/mbrock/nxtui/build/../src-ng/nxt/rt/deck.hpp:130:23
#5  0x00005d1d4f4abf2e in void nxt::rt::uring_wand::run_until_done<int>(nxt::rt::deck&, nxt::rt::task<int>&) at /home/mbrock/nxtui/build/../src-ng/nxt/rt/uring_wand.hpp:173:28
#6  0x00005d1d4f47fc31 in int nxt::rt::runtime::run<int>(nxt::rt::task<int>) at /home/mbrock/nxtui/build/../src-ng/nxt/rt/app.hpp:141:29
#7  0x00005d1d4f3873ee in main at /home/mbrock/nxtui/build/../src-ng/nxtai/nxtllm.cpp:1272:18
#8  0x000070ce23e2a600 in __libc_start_call_main at ./csu/../sysdeps/nptl/libc_start_call_main.h:59:16
#9  0x000070ce23e2a717 in __libc_start_main_impl at ./csu/../csu/libc-start.c:360:3
#10 0x00005d1d4f364f24 in _start at /home/mbrock/nxtui/build/nxtllm

stdout write #266 bytes 51
  at ../src-ng/nxt/rt/ui_runtime.hpp:434 in nxt::rt::task<void> nxt::rt::ui_runtime::terminal_owner_loop(std::chrono::milliseconds)
  preview "\e7\e[37;33H\e[48;2;2;6;23m\e[38;2;203;213;225msimple\e8"
Stack trace (most recent call first):
#0  0x00005d1d4f374d47 in write_stdout_all at /home/mbrock/nxtui/build/../src-ng/nxt/rt/ui_runtime.hpp:40:23
#1  0x00005d1d4f4138da in std::__n4861::coroutine_handle<void>::resume() const at /usr/include/c++/15/coroutine:142:50
#2  0x00005d1d4f419574 in nxt::rt::deck::ready_item::resume_if_ready(nxt::rt::deck&) const at /home/mbrock/nxtui/build/../src-ng/nxt/rt/task.hpp:1901:18
#3  0x00005d1d4f415a82 in nxt::rt::deck::run_ready_with() at /home/mbrock/nxtui/build/../src-ng/nxt/rt/deck.hpp:200:33
#4  0x00005d1d4f4157d6 in nxt::rt::deck::run_ready() at /home/mbrock/nxtui/build/../src-ng/nxt/rt/deck.hpp:130:23
#5  0x00005d1d4f4abf2e in void nxt::rt::uring_wand::run_until_done<int>(nxt::rt::deck&, nxt::rt::task<int>&) at /home/mbrock/nxtui/build/../src-ng/nxt/rt/uring_wand.hpp:173:28
#6  0x00005d1d4f47fc31 in int nxt::rt::runtime::run<int>(nxt::rt::task<int>) at /home/mbrock/nxtui/build/../src-ng/nxt/rt/app.hpp:141:29
#7  0x00005d1d4f3873ee in main at /home/mbrock/nxtui/build/../src-ng/nxtai/nxtllm.cpp:1272:18
#8  0x000070ce23e2a600 in __libc_start_call_main at ./csu/../sysdeps/nptl/libc_start_call_main.h:59:16
#9  0x000070ce23e2a717 in __libc_start_main_impl at ./csu/../csu/libc-start.c:360:3
#10 0x00005d1d4f364f24 in _start at /home/mbrock/nxtui/build/nxtllm

stdout write #267 bytes 161
  at ../src-ng/nxt/rt/ui_runtime.hpp:434 in nxt::rt::task<void> nxt::rt::ui_runtime::terminal_owner_loop(std::chrono::milliseconds)
  preview "\e7\e[38;21H\e[48;2;2;6;23m\e[38;2;203;213;225m2\e[38;25H\e[48;2;36;79;87m               8.2K/s\xe2\x86\x93\e[38;74H\e[48;2;43;45;46m4\e[38;83H\e[48;2;2;6;23m\e[38;2;100;116;139m8\e8"
Stack trace (most recent call first):
#0  0x00005d1d4f374d47 in write_stdout_all at /home/mbrock/nxtui/build/../src-ng/nxt/rt/ui_runtime.hpp:40:23
#1  0x00005d1d4f4138da in std::__n4861::coroutine_handle<void>::resume() const at /usr/include/c++/15/coroutine:142:50
#2  0x00005d1d4f419574 in nxt::rt::deck::ready_item::resume_if_ready(nxt::rt::deck&) const at /home/mbrock/nxtui/build/../src-ng/nxt/rt/task.hpp:1901:18
#3  0x00005d1d4f415a82 in nxt::rt::deck::run_ready_with() at /home/mbrock/nxtui/build/../src-ng/nxt/rt/deck.hpp:200:33
#4  0x00005d1d4f4157d6 in nxt::rt::deck::run_ready() at /home/mbrock/nxtui/build/../src-ng/nxt/rt/deck.hpp:130:23
#5  0x00005d1d4f4abf2e in void nxt::rt::uring_wand::run_until_done<int>(nxt::rt::deck&, nxt::rt::task<int>&) at /home/mbrock/nxtui/build/../src-ng/nxt/rt/uring_wand.hpp:173:28
#6  0x00005d1d4f47fc31 in int nxt::rt::runtime::run<int>(nxt::rt::task<int>) at /home/mbrock/nxtui/build/../src-ng/nxt/rt/app.hpp:141:29
#7  0x00005d1d4f3873ee in main at /home/mbrock/nxtui/build/../src-ng/nxtai/nxtllm.cpp:1272:18
#8  0x000070ce23e2a600 in __libc_start_call_main at ./csu/../sysdeps/nptl/libc_start_call_main.h:59:16
#9  0x000070ce23e2a717 in __libc_start_main_impl at ./csu/../csu/libc-start.c:360:3
#10 0x00005d1d4f364f24 in _start at /home/mbrock/nxtui/build/nxtllm

stdout write #268 bytes 49
  at ../src-ng/nxt/rt/ui_runtime.hpp:434 in nxt::rt::task<void> nxt::rt::ui_runtime::terminal_owner_loop(std::chrono::milliseconds)
  preview "\e7\e[37;40H\e[48;2;2;6;23m\e[38;2;203;213;225mbash\e8"
Stack trace (most recent call first):
#0  0x00005d1d4f374d47 in write_stdout_all at /home/mbrock/nxtui/build/../src-ng/nxt/rt/ui_runtime.hpp:40:23
#1  0x00005d1d4f4138da in std::__n4861::coroutine_handle<void>::resume() const at /usr/include/c++/15/coroutine:142:50
#2  0x00005d1d4f419574 in nxt::rt::deck::ready_item::resume_if_ready(nxt::rt::deck&) const at /home/mbrock/nxtui/build/../src-ng/nxt/rt/task.hpp:1901:18
#3  0x00005d1d4f415a82 in nxt::rt::deck::run_ready_with() at /home/mbrock/nxtui/build/../src-ng/nxt/rt/deck.hpp:200:33
#4  0x00005d1d4f4157d6 in nxt::rt::deck::run_ready() at /home/mbrock/nxtui/build/../src-ng/nxt/rt/deck.hpp:130:23
#5  0x00005d1d4f4abf2e in void nxt::rt::uring_wand::run_until_done<int>(nxt::rt::deck&, nxt::rt::task<int>&) at /home/mbrock/nxtui/build/../src-ng/nxt/rt/uring_wand.hpp:173:28
#6  0x00005d1d4f47fc31 in int nxt::rt::runtime::run<int>(nxt::rt::task<int>) at /home/mbrock/nxtui/build/../src-ng/nxt/rt/app.hpp:141:29
#7  0x00005d1d4f3873ee in main at /home/mbrock/nxtui/build/../src-ng/nxtai/nxtllm.cpp:1272:18
#8  0x000070ce23e2a600 in __libc_start_call_main at ./csu/../sysdeps/nptl/libc_start_call_main.h:59:16
#9  0x000070ce23e2a717 in __libc_start_main_impl at ./csu/../csu/libc-start.c:360:3
#10 0x00005d1d4f364f24 in _start at /home/mbrock/nxtui/build/nxtllm

stdout write #269 bytes 138
  at ../src-ng/nxt/rt/ui_runtime.hpp:434 in nxt::rt::task<void> nxt::rt::ui_runtime::terminal_owner_loop(std::chrono::milliseconds)
  preview "\e7\e[38;25H\e[48;2;36;80;88m\e[38;2;203;213;225m               8.3K/s\xe2\x86\x93\e[38;74H\e[48;2;43;45;46m3\e[38;83H\e[48;2;2;6;23m\e[38;2;100;116;139m9\e8"
Stack trace (most recent call first):
#0  0x00005d1d4f374d47 in write_stdout_all at /home/mbrock/nxtui/build/../src-ng/nxt/rt/ui_runtime.hpp:40:23
#1  0x00005d1d4f4138da in std::__n4861::coroutine_handle<void>::resume() const at /usr/include/c++/15/coroutine:142:50
#2  0x00005d1d4f419574 in nxt::rt::deck::ready_item::resume_if_ready(nxt::rt::deck&) const at /home/mbrock/nxtui/build/../src-ng/nxt/rt/task.hpp:1901:18
#3  0x00005d1d4f415a82 in nxt::rt::deck::run_ready_with() at /home/mbrock/nxtui/build/../src-ng/nxt/rt/deck.hpp:200:33
#4  0x00005d1d4f4157d6 in nxt::rt::deck::run_ready() at /home/mbrock/nxtui/build/../src-ng/nxt/rt/deck.hpp:130:23
#5  0x00005d1d4f4abf2e in void nxt::rt::uring_wand::run_until_done<int>(nxt::rt::deck&, nxt::rt::task<int>&) at /home/mbrock/nxtui/build/../src-ng/nxt/rt/uring_wand.hpp:173:28
#6  0x00005d1d4f47fc31 in int nxt::rt::runtime::run<int>(nxt::rt::task<int>) at /home/mbrock/nxtui/build/../src-ng/nxt/rt/app.hpp:141:29
#7  0x00005d1d4f3873ee in main at /home/mbrock/nxtui/build/../src-ng/nxtai/nxtllm.cpp:1272:18
#8  0x000070ce23e2a600 in __libc_start_call_main at ./csu/../sysdeps/nptl/libc_start_call_main.h:59:16
#9  0x000070ce23e2a717 in __libc_start_main_impl at ./csu/../csu/libc-start.c:360:3
#10 0x00005d1d4f364f24 in _start at /home/mbrock/nxtui/build/nxtllm

stdout write #270 bytes 96
  at ../src-ng/nxt/rt/ui_runtime.hpp:434 in nxt::rt::task<void> nxt::rt::ui_runtime::terminal_owner_loop(std::chrono::milliseconds)
  preview "\e7\e[38;25H\e[48;2;36;79;87m\e[38;2;203;213;225m               8.2K/s\xe2\x86\x93\e[38;74H\e[48;2;43;45;46m2\e8"
Stack trace (most recent call first):
#0  0x00005d1d4f374d47 in write_stdout_all at /home/mbrock/nxtui/build/../src-ng/nxt/rt/ui_runtime.hpp:40:23
#1  0x00005d1d4f4138da in std::__n4861::coroutine_handle<void>::resume() const at /usr/include/c++/15/coroutine:142:50
#2  0x00005d1d4f419574 in nxt::rt::deck::ready_item::resume_if_ready(nxt::rt::deck&) const at /home/mbrock/nxtui/build/../src-ng/nxt/rt/task.hpp:1901:18
#3  0x00005d1d4f415a82 in nxt::rt::deck::run_ready_with() at /home/mbrock/nxtui/build/../src-ng/nxt/rt/deck.hpp:200:33
#4  0x00005d1d4f4157d6 in nxt::rt::deck::run_ready() at /home/mbrock/nxtui/build/../src-ng/nxt/rt/deck.hpp:130:23
#5  0x00005d1d4f4abf2e in void nxt::rt::uring_wand::run_until_done<int>(nxt::rt::deck&, nxt::rt::task<int>&) at /home/mbrock/nxtui/build/../src-ng/nxt/rt/uring_wand.hpp:173:28
#6  0x00005d1d4f47fc31 in int nxt::rt::runtime::run<int>(nxt::rt::task<int>) at /home/mbrock/nxtui/build/../src-ng/nxt/rt/app.hpp:141:29
#7  0x00005d1d4f3873ee in main at /home/mbrock/nxtui/build/../src-ng/nxtai/nxtllm.cpp:1272:18
#8  0x000070ce23e2a600 in __libc_start_call_main at ./csu/../sysdeps/nptl/libc_start_call_main.h:59:16
#9  0x000070ce23e2a717 in __libc_start_main_impl at ./csu/../csu/libc-start.c:360:3
#10 0x00005d1d4f364f24 in _start at /home/mbrock/nxtui/build/nxtllm

stdout write #271 bytes 49
  at ../src-ng/nxt/rt/ui_runtime.hpp:434 in nxt::rt::task<void> nxt::rt::ui_runtime::terminal_owner_loop(std::chrono::milliseconds)
  preview "\e7\e[37;45H\e[48;2;2;6;23m\e[38;2;203;213;225mloop\e8"
Stack trace (most recent call first):
#0  0x00005d1d4f374d47 in write_stdout_all at /home/mbrock/nxtui/build/../src-ng/nxt/rt/ui_runtime.hpp:40:23
#1  0x00005d1d4f4138da in std::__n4861::coroutine_handle<void>::resume() const at /usr/include/c++/15/coroutine:142:50
#2  0x00005d1d4f419574 in nxt::rt::deck::ready_item::resume_if_ready(nxt::rt::deck&) const at /home/mbrock/nxtui/build/../src-ng/nxt/rt/task.hpp:1901:18
#3  0x00005d1d4f415a82 in nxt::rt::deck::run_ready_with() at /home/mbrock/nxtui/build/../src-ng/nxt/rt/deck.hpp:200:33
#4  0x00005d1d4f4157d6 in nxt::rt::deck::run_ready() at /home/mbrock/nxtui/build/../src-ng/nxt/rt/deck.hpp:130:23
#5  0x00005d1d4f4abf2e in void nxt::rt::uring_wand::run_until_done<int>(nxt::rt::deck&, nxt::rt::task<int>&) at /home/mbrock/nxtui/build/../src-ng/nxt/rt/uring_wand.hpp:173:28
#6  0x00005d1d4f47fc31 in int nxt::rt::runtime::run<int>(nxt::rt::task<int>) at /home/mbrock/nxtui/build/../src-ng/nxt/rt/app.hpp:141:29
#7  0x00005d1d4f3873ee in main at /home/mbrock/nxtui/build/../src-ng/nxtai/nxtllm.cpp:1272:18
#8  0x000070ce23e2a600 in __libc_start_call_main at ./csu/../sysdeps/nptl/libc_start_call_main.h:59:16
#9  0x000070ce23e2a717 in __libc_start_main_impl at ./csu/../csu/libc-start.c:360:3
#10 0x00005d1d4f364f24 in _start at /home/mbrock/nxtui/build/nxtllm

stdout write #272 bytes 139
  at ../src-ng/nxt/rt/ui_runtime.hpp:434 in nxt::rt::task<void> nxt::rt::ui_runtime::terminal_owner_loop(std::chrono::milliseconds)
  preview "\e7\e[38;25H\e[48;2;36;80;88m\e[38;2;203;213;225m               8.4K/s\xe2\x86\x93\e[38;74H\e[48;2;43;45;46m1\e[38;82H\e[48;2;2;6;23m\e[38;2;100;116;139m50\e8"
Stack trace (most recent call first):
#0  0x00005d1d4f374d47 in write_stdout_all at /home/mbrock/nxtui/build/../src-ng/nxt/rt/ui_runtime.hpp:40:23
#1  0x00005d1d4f4138da in std::__n4861::coroutine_handle<void>::resume() const at /usr/include/c++/15/coroutine:142:50
#2  0x00005d1d4f419574 in nxt::rt::deck::ready_item::resume_if_ready(nxt::rt::deck&) const at /home/mbrock/nxtui/build/../src-ng/nxt/rt/task.hpp:1901:18
#3  0x00005d1d4f415a82 in nxt::rt::deck::run_ready_with() at /home/mbrock/nxtui/build/../src-ng/nxt/rt/deck.hpp:200:33
#4  0x00005d1d4f4157d6 in nxt::rt::deck::run_ready() at /home/mbrock/nxtui/build/../src-ng/nxt/rt/deck.hpp:130:23
#5  0x00005d1d4f4abf2e in void nxt::rt::uring_wand::run_until_done<int>(nxt::rt::deck&, nxt::rt::task<int>&) at /home/mbrock/nxtui/build/../src-ng/nxt/rt/uring_wand.hpp:173:28
#6  0x00005d1d4f47fc31 in int nxt::rt::runtime::run<int>(nxt::rt::task<int>) at /home/mbrock/nxtui/build/../src-ng/nxt/rt/app.hpp:141:29
#7  0x00005d1d4f3873ee in main at /home/mbrock/nxtui/build/../src-ng/nxtai/nxtllm.cpp:1272:18
#8  0x000070ce23e2a600 in __libc_start_call_main at ./csu/../sysdeps/nptl/libc_start_call_main.h:59:16
#9  0x000070ce23e2a717 in __libc_start_main_impl at ./csu/../csu/libc-start.c:360:3
#10 0x00005d1d4f364f24 in _start at /home/mbrock/nxtui/build/nxtllm

stdout write #273 bytes 96
  at ../src-ng/nxt/rt/ui_runtime.hpp:434 in nxt::rt::task<void> nxt::rt::ui_runtime::terminal_owner_loop(std::chrono::milliseconds)
  preview "\e7\e[38;25H\e[48;2;36;79;87m\e[38;2;203;213;225m               8.2K/s\xe2\x86\x93\e[38;74H\e[48;2;43;45;46m0\e8"
Stack trace (most recent call first):
#0  0x00005d1d4f374d47 in write_stdout_all at /home/mbrock/nxtui/build/../src-ng/nxt/rt/ui_runtime.hpp:40:23
#1  0x00005d1d4f4138da in std::__n4861::coroutine_handle<void>::resume() const at /usr/include/c++/15/coroutine:142:50
#2  0x00005d1d4f419574 in nxt::rt::deck::ready_item::resume_if_ready(nxt::rt::deck&) const at /home/mbrock/nxtui/build/../src-ng/nxt/rt/task.hpp:1901:18
#3  0x00005d1d4f415a82 in nxt::rt::deck::run_ready_with() at /home/mbrock/nxtui/build/../src-ng/nxt/rt/deck.hpp:200:33
#4  0x00005d1d4f4157d6 in nxt::rt::deck::run_ready() at /home/mbrock/nxtui/build/../src-ng/nxt/rt/deck.hpp:130:23
#5  0x00005d1d4f4abf2e in void nxt::rt::uring_wand::run_until_done<int>(nxt::rt::deck&, nxt::rt::task<int>&) at /home/mbrock/nxtui/build/../src-ng/nxt/rt/uring_wand.hpp:173:28
#6  0x00005d1d4f47fc31 in int nxt::rt::runtime::run<int>(nxt::rt::task<int>) at /home/mbrock/nxtui/build/../src-ng/nxt/rt/app.hpp:141:29
#7  0x00005d1d4f3873ee in main at /home/mbrock/nxtui/build/../src-ng/nxtai/nxtllm.cpp:1272:18
#8  0x000070ce23e2a600 in __libc_start_call_main at ./csu/../sysdeps/nptl/libc_start_call_main.h:59:16
#9  0x000070ce23e2a717 in __libc_start_main_impl at ./csu/../csu/libc-start.c:360:3
#10 0x00005d1d4f364f24 in _start at /home/mbrock/nxtui/build/nxtllm

stdout write #274 bytes 74
  at ../src-ng/nxt/rt/ui_runtime.hpp:434 in nxt::rt::task<void> nxt::rt::ui_runtime::terminal_owner_loop(std::chrono::milliseconds)
  preview "\e7\e[38;42H\e[48;2;36;79;87m\e[38;2;203;213;225m1\e[38;73H\e[48;2;43;45;46m68\e8"
Stack trace (most recent call first):
#0  0x00005d1d4f374d47 in write_stdout_all at /home/mbrock/nxtui/build/../src-ng/nxt/rt/ui_runtime.hpp:40:23
#1  0x00005d1d4f4138da in std::__n4861::coroutine_handle<void>::resume() const at /usr/include/c++/15/coroutine:142:50
#2  0x00005d1d4f419574 in nxt::rt::deck::ready_item::resume_if_ready(nxt::rt::deck&) const at /home/mbrock/nxtui/build/../src-ng/nxt/rt/task.hpp:1901:18
#3  0x00005d1d4f415a82 in nxt::rt::deck::run_ready_with() at /home/mbrock/nxtui/build/../src-ng/nxt/rt/deck.hpp:200:33
#4  0x00005d1d4f4157d6 in nxt::rt::deck::run_ready() at /home/mbrock/nxtui/build/../src-ng/nxt/rt/deck.hpp:130:23
#5  0x00005d1d4f4abf2e in void nxt::rt::uring_wand::run_until_done<int>(nxt::rt::deck&, nxt::rt::task<int>&) at /home/mbrock/nxtui/build/../src-ng/nxt/rt/uring_wand.hpp:173:28
#6  0x00005d1d4f47fc31 in int nxt::rt::runtime::run<int>(nxt::rt::task<int>) at /home/mbrock/nxtui/build/../src-ng/nxt/rt/app.hpp:141:29
#7  0x00005d1d4f3873ee in main at /home/mbrock/nxtui/build/../src-ng/nxtai/nxtllm.cpp:1272:18
#8  0x000070ce23e2a600 in __libc_start_call_main at ./csu/../sysdeps/nptl/libc_start_call_main.h:59:16
#9  0x000070ce23e2a717 in __libc_start_main_impl at ./csu/../csu/libc-start.c:360:3
#10 0x00005d1d4f364f24 in _start at /home/mbrock/nxtui/build/nxtllm

stdout write #275 bytes 49
  at ../src-ng/nxt/rt/ui_runtime.hpp:434 in nxt::rt::task<void> nxt::rt::ui_runtime::terminal_owner_loop(std::chrono::milliseconds)
  preview "\e7\e[37;50H\e[48;2;2;6;23m\e[38;2;203;213;225mthat\e8"
Stack trace (most recent call first):
#0  0x00005d1d4f374d47 in write_stdout_all at /home/mbrock/nxtui/build/../src-ng/nxt/rt/ui_runtime.hpp:40:23
#1  0x00005d1d4f4138da in std::__n4861::coroutine_handle<void>::resume() const at /usr/include/c++/15/coroutine:142:50
#2  0x00005d1d4f419574 in nxt::rt::deck::ready_item::resume_if_ready(nxt::rt::deck&) const at /home/mbrock/nxtui/build/../src-ng/nxt/rt/task.hpp:1901:18
#3  0x00005d1d4f415a82 in nxt::rt::deck::run_ready_with() at /home/mbrock/nxtui/build/../src-ng/nxt/rt/deck.hpp:200:33
#4  0x00005d1d4f4157d6 in nxt::rt::deck::run_ready() at /home/mbrock/nxtui/build/../src-ng/nxt/rt/deck.hpp:130:23
#5  0x00005d1d4f4abf2e in void nxt::rt::uring_wand::run_until_done<int>(nxt::rt::deck&, nxt::rt::task<int>&) at /home/mbrock/nxtui/build/../src-ng/nxt/rt/uring_wand.hpp:173:28
#6  0x00005d1d4f47fc31 in int nxt::rt::runtime::run<int>(nxt::rt::task<int>) at /home/mbrock/nxtui/build/../src-ng/nxt/rt/app.hpp:141:29
#7  0x00005d1d4f3873ee in main at /home/mbrock/nxtui/build/../src-ng/nxtai/nxtllm.cpp:1272:18
#8  0x000070ce23e2a600 in __libc_start_call_main at ./csu/../sysdeps/nptl/libc_start_call_main.h:59:16
#9  0x000070ce23e2a717 in __libc_start_main_impl at ./csu/../csu/libc-start.c:360:3
#10 0x00005d1d4f364f24 in _start at /home/mbrock/nxtui/build/nxtllm

stdout write #276 bytes 138
  at ../src-ng/nxt/rt/ui_runtime.hpp:434 in nxt::rt::task<void> nxt::rt::ui_runtime::terminal_owner_loop(std::chrono::milliseconds)
  preview "\e7\e[38;21H\e[48;2;2;6;23m\e[38;2;203;213;225m3\e[38;42H\e[48;2;36;79;87m3\e[38;74H\e[48;2;43;45;46m7\e[38;83H\e[48;2;2;6;23m\e[38;2;100;116;139m1\e8"
Stack trace (most recent call first):
#0  0x00005d1d4f374d47 in write_stdout_all at /home/mbrock/nxtui/build/../src-ng/nxt/rt/ui_runtime.hpp:40:23
#1  0x00005d1d4f4138da in std::__n4861::coroutine_handle<void>::resume() const at /usr/include/c++/15/coroutine:142:50
#2  0x00005d1d4f419574 in nxt::rt::deck::ready_item::resume_if_ready(nxt::rt::deck&) const at /home/mbrock/nxtui/build/../src-ng/nxt/rt/task.hpp:1901:18
#3  0x00005d1d4f415a82 in nxt::rt::deck::run_ready_with() at /home/mbrock/nxtui/build/../src-ng/nxt/rt/deck.hpp:200:33
#4  0x00005d1d4f4157d6 in nxt::rt::deck::run_ready() at /home/mbrock/nxtui/build/../src-ng/nxt/rt/deck.hpp:130:23
#5  0x00005d1d4f4abf2e in void nxt::rt::uring_wand::run_until_done<int>(nxt::rt::deck&, nxt::rt::task<int>&) at /home/mbrock/nxtui/build/../src-ng/nxt/rt/uring_wand.hpp:173:28
#6  0x00005d1d4f47fc31 in int nxt::rt::runtime::run<int>(nxt::rt::task<int>) at /home/mbrock/nxtui/build/../src-ng/nxt/rt/app.hpp:141:29
#7  0x00005d1d4f3873ee in main at /home/mbrock/nxtui/build/../src-ng/nxtai/nxtllm.cpp:1272:18
#8  0x000070ce23e2a600 in __libc_start_call_main at ./csu/../sysdeps/nptl/libc_start_call_main.h:59:16
#9  0x000070ce23e2a717 in __libc_start_main_impl at ./csu/../csu/libc-start.c:360:3
#10 0x00005d1d4f364f24 in _start at /home/mbrock/nxtui/build/nxtllm

stdout write #277 bytes 73
  at ../src-ng/nxt/rt/ui_runtime.hpp:434 in nxt::rt::task<void> nxt::rt::ui_runtime::terminal_owner_loop(std::chrono::milliseconds)
  preview "\e7\e[38;42H\e[48;2;36;79;87m\e[38;2;203;213;225m1\e[38;74H\e[48;2;43;45;46m6\e8"
Stack trace (most recent call first):
#0  0x00005d1d4f374d47 in write_stdout_all at /home/mbrock/nxtui/build/../src-ng/nxt/rt/ui_runtime.hpp:40:23
#1  0x00005d1d4f4138da in std::__n4861::coroutine_handle<void>::resume() const at /usr/include/c++/15/coroutine:142:50
#2  0x00005d1d4f419574 in nxt::rt::deck::ready_item::resume_if_ready(nxt::rt::deck&) const at /home/mbrock/nxtui/build/../src-ng/nxt/rt/task.hpp:1901:18
#3  0x00005d1d4f415a82 in nxt::rt::deck::run_ready_with() at /home/mbrock/nxtui/build/../src-ng/nxt/rt/deck.hpp:200:33
#4  0x00005d1d4f4157d6 in nxt::rt::deck::run_ready() at /home/mbrock/nxtui/build/../src-ng/nxt/rt/deck.hpp:130:23
#5  0x00005d1d4f4abf2e in void nxt::rt::uring_wand::run_until_done<int>(nxt::rt::deck&, nxt::rt::task<int>&) at /home/mbrock/nxtui/build/../src-ng/nxt/rt/uring_wand.hpp:173:28
#6  0x00005d1d4f47fc31 in int nxt::rt::runtime::run<int>(nxt::rt::task<int>) at /home/mbrock/nxtui/build/../src-ng/nxt/rt/app.hpp:141:29
#7  0x00005d1d4f3873ee in main at /home/mbrock/nxtui/build/../src-ng/nxtai/nxtllm.cpp:1272:18
#8  0x000070ce23e2a600 in __libc_start_call_main at ./csu/../sysdeps/nptl/libc_start_call_main.h:59:16
#9  0x000070ce23e2a717 in __libc_start_main_impl at ./csu/../csu/libc-start.c:360:3
#10 0x00005d1d4f364f24 in _start at /home/mbrock/nxtui/build/nxtllm

stdout write #278 bytes 53
  at ../src-ng/nxt/rt/ui_runtime.hpp:434 in nxt::rt::task<void> nxt::rt::ui_runtime::terminal_owner_loop(std::chrono::milliseconds)
  preview "\e7\e[37;55H\e[48;2;2;6;23m\e[38;2;203;213;225mincludes\e8"
Stack trace (most recent call first):
#0  0x00005d1d4f374d47 in write_stdout_all at /home/mbrock/nxtui/build/../src-ng/nxt/rt/ui_runtime.hpp:40:23
#1  0x00005d1d4f4138da in std::__n4861::coroutine_handle<void>::resume() const at /usr/include/c++/15/coroutine:142:50
#2  0x00005d1d4f419574 in nxt::rt::deck::ready_item::resume_if_ready(nxt::rt::deck&) const at /home/mbrock/nxtui/build/../src-ng/nxt/rt/task.hpp:1901:18
#3  0x00005d1d4f415a82 in nxt::rt::deck::run_ready_with() at /home/mbrock/nxtui/build/../src-ng/nxt/rt/deck.hpp:200:33
#4  0x00005d1d4f4157d6 in nxt::rt::deck::run_ready() at /home/mbrock/nxtui/build/../src-ng/nxt/rt/deck.hpp:130:23
#5  0x00005d1d4f4abf2e in void nxt::rt::uring_wand::run_until_done<int>(nxt::rt::deck&, nxt::rt::task<int>&) at /home/mbrock/nxtui/build/../src-ng/nxt/rt/uring_wand.hpp:173:28
#6  0x00005d1d4f47fc31 in int nxt::rt::runtime::run<int>(nxt::rt::task<int>) at /home/mbrock/nxtui/build/../src-ng/nxt/rt/app.hpp:141:29
#7  0x00005d1d4f3873ee in main at /home/mbrock/nxtui/build/../src-ng/nxtai/nxtllm.cpp:1272:18
#8  0x000070ce23e2a600 in __libc_start_call_main at ./csu/../sysdeps/nptl/libc_start_call_main.h:59:16
#9  0x000070ce23e2a717 in __libc_start_main_impl at ./csu/../csu/libc-start.c:360:3
#10 0x00005d1d4f364f24 in _start at /home/mbrock/nxtui/build/nxtllm

stdout write #279 bytes 138
  at ../src-ng/nxt/rt/ui_runtime.hpp:434 in nxt::rt::task<void> nxt::rt::ui_runtime::terminal_owner_loop(std::chrono::milliseconds)
  preview "\e7\e[38;25H\e[48;2;36;80;87m\e[38;2;203;213;225m               8.3K/s\xe2\x86\x93\e[38;74H\e[48;2;43;45;46m5\e[38;83H\e[48;2;2;6;23m\e[38;2;100;116;139m2\e8"
Stack trace (most recent call first):
#0  0x00005d1d4f374d47 in write_stdout_all at /home/mbrock/nxtui/build/../src-ng/nxt/rt/ui_runtime.hpp:40:23
#1  0x00005d1d4f4138da in std::__n4861::coroutine_handle<void>::resume() const at /usr/include/c++/15/coroutine:142:50
#2  0x00005d1d4f419574 in nxt::rt::deck::ready_item::resume_if_ready(nxt::rt::deck&) const at /home/mbrock/nxtui/build/../src-ng/nxt/rt/task.hpp:1901:18
#3  0x00005d1d4f415a82 in nxt::rt::deck::run_ready_with() at /home/mbrock/nxtui/build/../src-ng/nxt/rt/deck.hpp:200:33
#4  0x00005d1d4f4157d6 in nxt::rt::deck::run_ready() at /home/mbrock/nxtui/build/../src-ng/nxt/rt/deck.hpp:130:23
#5  0x00005d1d4f4abf2e in void nxt::rt::uring_wand::run_until_done<int>(nxt::rt::deck&, nxt::rt::task<int>&) at /home/mbrock/nxtui/build/../src-ng/nxt/rt/uring_wand.hpp:173:28
#6  0x00005d1d4f47fc31 in int nxt::rt::runtime::run<int>(nxt::rt::task<int>) at /home/mbrock/nxtui/build/../src-ng/nxt/rt/app.hpp:141:29
#7  0x00005d1d4f3873ee in main at /home/mbrock/nxtui/build/../src-ng/nxtai/nxtllm.cpp:1272:18
#8  0x000070ce23e2a600 in __libc_start_call_main at ./csu/../sysdeps/nptl/libc_start_call_main.h:59:16
#9  0x000070ce23e2a717 in __libc_start_main_impl at ./csu/../csu/libc-start.c:360:3
#10 0x00005d1d4f364f24 in _start at /home/mbrock/nxtui/build/nxtllm

stdout write #280 bytes 96
  at ../src-ng/nxt/rt/ui_runtime.hpp:434 in nxt::rt::task<void> nxt::rt::ui_runtime::terminal_owner_loop(std::chrono::milliseconds)
  preview "\e7\e[38;25H\e[48;2;36;79;87m\e[38;2;203;213;225m               8.2K/s\xe2\x86\x93\e[38;74H\e[48;2;43;45;46m4\e8"
Stack trace (most recent call first):
#0  0x00005d1d4f374d47 in write_stdout_all at /home/mbrock/nxtui/build/../src-ng/nxt/rt/ui_runtime.hpp:40:23
#1  0x00005d1d4f4138da in std::__n4861::coroutine_handle<void>::resume() const at /usr/include/c++/15/coroutine:142:50
#2  0x00005d1d4f419574 in nxt::rt::deck::ready_item::resume_if_ready(nxt::rt::deck&) const at /home/mbrock/nxtui/build/../src-ng/nxt/rt/task.hpp:1901:18
#3  0x00005d1d4f415a82 in nxt::rt::deck::run_ready_with() at /home/mbrock/nxtui/build/../src-ng/nxt/rt/deck.hpp:200:33
#4  0x00005d1d4f4157d6 in nxt::rt::deck::run_ready() at /home/mbrock/nxtui/build/../src-ng/nxt/rt/deck.hpp:130:23
#5  0x00005d1d4f4abf2e in void nxt::rt::uring_wand::run_until_done<int>(nxt::rt::deck&, nxt::rt::task<int>&) at /home/mbrock/nxtui/build/../src-ng/nxt/rt/uring_wand.hpp:173:28
#6  0x00005d1d4f47fc31 in int nxt::rt::runtime::run<int>(nxt::rt::task<int>) at /home/mbrock/nxtui/build/../src-ng/nxt/rt/app.hpp:141:29
#7  0x00005d1d4f3873ee in main at /home/mbrock/nxtui/build/../src-ng/nxtai/nxtllm.cpp:1272:18
#8  0x000070ce23e2a600 in __libc_start_call_main at ./csu/../sysdeps/nptl/libc_start_call_main.h:59:16
#9  0x000070ce23e2a717 in __libc_start_main_impl at ./csu/../csu/libc-start.c:360:3
#10 0x00005d1d4f364f24 in _start at /home/mbrock/nxtui/build/nxtllm

stdout write #281 bytes 96
  at ../src-ng/nxt/rt/ui_runtime.hpp:434 in nxt::rt::task<void> nxt::rt::ui_runtime::terminal_owner_loop(std::chrono::milliseconds)
  preview "\e7\e[38;25H\e[48;2;35;79;87m\e[38;2;203;213;225m               8.0K/s\xe2\x86\x93\e[38;74H\e[48;2;43;45;46m3\e8"
Stack trace (most recent call first):
#0  0x00005d1d4f374d47 in write_stdout_all at /home/mbrock/nxtui/build/../src-ng/nxt/rt/ui_runtime.hpp:40:23
#1  0x00005d1d4f4138da in std::__n4861::coroutine_handle<void>::resume() const at /usr/include/c++/15/coroutine:142:50
#2  0x00005d1d4f419574 in nxt::rt::deck::ready_item::resume_if_ready(nxt::rt::deck&) const at /home/mbrock/nxtui/build/../src-ng/nxt/rt/task.hpp:1901:18
#3  0x00005d1d4f415a82 in nxt::rt::deck::run_ready_with() at /home/mbrock/nxtui/build/../src-ng/nxt/rt/deck.hpp:200:33
#4  0x00005d1d4f4157d6 in nxt::rt::deck::run_ready() at /home/mbrock/nxtui/build/../src-ng/nxt/rt/deck.hpp:130:23
#5  0x00005d1d4f4abf2e in void nxt::rt::uring_wand::run_until_done<int>(nxt::rt::deck&, nxt::rt::task<int>&) at /home/mbrock/nxtui/build/../src-ng/nxt/rt/uring_wand.hpp:173:28
#6  0x00005d1d4f47fc31 in int nxt::rt::runtime::run<int>(nxt::rt::task<int>) at /home/mbrock/nxtui/build/../src-ng/nxt/rt/app.hpp:141:29
#7  0x00005d1d4f3873ee in main at /home/mbrock/nxtui/build/../src-ng/nxtai/nxtllm.cpp:1272:18
#8  0x000070ce23e2a600 in __libc_start_call_main at ./csu/../sysdeps/nptl/libc_start_call_main.h:59:16
#9  0x000070ce23e2a717 in __libc_start_main_impl at ./csu/../csu/libc-start.c:360:3
#10 0x00005d1d4f364f24 in _start at /home/mbrock/nxtui/build/nxtllm

stdout write #282 bytes 50
  at ../src-ng/nxt/rt/ui_runtime.hpp:434 in nxt::rt::task<void> nxt::rt::ui_runtime::terminal_owner_loop(std::chrono::milliseconds)
  preview "\e7\e[37;64H\e[48;2;2;6;23m\e[38;2;203;213;225msleep\e8"
Stack trace (most recent call first):
#0  0x00005d1d4f374d47 in write_stdout_all at /home/mbrock/nxtui/build/../src-ng/nxt/rt/ui_runtime.hpp:40:23
#1  0x00005d1d4f4138da in std::__n4861::coroutine_handle<void>::resume() const at /usr/include/c++/15/coroutine:142:50
#2  0x00005d1d4f419574 in nxt::rt::deck::ready_item::resume_if_ready(nxt::rt::deck&) const at /home/mbrock/nxtui/build/../src-ng/nxt/rt/task.hpp:1901:18
#3  0x00005d1d4f415a82 in nxt::rt::deck::run_ready_with() at /home/mbrock/nxtui/build/../src-ng/nxt/rt/deck.hpp:200:33
#4  0x00005d1d4f4157d6 in nxt::rt::deck::run_ready() at /home/mbrock/nxtui/build/../src-ng/nxt/rt/deck.hpp:130:23
#5  0x00005d1d4f4abf2e in void nxt::rt::uring_wand::run_until_done<int>(nxt::rt::deck&, nxt::rt::task<int>&) at /home/mbrock/nxtui/build/../src-ng/nxt/rt/uring_wand.hpp:173:28
#6  0x00005d1d4f47fc31 in int nxt::rt::runtime::run<int>(nxt::rt::task<int>) at /home/mbrock/nxtui/build/../src-ng/nxt/rt/app.hpp:141:29
#7  0x00005d1d4f3873ee in main at /home/mbrock/nxtui/build/../src-ng/nxtai/nxtllm.cpp:1272:18
#8  0x000070ce23e2a600 in __libc_start_call_main at ./csu/../sysdeps/nptl/libc_start_call_main.h:59:16
#9  0x000070ce23e2a717 in __libc_start_main_impl at ./csu/../csu/libc-start.c:360:3
#10 0x00005d1d4f364f24 in _start at /home/mbrock/nxtui/build/nxtllm

stdout write #283 bytes 138
  at ../src-ng/nxt/rt/ui_runtime.hpp:434 in nxt::rt::task<void> nxt::rt::ui_runtime::terminal_owner_loop(std::chrono::milliseconds)
  preview "\e7\e[38;25H\e[48;2;36;79;87m\e[38;2;203;213;225m               8.2K/s\xe2\x86\x93\e[38;74H\e[48;2;43;45;46m2\e[38;83H\e[48;2;2;6;23m\e[38;2;100;116;139m3\e8"
Stack trace (most recent call first):
#0  0x00005d1d4f374d47 in write_stdout_all at /home/mbrock/nxtui/build/../src-ng/nxt/rt/ui_runtime.hpp:40:23
#1  0x00005d1d4f4138da in std::__n4861::coroutine_handle<void>::resume() const at /usr/include/c++/15/coroutine:142:50
#2  0x00005d1d4f419574 in nxt::rt::deck::ready_item::resume_if_ready(nxt::rt::deck&) const at /home/mbrock/nxtui/build/../src-ng/nxt/rt/task.hpp:1901:18
#3  0x00005d1d4f415a82 in nxt::rt::deck::run_ready_with() at /home/mbrock/nxtui/build/../src-ng/nxt/rt/deck.hpp:200:33
#4  0x00005d1d4f4157d6 in nxt::rt::deck::run_ready() at /home/mbrock/nxtui/build/../src-ng/nxt/rt/deck.hpp:130:23
#5  0x00005d1d4f4abf2e in void nxt::rt::uring_wand::run_until_done<int>(nxt::rt::deck&, nxt::rt::task<int>&) at /home/mbrock/nxtui/build/../src-ng/nxt/rt/uring_wand.hpp:173:28
#6  0x00005d1d4f47fc31 in int nxt::rt::runtime::run<int>(nxt::rt::task<int>) at /home/mbrock/nxtui/build/../src-ng/nxt/rt/app.hpp:141:29
#7  0x00005d1d4f3873ee in main at /home/mbrock/nxtui/build/../src-ng/nxtai/nxtllm.cpp:1272:18
#8  0x000070ce23e2a600 in __libc_start_call_main at ./csu/../sysdeps/nptl/libc_start_call_main.h:59:16
#9  0x000070ce23e2a717 in __libc_start_main_impl at ./csu/../csu/libc-start.c:360:3
#10 0x00005d1d4f364f24 in _start at /home/mbrock/nxtui/build/nxtllm

stdout write #284 bytes 73
  at ../src-ng/nxt/rt/ui_runtime.hpp:434 in nxt::rt::task<void> nxt::rt::ui_runtime::terminal_owner_loop(std::chrono::milliseconds)
  preview "\e7\e[38;42H\e[48;2;36;79;87m\e[38;2;203;213;225m1\e[38;74H\e[48;2;43;45;46m1\e8"
Stack trace (most recent call first):
#0  0x00005d1d4f374d47 in write_stdout_all at /home/mbrock/nxtui/build/../src-ng/nxt/rt/ui_runtime.hpp:40:23
#1  0x00005d1d4f4138da in std::__n4861::coroutine_handle<void>::resume() const at /usr/include/c++/15/coroutine:142:50
#2  0x00005d1d4f419574 in nxt::rt::deck::ready_item::resume_if_ready(nxt::rt::deck&) const at /home/mbrock/nxtui/build/../src-ng/nxt/rt/task.hpp:1901:18
#3  0x00005d1d4f415a82 in nxt::rt::deck::run_ready_with() at /home/mbrock/nxtui/build/../src-ng/nxt/rt/deck.hpp:200:33
#4  0x00005d1d4f4157d6 in nxt::rt::deck::run_ready() at /home/mbrock/nxtui/build/../src-ng/nxt/rt/deck.hpp:130:23
#5  0x00005d1d4f4abf2e in void nxt::rt::uring_wand::run_until_done<int>(nxt::rt::deck&, nxt::rt::task<int>&) at /home/mbrock/nxtui/build/../src-ng/nxt/rt/uring_wand.hpp:173:28
#6  0x00005d1d4f47fc31 in int nxt::rt::runtime::run<int>(nxt::rt::task<int>) at /home/mbrock/nxtui/build/../src-ng/nxt/rt/app.hpp:141:29
#7  0x00005d1d4f3873ee in main at /home/mbrock/nxtui/build/../src-ng/nxtai/nxtllm.cpp:1272:18
#8  0x000070ce23e2a600 in __libc_start_call_main at ./csu/../sysdeps/nptl/libc_start_call_main.h:59:16
#9  0x000070ce23e2a717 in __libc_start_main_impl at ./csu/../csu/libc-start.c:360:3
#10 0x00005d1d4f364f24 in _start at /home/mbrock/nxtui/build/nxtllm

stdout write #285 bytes 96
  at ../src-ng/nxt/rt/ui_runtime.hpp:434 in nxt::rt::task<void> nxt::rt::ui_runtime::terminal_owner_loop(std::chrono::milliseconds)
  preview "\e7\e[38;25H\e[48;2;35;78;86m\e[38;2;203;213;225m               7.9K/s\xe2\x86\x93\e[38;74H\e[48;2;43;45;46m0\e8"
Stack trace (most recent call first):
#0  0x00005d1d4f374d47 in write_stdout_all at /home/mbrock/nxtui/build/../src-ng/nxt/rt/ui_runtime.hpp:40:23
#1  0x00005d1d4f4138da in std::__n4861::coroutine_handle<void>::resume() const at /usr/include/c++/15/coroutine:142:50
#2  0x00005d1d4f419574 in nxt::rt::deck::ready_item::resume_if_ready(nxt::rt::deck&) const at /home/mbrock/nxtui/build/../src-ng/nxt/rt/task.hpp:1901:18
#3  0x00005d1d4f415a82 in nxt::rt::deck::run_ready_with() at /home/mbrock/nxtui/build/../src-ng/nxt/rt/deck.hpp:200:33
#4  0x00005d1d4f4157d6 in nxt::rt::deck::run_ready() at /home/mbrock/nxtui/build/../src-ng/nxt/rt/deck.hpp:130:23
#5  0x00005d1d4f4abf2e in void nxt::rt::uring_wand::run_until_done<int>(nxt::rt::deck&, nxt::rt::task<int>&) at /home/mbrock/nxtui/build/../src-ng/nxt/rt/uring_wand.hpp:173:28
#6  0x00005d1d4f47fc31 in int nxt::rt::runtime::run<int>(nxt::rt::task<int>) at /home/mbrock/nxtui/build/../src-ng/nxt/rt/app.hpp:141:29
#7  0x00005d1d4f3873ee in main at /home/mbrock/nxtui/build/../src-ng/nxtai/nxtllm.cpp:1272:18
#8  0x000070ce23e2a600 in __libc_start_call_main at ./csu/../sysdeps/nptl/libc_start_call_main.h:59:16
#9  0x000070ce23e2a717 in __libc_start_main_impl at ./csu/../csu/libc-start.c:360:3
#10 0x00005d1d4f364f24 in _start at /home/mbrock/nxtui/build/nxtllm

stdout write #286 bytes 48
  at ../src-ng/nxt/rt/ui_runtime.hpp:434 in nxt::rt::task<void> nxt::rt::ui_runtime::terminal_owner_loop(std::chrono::milliseconds)
  preview "\e7\e[37;70H\e[48;2;2;6;23m\e[38;2;203;213;225mand\e8"
Stack trace (most recent call first):
#0  0x00005d1d4f374d47 in write_stdout_all at /home/mbrock/nxtui/build/../src-ng/nxt/rt/ui_runtime.hpp:40:23
#1  0x00005d1d4f4138da in std::__n4861::coroutine_handle<void>::resume() const at /usr/include/c++/15/coroutine:142:50
#2  0x00005d1d4f419574 in nxt::rt::deck::ready_item::resume_if_ready(nxt::rt::deck&) const at /home/mbrock/nxtui/build/../src-ng/nxt/rt/task.hpp:1901:18
#3  0x00005d1d4f415a82 in nxt::rt::deck::run_ready_with() at /home/mbrock/nxtui/build/../src-ng/nxt/rt/deck.hpp:200:33
#4  0x00005d1d4f4157d6 in nxt::rt::deck::run_ready() at /home/mbrock/nxtui/build/../src-ng/nxt/rt/deck.hpp:130:23
#5  0x00005d1d4f4abf2e in void nxt::rt::uring_wand::run_until_done<int>(nxt::rt::deck&, nxt::rt::task<int>&) at /home/mbrock/nxtui/build/../src-ng/nxt/rt/uring_wand.hpp:173:28
#6  0x00005d1d4f47fc31 in int nxt::rt::runtime::run<int>(nxt::rt::task<int>) at /home/mbrock/nxtui/build/../src-ng/nxt/rt/app.hpp:141:29
#7  0x00005d1d4f3873ee in main at /home/mbrock/nxtui/build/../src-ng/nxtai/nxtllm.cpp:1272:18
#8  0x000070ce23e2a600 in __libc_start_call_main at ./csu/../sysdeps/nptl/libc_start_call_main.h:59:16
#9  0x000070ce23e2a717 in __libc_start_main_impl at ./csu/../csu/libc-start.c:360:3
#10 0x00005d1d4f364f24 in _start at /home/mbrock/nxtui/build/nxtllm

stdout write #287 bytes 139
  at ../src-ng/nxt/rt/ui_runtime.hpp:434 in nxt::rt::task<void> nxt::rt::ui_runtime::terminal_owner_loop(std::chrono::milliseconds)
  preview "\e7\e[38;25H\e[48;2;36;79;87m\e[38;2;203;213;225m               8.1K/s\xe2\x86\x93\e[38;73H\e[48;2;43;45;46m59\e[38;83H\e[48;2;2;6;23m\e[38;2;100;116;139m4\e8"
Stack trace (most recent call first):
#0  0x00005d1d4f374d47 in write_stdout_all at /home/mbrock/nxtui/build/../src-ng/nxt/rt/ui_runtime.hpp:40:23
#1  0x00005d1d4f4138da in std::__n4861::coroutine_handle<void>::resume() const at /usr/include/c++/15/coroutine:142:50
#2  0x00005d1d4f419574 in nxt::rt::deck::ready_item::resume_if_ready(nxt::rt::deck&) const at /home/mbrock/nxtui/build/../src-ng/nxt/rt/task.hpp:1901:18
#3  0x00005d1d4f415a82 in nxt::rt::deck::run_ready_with() at /home/mbrock/nxtui/build/../src-ng/nxt/rt/deck.hpp:200:33
#4  0x00005d1d4f4157d6 in nxt::rt::deck::run_ready() at /home/mbrock/nxtui/build/../src-ng/nxt/rt/deck.hpp:130:23
#5  0x00005d1d4f4abf2e in void nxt::rt::uring_wand::run_until_done<int>(nxt::rt::deck&, nxt::rt::task<int>&) at /home/mbrock/nxtui/build/../src-ng/nxt/rt/uring_wand.hpp:173:28
#6  0x00005d1d4f47fc31 in int nxt::rt::runtime::run<int>(nxt::rt::task<int>) at /home/mbrock/nxtui/build/../src-ng/nxt/rt/app.hpp:141:29
#7  0x00005d1d4f3873ee in main at /home/mbrock/nxtui/build/../src-ng/nxtai/nxtllm.cpp:1272:18
#8  0x000070ce23e2a600 in __libc_start_call_main at ./csu/../sysdeps/nptl/libc_start_call_main.h:59:16
#9  0x000070ce23e2a717 in __libc_start_main_impl at ./csu/../csu/libc-start.c:360:3
#10 0x00005d1d4f364f24 in _start at /home/mbrock/nxtui/build/nxtllm

stdout write #288 bytes 96
  at ../src-ng/nxt/rt/ui_runtime.hpp:434 in nxt::rt::task<void> nxt::rt::ui_runtime::terminal_owner_loop(std::chrono::milliseconds)
  preview "\e7\e[38;25H\e[48;2;35;78;87m\e[38;2;203;213;225m               8.0K/s\xe2\x86\x93\e[38;74H\e[48;2;43;45;46m8\e8"
Stack trace (most recent call first):
#0  0x00005d1d4f374d47 in write_stdout_all at /home/mbrock/nxtui/build/../src-ng/nxt/rt/ui_runtime.hpp:40:23
#1  0x00005d1d4f4138da in std::__n4861::coroutine_handle<void>::resume() const at /usr/include/c++/15/coroutine:142:50
#2  0x00005d1d4f419574 in nxt::rt::deck::ready_item::resume_if_ready(nxt::rt::deck&) const at /home/mbrock/nxtui/build/../src-ng/nxt/rt/task.hpp:1901:18
#3  0x00005d1d4f415a82 in nxt::rt::deck::run_ready_with() at /home/mbrock/nxtui/build/../src-ng/nxt/rt/deck.hpp:200:33
#4  0x00005d1d4f4157d6 in nxt::rt::deck::run_ready() at /home/mbrock/nxtui/build/../src-ng/nxt/rt/deck.hpp:130:23
#5  0x00005d1d4f4abf2e in void nxt::rt::uring_wand::run_until_done<int>(nxt::rt::deck&, nxt::rt::task<int>&) at /home/mbrock/nxtui/build/../src-ng/nxt/rt/uring_wand.hpp:173:28
#6  0x00005d1d4f47fc31 in int nxt::rt::runtime::run<int>(nxt::rt::task<int>) at /home/mbrock/nxtui/build/../src-ng/nxt/rt/app.hpp:141:29
#7  0x00005d1d4f3873ee in main at /home/mbrock/nxtui/build/../src-ng/nxtai/nxtllm.cpp:1272:18
#8  0x000070ce23e2a600 in __libc_start_call_main at ./csu/../sysdeps/nptl/libc_start_call_main.h:59:16
#9  0x000070ce23e2a717 in __libc_start_main_impl at ./csu/../csu/libc-start.c:360:3
#10 0x00005d1d4f364f24 in _start at /home/mbrock/nxtui/build/nxtllm

stdout write #289 bytes 49
  at ../src-ng/nxt/rt/ui_runtime.hpp:434 in nxt::rt::task<void> nxt::rt::ui_runtime::terminal_owner_loop(std::chrono::milliseconds)
  preview "\e7\e[37;74H\e[48;2;2;6;23m\e[38;2;203;213;225mecho\e8"
Stack trace (most recent call first):
#0  0x00005d1d4f374d47 in write_stdout_all at /home/mbrock/nxtui/build/../src-ng/nxt/rt/ui_runtime.hpp:40:23
#1  0x00005d1d4f4138da in std::__n4861::coroutine_handle<void>::resume() const at /usr/include/c++/15/coroutine:142:50
#2  0x00005d1d4f419574 in nxt::rt::deck::ready_item::resume_if_ready(nxt::rt::deck&) const at /home/mbrock/nxtui/build/../src-ng/nxt/rt/task.hpp:1901:18
#3  0x00005d1d4f415a82 in nxt::rt::deck::run_ready_with() at /home/mbrock/nxtui/build/../src-ng/nxt/rt/deck.hpp:200:33
#4  0x00005d1d4f4157d6 in nxt::rt::deck::run_ready() at /home/mbrock/nxtui/build/../src-ng/nxt/rt/deck.hpp:130:23
#5  0x00005d1d4f4abf2e in void nxt::rt::uring_wand::run_until_done<int>(nxt::rt::deck&, nxt::rt::task<int>&) at /home/mbrock/nxtui/build/../src-ng/nxt/rt/uring_wand.hpp:173:28
#6  0x00005d1d4f47fc31 in int nxt::rt::runtime::run<int>(nxt::rt::task<int>) at /home/mbrock/nxtui/build/../src-ng/nxt/rt/app.hpp:141:29
#7  0x00005d1d4f3873ee in main at /home/mbrock/nxtui/build/../src-ng/nxtai/nxtllm.cpp:1272:18
#8  0x000070ce23e2a600 in __libc_start_call_main at ./csu/../sysdeps/nptl/libc_start_call_main.h:59:16
#9  0x000070ce23e2a717 in __libc_start_main_impl at ./csu/../csu/libc-start.c:360:3
#10 0x00005d1d4f364f24 in _start at /home/mbrock/nxtui/build/nxtllm

stdout write #290 bytes 161
  at ../src-ng/nxt/rt/ui_runtime.hpp:434 in nxt::rt::task<void> nxt::rt::ui_runtime::terminal_owner_loop(std::chrono::milliseconds)
  preview "\e7\e[38;21H\e[48;2;2;6;23m\e[38;2;203;213;225m4\e[38;25H\e[48;2;36;79;87m               8.1K/s\xe2\x86\x93\e[38;74H\e[48;2;43;45;46m7\e[38;83H\e[48;2;2;6;23m\e[38;2;100;116;139m5\e8"
Stack trace (most recent call first):
#0  0x00005d1d4f374d47 in write_stdout_all at /home/mbrock/nxtui/build/../src-ng/nxt/rt/ui_runtime.hpp:40:23
#1  0x00005d1d4f4138da in std::__n4861::coroutine_handle<void>::resume() const at /usr/include/c++/15/coroutine:142:50
#2  0x00005d1d4f419574 in nxt::rt::deck::ready_item::resume_if_ready(nxt::rt::deck&) const at /home/mbrock/nxtui/build/../src-ng/nxt/rt/task.hpp:1901:18
#3  0x00005d1d4f415a82 in nxt::rt::deck::run_ready_with() at /home/mbrock/nxtui/build/../src-ng/nxt/rt/deck.hpp:200:33
#4  0x00005d1d4f4157d6 in nxt::rt::deck::run_ready() at /home/mbrock/nxtui/build/../src-ng/nxt/rt/deck.hpp:130:23
#5  0x00005d1d4f4abf2e in void nxt::rt::uring_wand::run_until_done<int>(nxt::rt::deck&, nxt::rt::task<int>&) at /home/mbrock/nxtui/build/../src-ng/nxt/rt/uring_wand.hpp:173:28
#6  0x00005d1d4f47fc31 in int nxt::rt::runtime::run<int>(nxt::rt::task<int>) at /home/mbrock/nxtui/build/../src-ng/nxt/rt/app.hpp:141:29
#7  0x00005d1d4f3873ee in main at /home/mbrock/nxtui/build/../src-ng/nxtai/nxtllm.cpp:1272:18
#8  0x000070ce23e2a600 in __libc_start_call_main at ./csu/../sysdeps/nptl/libc_start_call_main.h:59:16
#9  0x000070ce23e2a717 in __libc_start_main_impl at ./csu/../csu/libc-start.c:360:3
#10 0x00005d1d4f364f24 in _start at /home/mbrock/nxtui/build/nxtllm

stdout write #291 bytes 96
  at ../src-ng/nxt/rt/ui_runtime.hpp:434 in nxt::rt::task<void> nxt::rt::ui_runtime::terminal_owner_loop(std::chrono::milliseconds)
  preview "\e7\e[38;25H\e[48;2;35;78;87m\e[38;2;203;213;225m               8.0K/s\xe2\x86\x93\e[38;74H\e[48;2;43;45;46m6\e8"
Stack trace (most recent call first):
#0  0x00005d1d4f374d47 in write_stdout_all at /home/mbrock/nxtui/build/../src-ng/nxt/rt/ui_runtime.hpp:40:23
#1  0x00005d1d4f4138da in std::__n4861::coroutine_handle<void>::resume() const at /usr/include/c++/15/coroutine:142:50
#2  0x00005d1d4f419574 in nxt::rt::deck::ready_item::resume_if_ready(nxt::rt::deck&) const at /home/mbrock/nxtui/build/../src-ng/nxt/rt/task.hpp:1901:18
#3  0x00005d1d4f415a82 in nxt::rt::deck::run_ready_with() at /home/mbrock/nxtui/build/../src-ng/nxt/rt/deck.hpp:200:33
#4  0x00005d1d4f4157d6 in nxt::rt::deck::run_ready() at /home/mbrock/nxtui/build/../src-ng/nxt/rt/deck.hpp:130:23
#5  0x00005d1d4f4abf2e in void nxt::rt::uring_wand::run_until_done<int>(nxt::rt::deck&, nxt::rt::task<int>&) at /home/mbrock/nxtui/build/../src-ng/nxt/rt/uring_wand.hpp:173:28
#6  0x00005d1d4f47fc31 in int nxt::rt::runtime::run<int>(nxt::rt::task<int>) at /home/mbrock/nxtui/build/../src-ng/nxt/rt/app.hpp:141:29
#7  0x00005d1d4f3873ee in main at /home/mbrock/nxtui/build/../src-ng/nxtai/nxtllm.cpp:1272:18
#8  0x000070ce23e2a600 in __libc_start_call_main at ./csu/../sysdeps/nptl/libc_start_call_main.h:59:16
#9  0x000070ce23e2a717 in __libc_start_main_impl at ./csu/../csu/libc-start.c:360:3
#10 0x00005d1d4f364f24 in _start at /home/mbrock/nxtui/build/nxtllm

stdout write #292 bytes 46
  at ../src-ng/nxt/rt/ui_runtime.hpp:434 in nxt::rt::task<void> nxt::rt::ui_runtime::terminal_owner_loop(std::chrono::milliseconds)
  preview "\e7\e[37;78H\e[48;2;2;6;23m\e[38;2;203;213;225m.\e8"
Stack trace (most recent call first):
#0  0x00005d1d4f374d47 in write_stdout_all at /home/mbrock/nxtui/build/../src-ng/nxt/rt/ui_runtime.hpp:40:23
#1  0x00005d1d4f4138da in std::__n4861::coroutine_handle<void>::resume() const at /usr/include/c++/15/coroutine:142:50
#2  0x00005d1d4f419574 in nxt::rt::deck::ready_item::resume_if_ready(nxt::rt::deck&) const at /home/mbrock/nxtui/build/../src-ng/nxt/rt/task.hpp:1901:18
#3  0x00005d1d4f415a82 in nxt::rt::deck::run_ready_with() at /home/mbrock/nxtui/build/../src-ng/nxt/rt/deck.hpp:200:33
#4  0x00005d1d4f4157d6 in nxt::rt::deck::run_ready() at /home/mbrock/nxtui/build/../src-ng/nxt/rt/deck.hpp:130:23
#5  0x00005d1d4f4abf2e in void nxt::rt::uring_wand::run_until_done<int>(nxt::rt::deck&, nxt::rt::task<int>&) at /home/mbrock/nxtui/build/../src-ng/nxt/rt/uring_wand.hpp:173:28
#6  0x00005d1d4f47fc31 in int nxt::rt::runtime::run<int>(nxt::rt::task<int>) at /home/mbrock/nxtui/build/../src-ng/nxt/rt/app.hpp:141:29
#7  0x00005d1d4f3873ee in main at /home/mbrock/nxtui/build/../src-ng/nxtai/nxtllm.cpp:1272:18
#8  0x000070ce23e2a600 in __libc_start_call_main at ./csu/../sysdeps/nptl/libc_start_call_main.h:59:16
#9  0x000070ce23e2a717 in __libc_start_main_impl at ./csu/../csu/libc-start.c:360:3
#10 0x00005d1d4f364f24 in _start at /home/mbrock/nxtui/build/nxtllm

stdout write #293 bytes 138
  at ../src-ng/nxt/rt/ui_runtime.hpp:434 in nxt::rt::task<void> nxt::rt::ui_runtime::terminal_owner_loop(std::chrono::milliseconds)
  preview "\e7\e[38;25H\e[48;2;36;79;87m\e[38;2;203;213;225m               8.2K/s\xe2\x86\x93\e[38;74H\e[48;2;43;45;46m5\e[38;83H\e[48;2;2;6;23m\e[38;2;100;116;139m6\e8"
Stack trace (most recent call first):
#0  0x00005d1d4f374d47 in write_stdout_all at /home/mbrock/nxtui/build/../src-ng/nxt/rt/ui_runtime.hpp:40:23
#1  0x00005d1d4f4138da in std::__n4861::coroutine_handle<void>::resume() const at /usr/include/c++/15/coroutine:142:50
#2  0x00005d1d4f419574 in nxt::rt::deck::ready_item::resume_if_ready(nxt::rt::deck&) const at /home/mbrock/nxtui/build/../src-ng/nxt/rt/task.hpp:1901:18
#3  0x00005d1d4f415a82 in nxt::rt::deck::run_ready_with() at /home/mbrock/nxtui/build/../src-ng/nxt/rt/deck.hpp:200:33
#4  0x00005d1d4f4157d6 in nxt::rt::deck::run_ready() at /home/mbrock/nxtui/build/../src-ng/nxt/rt/deck.hpp:130:23
#5  0x00005d1d4f4abf2e in void nxt::rt::uring_wand::run_until_done<int>(nxt::rt::deck&, nxt::rt::task<int>&) at /home/mbrock/nxtui/build/../src-ng/nxt/rt/uring_wand.hpp:173:28
#6  0x00005d1d4f47fc31 in int nxt::rt::runtime::run<int>(nxt::rt::task<int>) at /home/mbrock/nxtui/build/../src-ng/nxt/rt/app.hpp:141:29
#7  0x00005d1d4f3873ee in main at /home/mbrock/nxtui/build/../src-ng/nxtai/nxtllm.cpp:1272:18
#8  0x000070ce23e2a600 in __libc_start_call_main at ./csu/../sysdeps/nptl/libc_start_call_main.h:59:16
#9  0x000070ce23e2a717 in __libc_start_main_impl at ./csu/../csu/libc-start.c:360:3
#10 0x00005d1d4f364f24 in _start at /home/mbrock/nxtui/build/nxtllm

stdout write #294 bytes 71
  at ../src-ng/nxt/rt/ui_runtime.hpp:434 in nxt::rt::task<void> nxt::rt::ui_runtime::terminal_owner_loop(std::chrono::milliseconds)
  preview "\e7\e[38;25H\e[48;2;35;79;87m\e[38;2;203;213;225m               8.0K/s\xe2\x86\x93\e8"
Stack trace (most recent call first):
#0  0x00005d1d4f374d47 in write_stdout_all at /home/mbrock/nxtui/build/../src-ng/nxt/rt/ui_runtime.hpp:40:23
#1  0x00005d1d4f4138da in std::__n4861::coroutine_handle<void>::resume() const at /usr/include/c++/15/coroutine:142:50
#2  0x00005d1d4f419574 in nxt::rt::deck::ready_item::resume_if_ready(nxt::rt::deck&) const at /home/mbrock/nxtui/build/../src-ng/nxt/rt/task.hpp:1901:18
#3  0x00005d1d4f415a82 in nxt::rt::deck::run_ready_with() at /home/mbrock/nxtui/build/../src-ng/nxt/rt/deck.hpp:200:33
#4  0x00005d1d4f4157d6 in nxt::rt::deck::run_ready() at /home/mbrock/nxtui/build/../src-ng/nxt/rt/deck.hpp:130:23
#5  0x00005d1d4f4abf2e in void nxt::rt::uring_wand::run_until_done<int>(nxt::rt::deck&, nxt::rt::task<int>&) at /home/mbrock/nxtui/build/../src-ng/nxt/rt/uring_wand.hpp:173:28
#6  0x00005d1d4f47fc31 in int nxt::rt::runtime::run<int>(nxt::rt::task<int>) at /home/mbrock/nxtui/build/../src-ng/nxt/rt/app.hpp:141:29
#7  0x00005d1d4f3873ee in main at /home/mbrock/nxtui/build/../src-ng/nxtai/nxtllm.cpp:1272:18
#8  0x000070ce23e2a600 in __libc_start_call_main at ./csu/../sysdeps/nptl/libc_start_call_main.h:59:16
#9  0x000070ce23e2a717 in __libc_start_main_impl at ./csu/../csu/libc-start.c:360:3
#10 0x00005d1d4f364f24 in _start at /home/mbrock/nxtui/build/nxtllm

stdout write #295 bytes 96
  at ../src-ng/nxt/rt/ui_runtime.hpp:434 in nxt::rt::task<void> nxt::rt::ui_runtime::terminal_owner_loop(std::chrono::milliseconds)
  preview "\e7\e[38;25H\e[48;2;35;78;86m\e[38;2;203;213;225m               7.9K/s\xe2\x86\x93\e[38;74H\e[48;2;43;45;46m4\e8"
Stack trace (most recent call first):
#0  0x00005d1d4f374d47 in write_stdout_all at /home/mbrock/nxtui/build/../src-ng/nxt/rt/ui_runtime.hpp:40:23
#1  0x00005d1d4f4138da in std::__n4861::coroutine_handle<void>::resume() const at /usr/include/c++/15/coroutine:142:50
#2  0x00005d1d4f419574 in nxt::rt::deck::ready_item::resume_if_ready(nxt::rt::deck&) const at /home/mbrock/nxtui/build/../src-ng/nxt/rt/task.hpp:1901:18
#3  0x00005d1d4f415a82 in nxt::rt::deck::run_ready_with() at /home/mbrock/nxtui/build/../src-ng/nxt/rt/deck.hpp:200:33
#4  0x00005d1d4f4157d6 in nxt::rt::deck::run_ready() at /home/mbrock/nxtui/build/../src-ng/nxt/rt/deck.hpp:130:23
#5  0x00005d1d4f4abf2e in void nxt::rt::uring_wand::run_until_done<int>(nxt::rt::deck&, nxt::rt::task<int>&) at /home/mbrock/nxtui/build/../src-ng/nxt/rt/uring_wand.hpp:173:28
#6  0x00005d1d4f47fc31 in int nxt::rt::runtime::run<int>(nxt::rt::task<int>) at /home/mbrock/nxtui/build/../src-ng/nxt/rt/app.hpp:141:29
#7  0x00005d1d4f3873ee in main at /home/mbrock/nxtui/build/../src-ng/nxtai/nxtllm.cpp:1272:18
#8  0x000070ce23e2a600 in __libc_start_call_main at ./csu/../sysdeps/nptl/libc_start_call_main.h:59:16
#9  0x000070ce23e2a717 in __libc_start_main_impl at ./csu/../csu/libc-start.c:360:3
#10 0x00005d1d4f364f24 in _start at /home/mbrock/nxtui/build/nxtllm

stdout write #296 bytes 73
  at ../src-ng/nxt/rt/ui_runtime.hpp:434 in nxt::rt::task<void> nxt::rt::ui_runtime::terminal_owner_loop(std::chrono::milliseconds)
  preview "\e7\e[38;42H\e[48;2;35;78;86m\e[38;2;203;213;225m8\e[38;74H\e[48;2;43;45;46m3\e8"
Stack trace (most recent call first):
#0  0x00005d1d4f374d47 in write_stdout_all at /home/mbrock/nxtui/build/../src-ng/nxt/rt/ui_runtime.hpp:40:23
#1  0x00005d1d4f4138da in std::__n4861::coroutine_handle<void>::resume() const at /usr/include/c++/15/coroutine:142:50
#2  0x00005d1d4f419574 in nxt::rt::deck::ready_item::resume_if_ready(nxt::rt::deck&) const at /home/mbrock/nxtui/build/../src-ng/nxt/rt/task.hpp:1901:18
#3  0x00005d1d4f415a82 in nxt::rt::deck::run_ready_with() at /home/mbrock/nxtui/build/../src-ng/nxt/rt/deck.hpp:200:33
#4  0x00005d1d4f4157d6 in nxt::rt::deck::run_ready() at /home/mbrock/nxtui/build/../src-ng/nxt/rt/deck.hpp:130:23
#5  0x00005d1d4f4abf2e in void nxt::rt::uring_wand::run_until_done<int>(nxt::rt::deck&, nxt::rt::task<int>&) at /home/mbrock/nxtui/build/../src-ng/nxt/rt/uring_wand.hpp:173:28
#6  0x00005d1d4f47fc31 in int nxt::rt::runtime::run<int>(nxt::rt::task<int>) at /home/mbrock/nxtui/build/../src-ng/nxt/rt/app.hpp:141:29
#7  0x00005d1d4f3873ee in main at /home/mbrock/nxtui/build/../src-ng/nxtai/nxtllm.cpp:1272:18
#8  0x000070ce23e2a600 in __libc_start_call_main at ./csu/../sysdeps/nptl/libc_start_call_main.h:59:16
#9  0x000070ce23e2a717 in __libc_start_main_impl at ./csu/../csu/libc-start.c:360:3
#10 0x00005d1d4f364f24 in _start at /home/mbrock/nxtui/build/nxtllm

stdout write #297 bytes 47
  at ../src-ng/nxt/rt/ui_runtime.hpp:434 in nxt::rt::task<void> nxt::rt::ui_runtime::terminal_owner_loop(std::chrono::milliseconds)
  preview "\e7\e[37;80H\e[48;2;2;6;23m\e[38;2;203;213;225mSo\e8"
Stack trace (most recent call first):
#0  0x00005d1d4f374d47 in write_stdout_all at /home/mbrock/nxtui/build/../src-ng/nxt/rt/ui_runtime.hpp:40:23
#1  0x00005d1d4f4138da in std::__n4861::coroutine_handle<void>::resume() const at /usr/include/c++/15/coroutine:142:50
#2  0x00005d1d4f419574 in nxt::rt::deck::ready_item::resume_if_ready(nxt::rt::deck&) const at /home/mbrock/nxtui/build/../src-ng/nxt/rt/task.hpp:1901:18
#3  0x00005d1d4f415a82 in nxt::rt::deck::run_ready_with() at /home/mbrock/nxtui/build/../src-ng/nxt/rt/deck.hpp:200:33
#4  0x00005d1d4f4157d6 in nxt::rt::deck::run_ready() at /home/mbrock/nxtui/build/../src-ng/nxt/rt/deck.hpp:130:23
#5  0x00005d1d4f4abf2e in void nxt::rt::uring_wand::run_until_done<int>(nxt::rt::deck&, nxt::rt::task<int>&) at /home/mbrock/nxtui/build/../src-ng/nxt/rt/uring_wand.hpp:173:28
#6  0x00005d1d4f47fc31 in int nxt::rt::runtime::run<int>(nxt::rt::task<int>) at /home/mbrock/nxtui/build/../src-ng/nxt/rt/app.hpp:141:29
#7  0x00005d1d4f3873ee in main at /home/mbrock/nxtui/build/../src-ng/nxtai/nxtllm.cpp:1272:18
#8  0x000070ce23e2a600 in __libc_start_call_main at ./csu/../sysdeps/nptl/libc_start_call_main.h:59:16
#9  0x000070ce23e2a717 in __libc_start_main_impl at ./csu/../csu/libc-start.c:360:3
#10 0x00005d1d4f364f24 in _start at /home/mbrock/nxtui/build/nxtllm

stdout write #298 bytes 124
  at ../src-ng/nxt/rt/ui_runtime.hpp:434 in nxt::rt::task<void> nxt::rt::ui_runtime::terminal_owner_loop(std::chrono::milliseconds)
  preview "\e7\e[38;40H\e[48;2;35;78;86m\e[38;2;203;213;225m8\e[38;42H0\e[38;74H\e[48;2;43;45;46m2\e[38;83H\e[48;2;2;6;23m\e[38;2;100;116;139m7\e8"
Stack trace (most recent call first):
#0  0x00005d1d4f374d47 in write_stdout_all at /home/mbrock/nxtui/build/../src-ng/nxt/rt/ui_runtime.hpp:40:23
#1  0x00005d1d4f4138da in std::__n4861::coroutine_handle<void>::resume() const at /usr/include/c++/15/coroutine:142:50
#2  0x00005d1d4f419574 in nxt::rt::deck::ready_item::resume_if_ready(nxt::rt::deck&) const at /home/mbrock/nxtui/build/../src-ng/nxt/rt/task.hpp:1901:18
#3  0x00005d1d4f415a82 in nxt::rt::deck::run_ready_with() at /home/mbrock/nxtui/build/../src-ng/nxt/rt/deck.hpp:200:33
#4  0x00005d1d4f4157d6 in nxt::rt::deck::run_ready() at /home/mbrock/nxtui/build/../src-ng/nxt/rt/deck.hpp:130:23
#5  0x00005d1d4f4abf2e in void nxt::rt::uring_wand::run_until_done<int>(nxt::rt::deck&, nxt::rt::task<int>&) at /home/mbrock/nxtui/build/../src-ng/nxt/rt/uring_wand.hpp:173:28
#6  0x00005d1d4f47fc31 in int nxt::rt::runtime::run<int>(nxt::rt::task<int>) at /home/mbrock/nxtui/build/../src-ng/nxt/rt/app.hpp:141:29
#7  0x00005d1d4f3873ee in main at /home/mbrock/nxtui/build/../src-ng/nxtai/nxtllm.cpp:1272:18
#8  0x000070ce23e2a600 in __libc_start_call_main at ./csu/../sysdeps/nptl/libc_start_call_main.h:59:16
#9  0x000070ce23e2a717 in __libc_start_main_impl at ./csu/../csu/libc-start.c:360:3
#10 0x00005d1d4f364f24 in _start at /home/mbrock/nxtui/build/nxtllm

stdout write #299 bytes 82
  at ../src-ng/nxt/rt/ui_runtime.hpp:434 in nxt::rt::task<void> nxt::rt::ui_runtime::terminal_owner_loop(std::chrono::milliseconds)
  preview "\e7\e[38;40H\e[48;2;35;78;86m\e[38;2;203;213;225m7\e[38;42H8\e[38;74H\e[48;2;43;45;46m1\e8"
Stack trace (most recent call first):
#0  0x00005d1d4f374d47 in write_stdout_all at /home/mbrock/nxtui/build/../src-ng/nxt/rt/ui_runtime.hpp:40:23
#1  0x00005d1d4f4138da in std::__n4861::coroutine_handle<void>::resume() const at /usr/include/c++/15/coroutine:142:50
#2  0x00005d1d4f419574 in nxt::rt::deck::ready_item::resume_if_ready(nxt::rt::deck&) const at /home/mbrock/nxtui/build/../src-ng/nxt/rt/task.hpp:1901:18
#3  0x00005d1d4f415a82 in nxt::rt::deck::run_ready_with() at /home/mbrock/nxtui/build/../src-ng/nxt/rt/deck.hpp:200:33
#4  0x00005d1d4f4157d6 in nxt::rt::deck::run_ready() at /home/mbrock/nxtui/build/../src-ng/nxt/rt/deck.hpp:130:23
#5  0x00005d1d4f4abf2e in void nxt::rt::uring_wand::run_until_done<int>(nxt::rt::deck&, nxt::rt::task<int>&) at /home/mbrock/nxtui/build/../src-ng/nxt/rt/uring_wand.hpp:173:28
#6  0x00005d1d4f47fc31 in int nxt::rt::runtime::run<int>(nxt::rt::task<int>) at /home/mbrock/nxtui/build/../src-ng/nxt/rt/app.hpp:141:29
#7  0x00005d1d4f3873ee in main at /home/mbrock/nxtui/build/../src-ng/nxtai/nxtllm.cpp:1272:18
#8  0x000070ce23e2a600 in __libc_start_call_main at ./csu/../sysdeps/nptl/libc_start_call_main.h:59:16
#9  0x000070ce23e2a717 in __libc_start_main_impl at ./csu/../csu/libc-start.c:360:3
#10 0x00005d1d4f364f24 in _start at /home/mbrock/nxtui/build/nxtllm

stdout write #300 bytes 46
  at ../src-ng/nxt/rt/ui_runtime.hpp:434 in nxt::rt::task<void> nxt::rt::ui_runtime::terminal_owner_loop(std::chrono::milliseconds)
  preview "\e7\e[37;82H\e[48;2;2;6;23m\e[38;2;203;213;225m,\e8"
Stack trace (most recent call first):
#0  0x00005d1d4f374d47 in write_stdout_all at /home/mbrock/nxtui/build/../src-ng/nxt/rt/ui_runtime.hpp:40:23
#1  0x00005d1d4f4138da in std::__n4861::coroutine_handle<void>::resume() const at /usr/include/c++/15/coroutine:142:50
#2  0x00005d1d4f419574 in nxt::rt::deck::ready_item::resume_if_ready(nxt::rt::deck&) const at /home/mbrock/nxtui/build/../src-ng/nxt/rt/task.hpp:1901:18
#3  0x00005d1d4f415a82 in nxt::rt::deck::run_ready_with() at /home/mbrock/nxtui/build/../src-ng/nxt/rt/deck.hpp:200:33
#4  0x00005d1d4f4157d6 in nxt::rt::deck::run_ready() at /home/mbrock/nxtui/build/../src-ng/nxt/rt/deck.hpp:130:23
#5  0x00005d1d4f4abf2e in void nxt::rt::uring_wand::run_until_done<int>(nxt::rt::deck&, nxt::rt::task<int>&) at /home/mbrock/nxtui/build/../src-ng/nxt/rt/uring_wand.hpp:173:28
#6  0x00005d1d4f47fc31 in int nxt::rt::runtime::run<int>(nxt::rt::task<int>) at /home/mbrock/nxtui/build/../src-ng/nxt/rt/app.hpp:141:29
#7  0x00005d1d4f3873ee in main at /home/mbrock/nxtui/build/../src-ng/nxtai/nxtllm.cpp:1272:18
#8  0x000070ce23e2a600 in __libc_start_call_main at ./csu/../sysdeps/nptl/libc_start_call_main.h:59:16
#9  0x000070ce23e2a717 in __libc_start_main_impl at ./csu/../csu/libc-start.c:360:3
#10 0x00005d1d4f364f24 in _start at /home/mbrock/nxtui/build/nxtllm

stdout write #301 bytes 161
  at ../src-ng/nxt/rt/ui_runtime.hpp:434 in nxt::rt::task<void> nxt::rt::ui_runtime::terminal_owner_loop(std::chrono::milliseconds)
  preview "\e7\e[38;21H\e[48;2;2;6;23m\e[38;2;203;213;225m5\e[38;25H\e[48;2;35;78;87m               8.0K/s\xe2\x86\x93\e[38;74H\e[48;2;43;45;46m0\e[38;83H\e[48;2;2;6;23m\e[38;2;100;116;139m8\e8"
Stack trace (most recent call first):
#0  0x00005d1d4f374d47 in write_stdout_all at /home/mbrock/nxtui/build/../src-ng/nxt/rt/ui_runtime.hpp:40:23
#1  0x00005d1d4f4138da in std::__n4861::coroutine_handle<void>::resume() const at /usr/include/c++/15/coroutine:142:50
#2  0x00005d1d4f419574 in nxt::rt::deck::ready_item::resume_if_ready(nxt::rt::deck&) const at /home/mbrock/nxtui/build/../src-ng/nxt/rt/task.hpp:1901:18
#3  0x00005d1d4f415a82 in nxt::rt::deck::run_ready_with() at /home/mbrock/nxtui/build/../src-ng/nxt/rt/deck.hpp:200:33
#4  0x00005d1d4f4157d6 in nxt::rt::deck::run_ready() at /home/mbrock/nxtui/build/../src-ng/nxt/rt/deck.hpp:130:23
#5  0x00005d1d4f4abf2e in void nxt::rt::uring_wand::run_until_done<int>(nxt::rt::deck&, nxt::rt::task<int>&) at /home/mbrock/nxtui/build/../src-ng/nxt/rt/uring_wand.hpp:173:28
#6  0x00005d1d4f47fc31 in int nxt::rt::runtime::run<int>(nxt::rt::task<int>) at /home/mbrock/nxtui/build/../src-ng/nxt/rt/app.hpp:141:29
#7  0x00005d1d4f3873ee in main at /home/mbrock/nxtui/build/../src-ng/nxtai/nxtllm.cpp:1272:18
#8  0x000070ce23e2a600 in __libc_start_call_main at ./csu/../sysdeps/nptl/libc_start_call_main.h:59:16
#9  0x000070ce23e2a717 in __libc_start_main_impl at ./csu/../csu/libc-start.c:360:3
#10 0x00005d1d4f364f24 in _start at /home/mbrock/nxtui/build/nxtllm

stdout write #302 bytes 49
  at ../src-ng/nxt/rt/ui_runtime.hpp:434 in nxt::rt::task<void> nxt::rt::ui_runtime::terminal_owner_loop(std::chrono::milliseconds)
  preview "\e7\e[37;84H\e[48;2;2;6;23m\e[38;2;203;213;225mI'll\e8"
Stack trace (most recent call first):
#0  0x00005d1d4f374d47 in write_stdout_all at /home/mbrock/nxtui/build/../src-ng/nxt/rt/ui_runtime.hpp:40:23
#1  0x00005d1d4f4138da in std::__n4861::coroutine_handle<void>::resume() const at /usr/include/c++/15/coroutine:142:50
#2  0x00005d1d4f419574 in nxt::rt::deck::ready_item::resume_if_ready(nxt::rt::deck&) const at /home/mbrock/nxtui/build/../src-ng/nxt/rt/task.hpp:1901:18
#3  0x00005d1d4f415a82 in nxt::rt::deck::run_ready_with() at /home/mbrock/nxtui/build/../src-ng/nxt/rt/deck.hpp:200:33
#4  0x00005d1d4f4157d6 in nxt::rt::deck::run_ready() at /home/mbrock/nxtui/build/../src-ng/nxt/rt/deck.hpp:130:23
#5  0x00005d1d4f4abf2e in void nxt::rt::uring_wand::run_until_done<int>(nxt::rt::deck&, nxt::rt::task<int>&) at /home/mbrock/nxtui/build/../src-ng/nxt/rt/uring_wand.hpp:173:28
#6  0x00005d1d4f47fc31 in int nxt::rt::runtime::run<int>(nxt::rt::task<int>) at /home/mbrock/nxtui/build/../src-ng/nxt/rt/app.hpp:141:29
#7  0x00005d1d4f3873ee in main at /home/mbrock/nxtui/build/../src-ng/nxtai/nxtllm.cpp:1272:18
#8  0x000070ce23e2a600 in __libc_start_call_main at ./csu/../sysdeps/nptl/libc_start_call_main.h:59:16
#9  0x000070ce23e2a717 in __libc_start_main_impl at ./csu/../csu/libc-start.c:360:3
#10 0x00005d1d4f364f24 in _start at /home/mbrock/nxtui/build/nxtllm

stdout write #303 bytes 97
  at ../src-ng/nxt/rt/ui_runtime.hpp:434 in nxt::rt::task<void> nxt::rt::ui_runtime::terminal_owner_loop(std::chrono::milliseconds)
  preview "\e7\e[38;25H\e[48;2;35;78;86m\e[38;2;203;213;225m               7.9K/s\xe2\x86\x93\e[38;73H\e[48;2;43;45;46m49\e8"
Stack trace (most recent call first):
#0  0x00005d1d4f374d47 in write_stdout_all at /home/mbrock/nxtui/build/../src-ng/nxt/rt/ui_runtime.hpp:40:23
#1  0x00005d1d4f4138da in std::__n4861::coroutine_handle<void>::resume() const at /usr/include/c++/15/coroutine:142:50
#2  0x00005d1d4f419574 in nxt::rt::deck::ready_item::resume_if_ready(nxt::rt::deck&) const at /home/mbrock/nxtui/build/../src-ng/nxt/rt/task.hpp:1901:18
#3  0x00005d1d4f415a82 in nxt::rt::deck::run_ready_with() at /home/mbrock/nxtui/build/../src-ng/nxt/rt/deck.hpp:200:33
#4  0x00005d1d4f4157d6 in nxt::rt::deck::run_ready() at /home/mbrock/nxtui/build/../src-ng/nxt/rt/deck.hpp:130:23
#5  0x00005d1d4f4abf2e in void nxt::rt::uring_wand::run_until_done<int>(nxt::rt::deck&, nxt::rt::task<int>&) at /home/mbrock/nxtui/build/../src-ng/nxt/rt/uring_wand.hpp:173:28
#6  0x00005d1d4f47fc31 in int nxt::rt::runtime::run<int>(nxt::rt::task<int>) at /home/mbrock/nxtui/build/../src-ng/nxt/rt/app.hpp:141:29
#7  0x00005d1d4f3873ee in main at /home/mbrock/nxtui/build/../src-ng/nxtai/nxtllm.cpp:1272:18
#8  0x000070ce23e2a600 in __libc_start_call_main at ./csu/../sysdeps/nptl/libc_start_call_main.h:59:16
#9  0x000070ce23e2a717 in __libc_start_main_impl at ./csu/../csu/libc-start.c:360:3
#10 0x00005d1d4f364f24 in _start at /home/mbrock/nxtui/build/nxtllm

stdout write #304 bytes 114
  at ../src-ng/nxt/rt/ui_runtime.hpp:434 in nxt::rt::task<void> nxt::rt::ui_runtime::terminal_owner_loop(std::chrono::milliseconds)
  preview "\e7\e[38;25H\e[48;2;36;80;88m\e[38;2;203;213;225m               8.3K/s\xe2\x86\x93\e[38;82H\e[48;2;2;6;23m\e[38;2;100;116;139m60\e8"
Stack trace (most recent call first):
#0  0x00005d1d4f374d47 in write_stdout_all at /home/mbrock/nxtui/build/../src-ng/nxt/rt/ui_runtime.hpp:40:23
#1  0x00005d1d4f4138da in std::__n4861::coroutine_handle<void>::resume() const at /usr/include/c++/15/coroutine:142:50
#2  0x00005d1d4f419574 in nxt::rt::deck::ready_item::resume_if_ready(nxt::rt::deck&) const at /home/mbrock/nxtui/build/../src-ng/nxt/rt/task.hpp:1901:18
#3  0x00005d1d4f415a82 in nxt::rt::deck::run_ready_with() at /home/mbrock/nxtui/build/../src-ng/nxt/rt/deck.hpp:200:33
#4  0x00005d1d4f4157d6 in nxt::rt::deck::run_ready() at /home/mbrock/nxtui/build/../src-ng/nxt/rt/deck.hpp:130:23
#5  0x00005d1d4f4abf2e in void nxt::rt::uring_wand::run_until_done<int>(nxt::rt::deck&, nxt::rt::task<int>&) at /home/mbrock/nxtui/build/../src-ng/nxt/rt/uring_wand.hpp:173:28
#6  0x00005d1d4f47fc31 in int nxt::rt::runtime::run<int>(nxt::rt::task<int>) at /home/mbrock/nxtui/build/../src-ng/nxt/rt/app.hpp:141:29
#7  0x00005d1d4f3873ee in main at /home/mbrock/nxtui/build/../src-ng/nxtai/nxtllm.cpp:1272:18
#8  0x000070ce23e2a600 in __libc_start_call_main at ./csu/../sysdeps/nptl/libc_start_call_main.h:59:16
#9  0x000070ce23e2a717 in __libc_start_main_impl at ./csu/../csu/libc-start.c:360:3
#10 0x00005d1d4f364f24 in _start at /home/mbrock/nxtui/build/nxtllm

stdout write #305 bytes 1774
  at ../src-ng/nxt/rt/ui_runtime.hpp:434 in nxt::rt::task<void> nxt::rt::ui_runtime::terminal_owner_loop(std::chrono::milliseconds)
  preview "\e[0m\e[1S\e[1A\e7\e[1;28r\e8\e7\e[29;1H\e[2K\e[30;1H\e[2K\e[31;1H\e[2K\e[32;1H\e[2K\e[33;1H\e[2K\e[34;1H\e[2K\e[35;1H\e[2K\e[36;1H\e[2K\e[37;1H\e[2K\e[38;1H\e[2K\e8\e7\e[29;1H\e[48;2;252;211;77m\e[38;2;2;6;23m\e[1m nxtllm \e[29;9H\e[0m\e[38;2;2;6;23m\e[48;2;252;211;77m\e[48;2;15;23;42m\e[38;2;148;163;184mgpt-5.4-nano  thinking                                                                      \e[30;1H\e[48;2;2;6;23m\e[38;2;203;213;225m \e[30;2H\e[48;2;125;211;252m\e[38;2;2;6;23m\e[1m thinking                                                                                          \e[31;1H\e[0m\e[38;2;2;6;23m\e[48;2;125;211;252m\e[48;2;2;6;23m\e[38;2;203;213;225m                                                                                                    \e[32;1H \e[32;2H\e[1mAsking for clarification\e[32;26H\e[0m\e[38;2;203;213;225m\e[48;2;2;6;23m                                                                           \e[33;1H                                                                                                    \e[34;1H I see the user wants to use the shell tool with short sleeps and stdout lines, but                 \e[35;1H there's no specific command given. I should ask them what they'd like to run. However, I           \e[36;1H could demonstrate by running a simple bash loop that includes sleep and echo. So, I'll             \e[37;1H use the                                                                                            \e[38;1H \e[38;2H\e[38;2;94;234;212m\e[1mstreaming SSE \e[38;16H\e[0m\e[38;2;94;234;212m\e[48;2;2;6;23m\e[38;2;203;213;225m    25K\xe2\x86\x93 \e[38;25H\e[48;2;36;80;88m               8.3K/s\xe2\x86\x93\e[38;47H\e[48;2;2;6;23m   2.0K\xe2\x86\x91 \e[38;56H\e[48;2;43;45;46m                 49/s\xe2\x86\x91\e[38;78H\e[48;2;2;6;23m \e[38;79H\e[38;2;100;116;139m  #60\e[38;84H\e[38;2;203;213;225m                 \e8"
Stack trace (most recent call first):
#0  0x00005d1d4f374d47 in write_stdout_all at /home/mbrock/nxtui/build/../src-ng/nxt/rt/ui_runtime.hpp:40:23
#1  0x00005d1d4f4138da in std::__n4861::coroutine_handle<void>::resume() const at /usr/include/c++/15/coroutine:142:50
#2  0x00005d1d4f419574 in nxt::rt::deck::ready_item::resume_if_ready(nxt::rt::deck&) const at /home/mbrock/nxtui/build/../src-ng/nxt/rt/task.hpp:1901:18
#3  0x00005d1d4f415a82 in nxt::rt::deck::run_ready_with() at /home/mbrock/nxtui/build/../src-ng/nxt/rt/deck.hpp:200:33
#4  0x00005d1d4f4157d6 in nxt::rt::deck::run_ready() at /home/mbrock/nxtui/build/../src-ng/nxt/rt/deck.hpp:130:23
#5  0x00005d1d4f4abf2e in void nxt::rt::uring_wand::run_until_done<int>(nxt::rt::deck&, nxt::rt::task<int>&) at /home/mbrock/nxtui/build/../src-ng/nxt/rt/uring_wand.hpp:173:28
#6  0x00005d1d4f47fc31 in int nxt::rt::runtime::run<int>(nxt::rt::task<int>) at /home/mbrock/nxtui/build/../src-ng/nxt/rt/app.hpp:141:29
#7  0x00005d1d4f3873ee in main at /home/mbrock/nxtui/build/../src-ng/nxtai/nxtllm.cpp:1272:18
#8  0x000070ce23e2a600 in __libc_start_call_main at ./csu/../sysdeps/nptl/libc_start_call_main.h:59:16
#9  0x000070ce23e2a717 in __libc_start_main_impl at ./csu/../csu/libc-start.c:360:3
#10 0x00005d1d4f364f24 in _start at /home/mbrock/nxtui/build/nxtllm

stdout write #306 bytes 138
  at ../src-ng/nxt/rt/ui_runtime.hpp:434 in nxt::rt::task<void> nxt::rt::ui_runtime::terminal_owner_loop(std::chrono::milliseconds)
  preview "\e7\e[38;21H\e[48;2;2;6;23m\e[38;2;203;213;225m6\e[38;42H\e[48;2;36;80;88m5\e[38;74H\e[48;2;43;45;46m8\e[38;83H\e[48;2;2;6;23m\e[38;2;100;116;139m1\e8"
Stack trace (most recent call first):
#0  0x00005d1d4f374d47 in write_stdout_all at /home/mbrock/nxtui/build/../src-ng/nxt/rt/ui_runtime.hpp:40:23
#1  0x00005d1d4f4138da in std::__n4861::coroutine_handle<void>::resume() const at /usr/include/c++/15/coroutine:142:50
#2  0x00005d1d4f419574 in nxt::rt::deck::ready_item::resume_if_ready(nxt::rt::deck&) const at /home/mbrock/nxtui/build/../src-ng/nxt/rt/task.hpp:1901:18
#3  0x00005d1d4f415a82 in nxt::rt::deck::run_ready_with() at /home/mbrock/nxtui/build/../src-ng/nxt/rt/deck.hpp:200:33
#4  0x00005d1d4f4157d6 in nxt::rt::deck::run_ready() at /home/mbrock/nxtui/build/../src-ng/nxt/rt/deck.hpp:130:23
#5  0x00005d1d4f4abf2e in void nxt::rt::uring_wand::run_until_done<int>(nxt::rt::deck&, nxt::rt::task<int>&) at /home/mbrock/nxtui/build/../src-ng/nxt/rt/uring_wand.hpp:173:28
#6  0x00005d1d4f47fc31 in int nxt::rt::runtime::run<int>(nxt::rt::task<int>) at /home/mbrock/nxtui/build/../src-ng/nxt/rt/app.hpp:141:29
#7  0x00005d1d4f3873ee in main at /home/mbrock/nxtui/build/../src-ng/nxtai/nxtllm.cpp:1272:18
#8  0x000070ce23e2a600 in __libc_start_call_main at ./csu/../sysdeps/nptl/libc_start_call_main.h:59:16
#9  0x000070ce23e2a717 in __libc_start_main_impl at ./csu/../csu/libc-start.c:360:3
#10 0x00005d1d4f364f24 in _start at /home/mbrock/nxtui/build/nxtllm

stdout write #307 bytes 54
  at ../src-ng/nxt/rt/ui_runtime.hpp:434 in nxt::rt::task<void> nxt::rt::ui_runtime::terminal_owner_loop(std::chrono::milliseconds)
  preview "\e7\e[37;10H\e[48;2;2;6;23m\e[38;2;203;213;225mfunctions\e8"
Stack trace (most recent call first):
#0  0x00005d1d4f374d47 in write_stdout_all at /home/mbrock/nxtui/build/../src-ng/nxt/rt/ui_runtime.hpp:40:23
#1  0x00005d1d4f4138da in std::__n4861::coroutine_handle<void>::resume() const at /usr/include/c++/15/coroutine:142:50
#2  0x00005d1d4f419574 in nxt::rt::deck::ready_item::resume_if_ready(nxt::rt::deck&) const at /home/mbrock/nxtui/build/../src-ng/nxt/rt/task.hpp:1901:18
#3  0x00005d1d4f415a82 in nxt::rt::deck::run_ready_with() at /home/mbrock/nxtui/build/../src-ng/nxt/rt/deck.hpp:200:33
#4  0x00005d1d4f4157d6 in nxt::rt::deck::run_ready() at /home/mbrock/nxtui/build/../src-ng/nxt/rt/deck.hpp:130:23
#5  0x00005d1d4f4abf2e in void nxt::rt::uring_wand::run_until_done<int>(nxt::rt::deck&, nxt::rt::task<int>&) at /home/mbrock/nxtui/build/../src-ng/nxt/rt/uring_wand.hpp:173:28
#6  0x00005d1d4f47fc31 in int nxt::rt::runtime::run<int>(nxt::rt::task<int>) at /home/mbrock/nxtui/build/../src-ng/nxt/rt/app.hpp:141:29
#7  0x00005d1d4f3873ee in main at /home/mbrock/nxtui/build/../src-ng/nxtai/nxtllm.cpp:1272:18
#8  0x000070ce23e2a600 in __libc_start_call_main at ./csu/../sysdeps/nptl/libc_start_call_main.h:59:16
#9  0x000070ce23e2a717 in __libc_start_main_impl at ./csu/../csu/libc-start.c:360:3
#10 0x00005d1d4f364f24 in _start at /home/mbrock/nxtui/build/nxtllm

stdout write #308 bytes 138
  at ../src-ng/nxt/rt/ui_runtime.hpp:434 in nxt::rt::task<void> nxt::rt::ui_runtime::terminal_owner_loop(std::chrono::milliseconds)
  preview "\e7\e[38;25H\e[48;2;36;81;89m\e[38;2;203;213;225m               8.7K/s\xe2\x86\x93\e[38;74H\e[48;2;43;45;46m7\e[38;83H\e[48;2;2;6;23m\e[38;2;100;116;139m2\e8"
Stack trace (most recent call first):
#0  0x00005d1d4f374d47 in write_stdout_all at /home/mbrock/nxtui/build/../src-ng/nxt/rt/ui_runtime.hpp:40:23
#1  0x00005d1d4f4138da in std::__n4861::coroutine_handle<void>::resume() const at /usr/include/c++/15/coroutine:142:50
#2  0x00005d1d4f419574 in nxt::rt::deck::ready_item::resume_if_ready(nxt::rt::deck&) const at /home/mbrock/nxtui/build/../src-ng/nxt/rt/task.hpp:1901:18
#3  0x00005d1d4f415a82 in nxt::rt::deck::run_ready_with() at /home/mbrock/nxtui/build/../src-ng/nxt/rt/deck.hpp:200:33
#4  0x00005d1d4f4157d6 in nxt::rt::deck::run_ready() at /home/mbrock/nxtui/build/../src-ng/nxt/rt/deck.hpp:130:23
#5  0x00005d1d4f4abf2e in void nxt::rt::uring_wand::run_until_done<int>(nxt::rt::deck&, nxt::rt::task<int>&) at /home/mbrock/nxtui/build/../src-ng/nxt/rt/uring_wand.hpp:173:28
#6  0x00005d1d4f47fc31 in int nxt::rt::runtime::run<int>(nxt::rt::task<int>) at /home/mbrock/nxtui/build/../src-ng/nxt/rt/app.hpp:141:29
#7  0x00005d1d4f3873ee in main at /home/mbrock/nxtui/build/../src-ng/nxtai/nxtllm.cpp:1272:18
#8  0x000070ce23e2a600 in __libc_start_call_main at ./csu/../sysdeps/nptl/libc_start_call_main.h:59:16
#9  0x000070ce23e2a717 in __libc_start_main_impl at ./csu/../csu/libc-start.c:360:3
#10 0x00005d1d4f364f24 in _start at /home/mbrock/nxtui/build/nxtllm

stdout write #309 bytes 138
  at ../src-ng/nxt/rt/ui_runtime.hpp:434 in nxt::rt::task<void> nxt::rt::ui_runtime::terminal_owner_loop(std::chrono::milliseconds)
  preview "\e7\e[38;25H\e[48;2;37;82;89m\e[38;2;203;213;225m               8.8K/s\xe2\x86\x93\e[38;74H\e[48;2;43;45;46m6\e[38;83H\e[48;2;2;6;23m\e[38;2;100;116;139m3\e8"
Stack trace (most recent call first):
#0  0x00005d1d4f374d47 in write_stdout_all at /home/mbrock/nxtui/build/../src-ng/nxt/rt/ui_runtime.hpp:40:23
#1  0x00005d1d4f4138da in std::__n4861::coroutine_handle<void>::resume() const at /usr/include/c++/15/coroutine:142:50
#2  0x00005d1d4f419574 in nxt::rt::deck::ready_item::resume_if_ready(nxt::rt::deck&) const at /home/mbrock/nxtui/build/../src-ng/nxt/rt/task.hpp:1901:18
#3  0x00005d1d4f415a82 in nxt::rt::deck::run_ready_with() at /home/mbrock/nxtui/build/../src-ng/nxt/rt/deck.hpp:200:33
#4  0x00005d1d4f4157d6 in nxt::rt::deck::run_ready() at /home/mbrock/nxtui/build/../src-ng/nxt/rt/deck.hpp:130:23
#5  0x00005d1d4f4abf2e in void nxt::rt::uring_wand::run_until_done<int>(nxt::rt::deck&, nxt::rt::task<int>&) at /home/mbrock/nxtui/build/../src-ng/nxt/rt/uring_wand.hpp:173:28
#6  0x00005d1d4f47fc31 in int nxt::rt::runtime::run<int>(nxt::rt::task<int>) at /home/mbrock/nxtui/build/../src-ng/nxt/rt/app.hpp:141:29
#7  0x00005d1d4f3873ee in main at /home/mbrock/nxtui/build/../src-ng/nxtai/nxtllm.cpp:1272:18
#8  0x000070ce23e2a600 in __libc_start_call_main at ./csu/../sysdeps/nptl/libc_start_call_main.h:59:16
#9  0x000070ce23e2a717 in __libc_start_main_impl at ./csu/../csu/libc-start.c:360:3
#10 0x00005d1d4f364f24 in _start at /home/mbrock/nxtui/build/nxtllm

stdout write #310 bytes 71
  at ../src-ng/nxt/rt/ui_runtime.hpp:434 in nxt::rt::task<void> nxt::rt::ui_runtime::terminal_owner_loop(std::chrono::milliseconds)
  preview "\e7\e[38;25H\e[48;2;36;81;89m\e[38;2;203;213;225m               8.7K/s\xe2\x86\x93\e8"
Stack trace (most recent call first):
#0  0x00005d1d4f374d47 in write_stdout_all at /home/mbrock/nxtui/build/../src-ng/nxt/rt/ui_runtime.hpp:40:23
#1  0x00005d1d4f4138da in std::__n4861::coroutine_handle<void>::resume() const at /usr/include/c++/15/coroutine:142:50
#2  0x00005d1d4f419574 in nxt::rt::deck::ready_item::resume_if_ready(nxt::rt::deck&) const at /home/mbrock/nxtui/build/../src-ng/nxt/rt/task.hpp:1901:18
#3  0x00005d1d4f415a82 in nxt::rt::deck::run_ready_with() at /home/mbrock/nxtui/build/../src-ng/nxt/rt/deck.hpp:200:33
#4  0x00005d1d4f4157d6 in nxt::rt::deck::run_ready() at /home/mbrock/nxtui/build/../src-ng/nxt/rt/deck.hpp:130:23
#5  0x00005d1d4f4abf2e in void nxt::rt::uring_wand::run_until_done<int>(nxt::rt::deck&, nxt::rt::task<int>&) at /home/mbrock/nxtui/build/../src-ng/nxt/rt/uring_wand.hpp:173:28
#6  0x00005d1d4f47fc31 in int nxt::rt::runtime::run<int>(nxt::rt::task<int>) at /home/mbrock/nxtui/build/../src-ng/nxt/rt/app.hpp:141:29
#7  0x00005d1d4f3873ee in main at /home/mbrock/nxtui/build/../src-ng/nxtai/nxtllm.cpp:1272:18
#8  0x000070ce23e2a600 in __libc_start_call_main at ./csu/../sysdeps/nptl/libc_start_call_main.h:59:16
#9  0x000070ce23e2a717 in __libc_start_main_impl at ./csu/../csu/libc-start.c:360:3
#10 0x00005d1d4f364f24 in _start at /home/mbrock/nxtui/build/nxtllm

stdout write #311 bytes 50
  at ../src-ng/nxt/rt/ui_runtime.hpp:434 in nxt::rt::task<void> nxt::rt::ui_runtime::terminal_owner_loop(std::chrono::milliseconds)
  preview "\e7\e[37;19H\e[48;2;2;6;23m\e[38;2;203;213;225m.bash\e8"
Stack trace (most recent call first):
#0  0x00005d1d4f374d47 in write_stdout_all at /home/mbrock/nxtui/build/../src-ng/nxt/rt/ui_runtime.hpp:40:23
#1  0x00005d1d4f4138da in std::__n4861::coroutine_handle<void>::resume() const at /usr/include/c++/15/coroutine:142:50
#2  0x00005d1d4f419574 in nxt::rt::deck::ready_item::resume_if_ready(nxt::rt::deck&) const at /home/mbrock/nxtui/build/../src-ng/nxt/rt/task.hpp:1901:18
#3  0x00005d1d4f415a82 in nxt::rt::deck::run_ready_with() at /home/mbrock/nxtui/build/../src-ng/nxt/rt/deck.hpp:200:33
#4  0x00005d1d4f4157d6 in nxt::rt::deck::run_ready() at /home/mbrock/nxtui/build/../src-ng/nxt/rt/deck.hpp:130:23
#5  0x00005d1d4f4abf2e in void nxt::rt::uring_wand::run_until_done<int>(nxt::rt::deck&, nxt::rt::task<int>&) at /home/mbrock/nxtui/build/../src-ng/nxt/rt/uring_wand.hpp:173:28
#6  0x00005d1d4f47fc31 in int nxt::rt::runtime::run<int>(nxt::rt::task<int>) at /home/mbrock/nxtui/build/../src-ng/nxt/rt/app.hpp:141:29
#7  0x00005d1d4f3873ee in main at /home/mbrock/nxtui/build/../src-ng/nxtai/nxtllm.cpp:1272:18
#8  0x000070ce23e2a600 in __libc_start_call_main at ./csu/../sysdeps/nptl/libc_start_call_main.h:59:16
#9  0x000070ce23e2a717 in __libc_start_main_impl at ./csu/../csu/libc-start.c:360:3
#10 0x00005d1d4f364f24 in _start at /home/mbrock/nxtui/build/nxtllm

stdout write #312 bytes 161
  at ../src-ng/nxt/rt/ui_runtime.hpp:434 in nxt::rt::task<void> nxt::rt::ui_runtime::terminal_owner_loop(std::chrono::milliseconds)
  preview "\e7\e[38;21H\e[48;2;2;6;23m\e[38;2;203;213;225m7\e[38;25H\e[48;2;37;83;90m               9.2K/s\xe2\x86\x93\e[38;74H\e[48;2;43;45;46m5\e[38;83H\e[48;2;2;6;23m\e[38;2;100;116;139m5\e8"
Stack trace (most recent call first):
#0  0x00005d1d4f374d47 in write_stdout_all at /home/mbrock/nxtui/build/../src-ng/nxt/rt/ui_runtime.hpp:40:23
#1  0x00005d1d4f4138da in std::__n4861::coroutine_handle<void>::resume() const at /usr/include/c++/15/coroutine:142:50
#2  0x00005d1d4f419574 in nxt::rt::deck::ready_item::resume_if_ready(nxt::rt::deck&) const at /home/mbrock/nxtui/build/../src-ng/nxt/rt/task.hpp:1901:18
#3  0x00005d1d4f415a82 in nxt::rt::deck::run_ready_with() at /home/mbrock/nxtui/build/../src-ng/nxt/rt/deck.hpp:200:33
#4  0x00005d1d4f4157d6 in nxt::rt::deck::run_ready() at /home/mbrock/nxtui/build/../src-ng/nxt/rt/deck.hpp:130:23
#5  0x00005d1d4f4abf2e in void nxt::rt::uring_wand::run_until_done<int>(nxt::rt::deck&, nxt::rt::task<int>&) at /home/mbrock/nxtui/build/../src-ng/nxt/rt/uring_wand.hpp:173:28
#6  0x00005d1d4f47fc31 in int nxt::rt::runtime::run<int>(nxt::rt::task<int>) at /home/mbrock/nxtui/build/../src-ng/nxt/rt/app.hpp:141:29
#7  0x00005d1d4f3873ee in main at /home/mbrock/nxtui/build/../src-ng/nxtai/nxtllm.cpp:1272:18
#8  0x000070ce23e2a600 in __libc_start_call_main at ./csu/../sysdeps/nptl/libc_start_call_main.h:59:16
#9  0x000070ce23e2a717 in __libc_start_main_impl at ./csu/../csu/libc-start.c:360:3
#10 0x00005d1d4f364f24 in _start at /home/mbrock/nxtui/build/nxtllm

stdout write #313 bytes 96
  at ../src-ng/nxt/rt/ui_runtime.hpp:434 in nxt::rt::task<void> nxt::rt::ui_runtime::terminal_owner_loop(std::chrono::milliseconds)
  preview "\e7\e[38;25H\e[48;2;37;82;90m\e[38;2;203;213;225m               9.0K/s\xe2\x86\x93\e[38;74H\e[48;2;43;45;46m4\e8"
Stack trace (most recent call first):
#0  0x00005d1d4f374d47 in write_stdout_all at /home/mbrock/nxtui/build/../src-ng/nxt/rt/ui_runtime.hpp:40:23
#1  0x00005d1d4f4138da in std::__n4861::coroutine_handle<void>::resume() const at /usr/include/c++/15/coroutine:142:50
#2  0x00005d1d4f419574 in nxt::rt::deck::ready_item::resume_if_ready(nxt::rt::deck&) const at /home/mbrock/nxtui/build/../src-ng/nxt/rt/task.hpp:1901:18
#3  0x00005d1d4f415a82 in nxt::rt::deck::run_ready_with() at /home/mbrock/nxtui/build/../src-ng/nxt/rt/deck.hpp:200:33
#4  0x00005d1d4f4157d6 in nxt::rt::deck::run_ready() at /home/mbrock/nxtui/build/../src-ng/nxt/rt/deck.hpp:130:23
#5  0x00005d1d4f4abf2e in void nxt::rt::uring_wand::run_until_done<int>(nxt::rt::deck&, nxt::rt::task<int>&) at /home/mbrock/nxtui/build/../src-ng/nxt/rt/uring_wand.hpp:173:28
#6  0x00005d1d4f47fc31 in int nxt::rt::runtime::run<int>(nxt::rt::task<int>) at /home/mbrock/nxtui/build/../src-ng/nxt/rt/app.hpp:141:29
#7  0x00005d1d4f3873ee in main at /home/mbrock/nxtui/build/../src-ng/nxtai/nxtllm.cpp:1272:18
#8  0x000070ce23e2a600 in __libc_start_call_main at ./csu/../sysdeps/nptl/libc_start_call_main.h:59:16
#9  0x000070ce23e2a717 in __libc_start_main_impl at ./csu/../csu/libc-start.c:360:3
#10 0x00005d1d4f364f24 in _start at /home/mbrock/nxtui/build/nxtllm

stdout write #314 bytes 59
  at ../src-ng/nxt/rt/ui_runtime.hpp:434 in nxt::rt::task<void> nxt::rt::ui_runtime::terminal_owner_loop(std::chrono::milliseconds)
  preview "\e7\e[37;25H\e[48;2;2;6;23m\e[38;2;203;213;225mtool\e[37;30Hto\e8"
Stack trace (most recent call first):
#0  0x00005d1d4f374d47 in write_stdout_all at /home/mbrock/nxtui/build/../src-ng/nxt/rt/ui_runtime.hpp:40:23
#1  0x00005d1d4f4138da in std::__n4861::coroutine_handle<void>::resume() const at /usr/include/c++/15/coroutine:142:50
#2  0x00005d1d4f419574 in nxt::rt::deck::ready_item::resume_if_ready(nxt::rt::deck&) const at /home/mbrock/nxtui/build/../src-ng/nxt/rt/task.hpp:1901:18
#3  0x00005d1d4f415a82 in nxt::rt::deck::run_ready_with() at /home/mbrock/nxtui/build/../src-ng/nxt/rt/deck.hpp:200:33
#4  0x00005d1d4f4157d6 in nxt::rt::deck::run_ready() at /home/mbrock/nxtui/build/../src-ng/nxt/rt/deck.hpp:130:23
#5  0x00005d1d4f4abf2e in void nxt::rt::uring_wand::run_until_done<int>(nxt::rt::deck&, nxt::rt::task<int>&) at /home/mbrock/nxtui/build/../src-ng/nxt/rt/uring_wand.hpp:173:28
#6  0x00005d1d4f47fc31 in int nxt::rt::runtime::run<int>(nxt::rt::task<int>) at /home/mbrock/nxtui/build/../src-ng/nxt/rt/app.hpp:141:29
#7  0x00005d1d4f3873ee in main at /home/mbrock/nxtui/build/../src-ng/nxtai/nxtllm.cpp:1272:18
#8  0x000070ce23e2a600 in __libc_start_call_main at ./csu/../sysdeps/nptl/libc_start_call_main.h:59:16
#9  0x000070ce23e2a717 in __libc_start_main_impl at ./csu/../csu/libc-start.c:360:3
#10 0x00005d1d4f364f24 in _start at /home/mbrock/nxtui/build/nxtllm

stdout write #315 bytes 138
  at ../src-ng/nxt/rt/ui_runtime.hpp:434 in nxt::rt::task<void> nxt::rt::ui_runtime::terminal_owner_loop(std::chrono::milliseconds)
  preview "\e7\e[38;25H\e[48;2;37;83;90m\e[38;2;203;213;225m               9.2K/s\xe2\x86\x93\e[38;74H\e[48;2;43;45;46m3\e[38;83H\e[48;2;2;6;23m\e[38;2;100;116;139m6\e8"
Stack trace (most recent call first):
#0  0x00005d1d4f374d47 in write_stdout_all at /home/mbrock/nxtui/build/../src-ng/nxt/rt/ui_runtime.hpp:40:23
#1  0x00005d1d4f4138da in std::__n4861::coroutine_handle<void>::resume() const at /usr/include/c++/15/coroutine:142:50
#2  0x00005d1d4f419574 in nxt::rt::deck::ready_item::resume_if_ready(nxt::rt::deck&) const at /home/mbrock/nxtui/build/../src-ng/nxt/rt/task.hpp:1901:18
#3  0x00005d1d4f415a82 in nxt::rt::deck::run_ready_with() at /home/mbrock/nxtui/build/../src-ng/nxt/rt/deck.hpp:200:33
#4  0x00005d1d4f4157d6 in nxt::rt::deck::run_ready() at /home/mbrock/nxtui/build/../src-ng/nxt/rt/deck.hpp:130:23
#5  0x00005d1d4f4abf2e in void nxt::rt::uring_wand::run_until_done<int>(nxt::rt::deck&, nxt::rt::task<int>&) at /home/mbrock/nxtui/build/../src-ng/nxt/rt/uring_wand.hpp:173:28
#6  0x00005d1d4f47fc31 in int nxt::rt::runtime::run<int>(nxt::rt::task<int>) at /home/mbrock/nxtui/build/../src-ng/nxt/rt/app.hpp:141:29
#7  0x00005d1d4f3873ee in main at /home/mbrock/nxtui/build/../src-ng/nxtai/nxtllm.cpp:1272:18
#8  0x000070ce23e2a600 in __libc_start_call_main at ./csu/../sysdeps/nptl/libc_start_call_main.h:59:16
#9  0x000070ce23e2a717 in __libc_start_main_impl at ./csu/../csu/libc-start.c:360:3
#10 0x00005d1d4f364f24 in _start at /home/mbrock/nxtui/build/nxtllm

stdout write #316 bytes 71
  at ../src-ng/nxt/rt/ui_runtime.hpp:434 in nxt::rt::task<void> nxt::rt::ui_runtime::terminal_owner_loop(std::chrono::milliseconds)
  preview "\e7\e[38;25H\e[48;2;37;82;90m\e[38;2;203;213;225m               9.0K/s\xe2\x86\x93\e8"
Stack trace (most recent call first):
#0  0x00005d1d4f374d47 in write_stdout_all at /home/mbrock/nxtui/build/../src-ng/nxt/rt/ui_runtime.hpp:40:23
#1  0x00005d1d4f4138da in std::__n4861::coroutine_handle<void>::resume() const at /usr/include/c++/15/coroutine:142:50
#2  0x00005d1d4f419574 in nxt::rt::deck::ready_item::resume_if_ready(nxt::rt::deck&) const at /home/mbrock/nxtui/build/../src-ng/nxt/rt/task.hpp:1901:18
#3  0x00005d1d4f415a82 in nxt::rt::deck::run_ready_with() at /home/mbrock/nxtui/build/../src-ng/nxt/rt/deck.hpp:200:33
#4  0x00005d1d4f4157d6 in nxt::rt::deck::run_ready() at /home/mbrock/nxtui/build/../src-ng/nxt/rt/deck.hpp:130:23
#5  0x00005d1d4f4abf2e in void nxt::rt::uring_wand::run_until_done<int>(nxt::rt::deck&, nxt::rt::task<int>&) at /home/mbrock/nxtui/build/../src-ng/nxt/rt/uring_wand.hpp:173:28
#6  0x00005d1d4f47fc31 in int nxt::rt::runtime::run<int>(nxt::rt::task<int>) at /home/mbrock/nxtui/build/../src-ng/nxt/rt/app.hpp:141:29
#7  0x00005d1d4f3873ee in main at /home/mbrock/nxtui/build/../src-ng/nxtai/nxtllm.cpp:1272:18
#8  0x000070ce23e2a600 in __libc_start_call_main at ./csu/../sysdeps/nptl/libc_start_call_main.h:59:16
#9  0x000070ce23e2a717 in __libc_start_main_impl at ./csu/../csu/libc-start.c:360:3
#10 0x00005d1d4f364f24 in _start at /home/mbrock/nxtui/build/nxtllm

stdout write #317 bytes 48
  at ../src-ng/nxt/rt/ui_runtime.hpp:434 in nxt::rt::task<void> nxt::rt::ui_runtime::terminal_owner_loop(std::chrono::milliseconds)
  preview "\e7\e[37;33H\e[48;2;2;6;23m\e[38;2;203;213;225mset\e8"
Stack trace (most recent call first):
#0  0x00005d1d4f374d47 in write_stdout_all at /home/mbrock/nxtui/build/../src-ng/nxt/rt/ui_runtime.hpp:40:23
#1  0x00005d1d4f4138da in std::__n4861::coroutine_handle<void>::resume() const at /usr/include/c++/15/coroutine:142:50
#2  0x00005d1d4f419574 in nxt::rt::deck::ready_item::resume_if_ready(nxt::rt::deck&) const at /home/mbrock/nxtui/build/../src-ng/nxt/rt/task.hpp:1901:18
#3  0x00005d1d4f415a82 in nxt::rt::deck::run_ready_with() at /home/mbrock/nxtui/build/../src-ng/nxt/rt/deck.hpp:200:33
#4  0x00005d1d4f4157d6 in nxt::rt::deck::run_ready() at /home/mbrock/nxtui/build/../src-ng/nxt/rt/deck.hpp:130:23
#5  0x00005d1d4f4abf2e in void nxt::rt::uring_wand::run_until_done<int>(nxt::rt::deck&, nxt::rt::task<int>&) at /home/mbrock/nxtui/build/../src-ng/nxt/rt/uring_wand.hpp:173:28
#6  0x00005d1d4f47fc31 in int nxt::rt::runtime::run<int>(nxt::rt::task<int>) at /home/mbrock/nxtui/build/../src-ng/nxt/rt/app.hpp:141:29
#7  0x00005d1d4f3873ee in main at /home/mbrock/nxtui/build/../src-ng/nxtai/nxtllm.cpp:1272:18
#8  0x000070ce23e2a600 in __libc_start_call_main at ./csu/../sysdeps/nptl/libc_start_call_main.h:59:16
#9  0x000070ce23e2a717 in __libc_start_main_impl at ./csu/../csu/libc-start.c:360:3
#10 0x00005d1d4f364f24 in _start at /home/mbrock/nxtui/build/nxtllm

stdout write #318 bytes 96
  at ../src-ng/nxt/rt/ui_runtime.hpp:434 in nxt::rt::task<void> nxt::rt::ui_runtime::terminal_owner_loop(std::chrono::milliseconds)
  preview "\e7\e[38;25H\e[48;2;37;83;90m\e[38;2;203;213;225m               9.2K/s\xe2\x86\x93\e[38;74H\e[48;2;43;45;46m2\e8"
Stack trace (most recent call first):
#0  0x00005d1d4f374d47 in write_stdout_all at /home/mbrock/nxtui/build/../src-ng/nxt/rt/ui_runtime.hpp:40:23
#1  0x00005d1d4f4138da in std::__n4861::coroutine_handle<void>::resume() const at /usr/include/c++/15/coroutine:142:50
#2  0x00005d1d4f419574 in nxt::rt::deck::ready_item::resume_if_ready(nxt::rt::deck&) const at /home/mbrock/nxtui/build/../src-ng/nxt/rt/task.hpp:1901:18
#3  0x00005d1d4f415a82 in nxt::rt::deck::run_ready_with() at /home/mbrock/nxtui/build/../src-ng/nxt/rt/deck.hpp:200:33
#4  0x00005d1d4f4157d6 in nxt::rt::deck::run_ready() at /home/mbrock/nxtui/build/../src-ng/nxt/rt/deck.hpp:130:23
#5  0x00005d1d4f4abf2e in void nxt::rt::uring_wand::run_until_done<int>(nxt::rt::deck&, nxt::rt::task<int>&) at /home/mbrock/nxtui/build/../src-ng/nxt/rt/uring_wand.hpp:173:28
#6  0x00005d1d4f47fc31 in int nxt::rt::runtime::run<int>(nxt::rt::task<int>) at /home/mbrock/nxtui/build/../src-ng/nxt/rt/app.hpp:141:29
#7  0x00005d1d4f3873ee in main at /home/mbrock/nxtui/build/../src-ng/nxtai/nxtllm.cpp:1272:18
#8  0x000070ce23e2a600 in __libc_start_call_main at ./csu/../sysdeps/nptl/libc_start_call_main.h:59:16
#9  0x000070ce23e2a717 in __libc_start_main_impl at ./csu/../csu/libc-start.c:360:3
#10 0x00005d1d4f364f24 in _start at /home/mbrock/nxtui/build/nxtllm

stdout write #319 bytes 138
  at ../src-ng/nxt/rt/ui_runtime.hpp:434 in nxt::rt::task<void> nxt::rt::ui_runtime::terminal_owner_loop(std::chrono::milliseconds)
  preview "\e7\e[38;25H\e[48;2;37;82;90m\e[38;2;203;213;225m               9.0K/s\xe2\x86\x93\e[38;74H\e[48;2;43;45;46m1\e[38;83H\e[48;2;2;6;23m\e[38;2;100;116;139m7\e8"
Stack trace (most recent call first):
#0  0x00005d1d4f374d47 in write_stdout_all at /home/mbrock/nxtui/build/../src-ng/nxt/rt/ui_runtime.hpp:40:23
#1  0x00005d1d4f4138da in std::__n4861::coroutine_handle<void>::resume() const at /usr/include/c++/15/coroutine:142:50
#2  0x00005d1d4f419574 in nxt::rt::deck::ready_item::resume_if_ready(nxt::rt::deck&) const at /home/mbrock/nxtui/build/../src-ng/nxt/rt/task.hpp:1901:18
#3  0x00005d1d4f415a82 in nxt::rt::deck::run_ready_with() at /home/mbrock/nxtui/build/../src-ng/nxt/rt/deck.hpp:200:33
#4  0x00005d1d4f4157d6 in nxt::rt::deck::run_ready() at /home/mbrock/nxtui/build/../src-ng/nxt/rt/deck.hpp:130:23
#5  0x00005d1d4f4abf2e in void nxt::rt::uring_wand::run_until_done<int>(nxt::rt::deck&, nxt::rt::task<int>&) at /home/mbrock/nxtui/build/../src-ng/nxt/rt/uring_wand.hpp:173:28
#6  0x00005d1d4f47fc31 in int nxt::rt::runtime::run<int>(nxt::rt::task<int>) at /home/mbrock/nxtui/build/../src-ng/nxt/rt/app.hpp:141:29
#7  0x00005d1d4f3873ee in main at /home/mbrock/nxtui/build/../src-ng/nxtai/nxtllm.cpp:1272:18
#8  0x000070ce23e2a600 in __libc_start_call_main at ./csu/../sysdeps/nptl/libc_start_call_main.h:59:16
#9  0x000070ce23e2a717 in __libc_start_main_impl at ./csu/../csu/libc-start.c:360:3
#10 0x00005d1d4f364f24 in _start at /home/mbrock/nxtui/build/nxtllm

stdout write #320 bytes 47
  at ../src-ng/nxt/rt/ui_runtime.hpp:434 in nxt::rt::task<void> nxt::rt::ui_runtime::terminal_owner_loop(std::chrono::milliseconds)
  preview "\e7\e[37;37H\e[48;2;2;6;23m\e[38;2;203;213;225mup\e8"
Stack trace (most recent call first):
#0  0x00005d1d4f374d47 in write_stdout_all at /home/mbrock/nxtui/build/../src-ng/nxt/rt/ui_runtime.hpp:40:23
#1  0x00005d1d4f4138da in std::__n4861::coroutine_handle<void>::resume() const at /usr/include/c++/15/coroutine:142:50
#2  0x00005d1d4f419574 in nxt::rt::deck::ready_item::resume_if_ready(nxt::rt::deck&) const at /home/mbrock/nxtui/build/../src-ng/nxt/rt/task.hpp:1901:18
#3  0x00005d1d4f415a82 in nxt::rt::deck::run_ready_with() at /home/mbrock/nxtui/build/../src-ng/nxt/rt/deck.hpp:200:33
#4  0x00005d1d4f4157d6 in nxt::rt::deck::run_ready() at /home/mbrock/nxtui/build/../src-ng/nxt/rt/deck.hpp:130:23
#5  0x00005d1d4f4abf2e in void nxt::rt::uring_wand::run_until_done<int>(nxt::rt::deck&, nxt::rt::task<int>&) at /home/mbrock/nxtui/build/../src-ng/nxt/rt/uring_wand.hpp:173:28
#6  0x00005d1d4f47fc31 in int nxt::rt::runtime::run<int>(nxt::rt::task<int>) at /home/mbrock/nxtui/build/../src-ng/nxt/rt/app.hpp:141:29
#7  0x00005d1d4f3873ee in main at /home/mbrock/nxtui/build/../src-ng/nxtai/nxtllm.cpp:1272:18
#8  0x000070ce23e2a600 in __libc_start_call_main at ./csu/../sysdeps/nptl/libc_start_call_main.h:59:16
#9  0x000070ce23e2a717 in __libc_start_main_impl at ./csu/../csu/libc-start.c:360:3
#10 0x00005d1d4f364f24 in _start at /home/mbrock/nxtui/build/nxtllm

stdout write #321 bytes 136
  at ../src-ng/nxt/rt/ui_runtime.hpp:434 in nxt::rt::task<void> nxt::rt::ui_runtime::terminal_owner_loop(std::chrono::milliseconds)
  preview "\e7\e[38;21H\e[48;2;2;6;23m\e[38;2;203;213;225m8\e[38;25H\e[48;2;37;83;90m               9.2K/s\xe2\x86\x93\e[38;83H\e[48;2;2;6;23m\e[38;2;100;116;139m8\e8"
Stack trace (most recent call first):
#0  0x00005d1d4f374d47 in write_stdout_all at /home/mbrock/nxtui/build/../src-ng/nxt/rt/ui_runtime.hpp:40:23
#1  0x00005d1d4f4138da in std::__n4861::coroutine_handle<void>::resume() const at /usr/include/c++/15/coroutine:142:50
#2  0x00005d1d4f419574 in nxt::rt::deck::ready_item::resume_if_ready(nxt::rt::deck&) const at /home/mbrock/nxtui/build/../src-ng/nxt/rt/task.hpp:1901:18
#3  0x00005d1d4f415a82 in nxt::rt::deck::run_ready_with() at /home/mbrock/nxtui/build/../src-ng/nxt/rt/deck.hpp:200:33
#4  0x00005d1d4f4157d6 in nxt::rt::deck::run_ready() at /home/mbrock/nxtui/build/../src-ng/nxt/rt/deck.hpp:130:23
#5  0x00005d1d4f4abf2e in void nxt::rt::uring_wand::run_until_done<int>(nxt::rt::deck&, nxt::rt::task<int>&) at /home/mbrock/nxtui/build/../src-ng/nxt/rt/uring_wand.hpp:173:28
#6  0x00005d1d4f47fc31 in int nxt::rt::runtime::run<int>(nxt::rt::task<int>) at /home/mbrock/nxtui/build/../src-ng/nxt/rt/app.hpp:141:29
#7  0x00005d1d4f3873ee in main at /home/mbrock/nxtui/build/../src-ng/nxtai/nxtllm.cpp:1272:18
#8  0x000070ce23e2a600 in __libc_start_call_main at ./csu/../sysdeps/nptl/libc_start_call_main.h:59:16
#9  0x000070ce23e2a717 in __libc_start_main_impl at ./csu/../csu/libc-start.c:360:3
#10 0x00005d1d4f364f24 in _start at /home/mbrock/nxtui/build/nxtllm

stdout write #322 bytes 96
  at ../src-ng/nxt/rt/ui_runtime.hpp:434 in nxt::rt::task<void> nxt::rt::ui_runtime::terminal_owner_loop(std::chrono::milliseconds)
  preview "\e7\e[38;25H\e[48;2;37;82;90m\e[38;2;203;213;225m               9.0K/s\xe2\x86\x93\e[38;74H\e[48;2;43;45;46m0\e8"
Stack trace (most recent call first):
#0  0x00005d1d4f374d47 in write_stdout_all at /home/mbrock/nxtui/build/../src-ng/nxt/rt/ui_runtime.hpp:40:23
#1  0x00005d1d4f4138da in std::__n4861::coroutine_handle<void>::resume() const at /usr/include/c++/15/coroutine:142:50
#2  0x00005d1d4f419574 in nxt::rt::deck::ready_item::resume_if_ready(nxt::rt::deck&) const at /home/mbrock/nxtui/build/../src-ng/nxt/rt/task.hpp:1901:18
#3  0x00005d1d4f415a82 in nxt::rt::deck::run_ready_with() at /home/mbrock/nxtui/build/../src-ng/nxt/rt/deck.hpp:200:33
#4  0x00005d1d4f4157d6 in nxt::rt::deck::run_ready() at /home/mbrock/nxtui/build/../src-ng/nxt/rt/deck.hpp:130:23
#5  0x00005d1d4f4abf2e in void nxt::rt::uring_wand::run_until_done<int>(nxt::rt::deck&, nxt::rt::task<int>&) at /home/mbrock/nxtui/build/../src-ng/nxt/rt/uring_wand.hpp:173:28
#6  0x00005d1d4f47fc31 in int nxt::rt::runtime::run<int>(nxt::rt::task<int>) at /home/mbrock/nxtui/build/../src-ng/nxt/rt/app.hpp:141:29
#7  0x00005d1d4f3873ee in main at /home/mbrock/nxtui/build/../src-ng/nxtai/nxtllm.cpp:1272:18
#8  0x000070ce23e2a600 in __libc_start_call_main at ./csu/../sysdeps/nptl/libc_start_call_main.h:59:16
#9  0x000070ce23e2a717 in __libc_start_main_impl at ./csu/../csu/libc-start.c:360:3
#10 0x00005d1d4f364f24 in _start at /home/mbrock/nxtui/build/nxtllm

stdout write #323 bytes 46
  at ../src-ng/nxt/rt/ui_runtime.hpp:434 in nxt::rt::task<void> nxt::rt::ui_runtime::terminal_owner_loop(std::chrono::milliseconds)
  preview "\e7\e[37;40H\e[48;2;2;6;23m\e[38;2;203;213;225ma\e8"
Stack trace (most recent call first):
#0  0x00005d1d4f374d47 in write_stdout_all at /home/mbrock/nxtui/build/../src-ng/nxt/rt/ui_runtime.hpp:40:23
#1  0x00005d1d4f4138da in std::__n4861::coroutine_handle<void>::resume() const at /usr/include/c++/15/coroutine:142:50
#2  0x00005d1d4f419574 in nxt::rt::deck::ready_item::resume_if_ready(nxt::rt::deck&) const at /home/mbrock/nxtui/build/../src-ng/nxt/rt/task.hpp:1901:18
#3  0x00005d1d4f415a82 in nxt::rt::deck::run_ready_with() at /home/mbrock/nxtui/build/../src-ng/nxt/rt/deck.hpp:200:33
#4  0x00005d1d4f4157d6 in nxt::rt::deck::run_ready() at /home/mbrock/nxtui/build/../src-ng/nxt/rt/deck.hpp:130:23
#5  0x00005d1d4f4abf2e in void nxt::rt::uring_wand::run_until_done<int>(nxt::rt::deck&, nxt::rt::task<int>&) at /home/mbrock/nxtui/build/../src-ng/nxt/rt/uring_wand.hpp:173:28
#6  0x00005d1d4f47fc31 in int nxt::rt::runtime::run<int>(nxt::rt::task<int>) at /home/mbrock/nxtui/build/../src-ng/nxt/rt/app.hpp:141:29
#7  0x00005d1d4f3873ee in main at /home/mbrock/nxtui/build/../src-ng/nxtai/nxtllm.cpp:1272:18
#8  0x000070ce23e2a600 in __libc_start_call_main at ./csu/../sysdeps/nptl/libc_start_call_main.h:59:16
#9  0x000070ce23e2a717 in __libc_start_main_impl at ./csu/../csu/libc-start.c:360:3
#10 0x00005d1d4f364f24 in _start at /home/mbrock/nxtui/build/nxtllm

stdout write #324 bytes 139
  at ../src-ng/nxt/rt/ui_runtime.hpp:434 in nxt::rt::task<void> nxt::rt::ui_runtime::terminal_owner_loop(std::chrono::milliseconds)
  preview "\e7\e[38;25H\e[48;2;37;83;90m\e[38;2;203;213;225m               9.2K/s\xe2\x86\x93\e[38;73H\e[48;2;43;45;46m39\e[38;83H\e[48;2;2;6;23m\e[38;2;100;116;139m9\e8"
Stack trace (most recent call first):
#0  0x00005d1d4f374d47 in write_stdout_all at /home/mbrock/nxtui/build/../src-ng/nxt/rt/ui_runtime.hpp:40:23
#1  0x00005d1d4f4138da in std::__n4861::coroutine_handle<void>::resume() const at /usr/include/c++/15/coroutine:142:50
#2  0x00005d1d4f419574 in nxt::rt::deck::ready_item::resume_if_ready(nxt::rt::deck&) const at /home/mbrock/nxtui/build/../src-ng/nxt/rt/task.hpp:1901:18
#3  0x00005d1d4f415a82 in nxt::rt::deck::run_ready_with() at /home/mbrock/nxtui/build/../src-ng/nxt/rt/deck.hpp:200:33
#4  0x00005d1d4f4157d6 in nxt::rt::deck::run_ready() at /home/mbrock/nxtui/build/../src-ng/nxt/rt/deck.hpp:130:23
#5  0x00005d1d4f4abf2e in void nxt::rt::uring_wand::run_until_done<int>(nxt::rt::deck&, nxt::rt::task<int>&) at /home/mbrock/nxtui/build/../src-ng/nxt/rt/uring_wand.hpp:173:28
#6  0x00005d1d4f47fc31 in int nxt::rt::runtime::run<int>(nxt::rt::task<int>) at /home/mbrock/nxtui/build/../src-ng/nxt/rt/app.hpp:141:29
#7  0x00005d1d4f3873ee in main at /home/mbrock/nxtui/build/../src-ng/nxtai/nxtllm.cpp:1272:18
#8  0x000070ce23e2a600 in __libc_start_call_main at ./csu/../sysdeps/nptl/libc_start_call_main.h:59:16
#9  0x000070ce23e2a717 in __libc_start_main_impl at ./csu/../csu/libc-start.c:360:3
#10 0x00005d1d4f364f24 in _start at /home/mbrock/nxtui/build/nxtllm

stdout write #325 bytes 71
  at ../src-ng/nxt/rt/ui_runtime.hpp:434 in nxt::rt::task<void> nxt::rt::ui_runtime::terminal_owner_loop(std::chrono::milliseconds)
  preview "\e7\e[38;25H\e[48;2;37;82;90m\e[38;2;203;213;225m               9.0K/s\xe2\x86\x93\e8"
Stack trace (most recent call first):
#0  0x00005d1d4f374d47 in write_stdout_all at /home/mbrock/nxtui/build/../src-ng/nxt/rt/ui_runtime.hpp:40:23
#1  0x00005d1d4f4138da in std::__n4861::coroutine_handle<void>::resume() const at /usr/include/c++/15/coroutine:142:50
#2  0x00005d1d4f419574 in nxt::rt::deck::ready_item::resume_if_ready(nxt::rt::deck&) const at /home/mbrock/nxtui/build/../src-ng/nxt/rt/task.hpp:1901:18
#3  0x00005d1d4f415a82 in nxt::rt::deck::run_ready_with() at /home/mbrock/nxtui/build/../src-ng/nxt/rt/deck.hpp:200:33
#4  0x00005d1d4f4157d6 in nxt::rt::deck::run_ready() at /home/mbrock/nxtui/build/../src-ng/nxt/rt/deck.hpp:130:23
#5  0x00005d1d4f4abf2e in void nxt::rt::uring_wand::run_until_done<int>(nxt::rt::deck&, nxt::rt::task<int>&) at /home/mbrock/nxtui/build/../src-ng/nxt/rt/uring_wand.hpp:173:28
#6  0x00005d1d4f47fc31 in int nxt::rt::runtime::run<int>(nxt::rt::task<int>) at /home/mbrock/nxtui/build/../src-ng/nxt/rt/app.hpp:141:29
#7  0x00005d1d4f3873ee in main at /home/mbrock/nxtui/build/../src-ng/nxtai/nxtllm.cpp:1272:18
#8  0x000070ce23e2a600 in __libc_start_call_main at ./csu/../sysdeps/nptl/libc_start_call_main.h:59:16
#9  0x000070ce23e2a717 in __libc_start_main_impl at ./csu/../csu/libc-start.c:360:3
#10 0x00005d1d4f364f24 in _start at /home/mbrock/nxtui/build/nxtllm

stdout write #326 bytes 51
  at ../src-ng/nxt/rt/ui_runtime.hpp:434 in nxt::rt::task<void> nxt::rt::ui_runtime::terminal_owner_loop(std::chrono::milliseconds)
  preview "\e7\e[37;42H\e[48;2;2;6;23m\e[38;2;203;213;225mlittle\e8"
Stack trace (most recent call first):
#0  0x00005d1d4f374d47 in write_stdout_all at /home/mbrock/nxtui/build/../src-ng/nxt/rt/ui_runtime.hpp:40:23
#1  0x00005d1d4f4138da in std::__n4861::coroutine_handle<void>::resume() const at /usr/include/c++/15/coroutine:142:50
#2  0x00005d1d4f419574 in nxt::rt::deck::ready_item::resume_if_ready(nxt::rt::deck&) const at /home/mbrock/nxtui/build/../src-ng/nxt/rt/task.hpp:1901:18
#3  0x00005d1d4f415a82 in nxt::rt::deck::run_ready_with() at /home/mbrock/nxtui/build/../src-ng/nxt/rt/deck.hpp:200:33
#4  0x00005d1d4f4157d6 in nxt::rt::deck::run_ready() at /home/mbrock/nxtui/build/../src-ng/nxt/rt/deck.hpp:130:23
#5  0x00005d1d4f4abf2e in void nxt::rt::uring_wand::run_until_done<int>(nxt::rt::deck&, nxt::rt::task<int>&) at /home/mbrock/nxtui/build/../src-ng/nxt/rt/uring_wand.hpp:173:28
#6  0x00005d1d4f47fc31 in int nxt::rt::runtime::run<int>(nxt::rt::task<int>) at /home/mbrock/nxtui/build/../src-ng/nxt/rt/app.hpp:141:29
#7  0x00005d1d4f3873ee in main at /home/mbrock/nxtui/build/../src-ng/nxtai/nxtllm.cpp:1272:18
#8  0x000070ce23e2a600 in __libc_start_call_main at ./csu/../sysdeps/nptl/libc_start_call_main.h:59:16
#9  0x000070ce23e2a717 in __libc_start_main_impl at ./csu/../csu/libc-start.c:360:3
#10 0x00005d1d4f364f24 in _start at /home/mbrock/nxtui/build/nxtllm

stdout write #327 bytes 139
  at ../src-ng/nxt/rt/ui_runtime.hpp:434 in nxt::rt::task<void> nxt::rt::ui_runtime::terminal_owner_loop(std::chrono::milliseconds)
  preview "\e7\e[38;25H\e[48;2;37;83;90m\e[38;2;203;213;225m               9.2K/s\xe2\x86\x93\e[38;74H\e[48;2;43;45;46m8\e[38;82H\e[48;2;2;6;23m\e[38;2;100;116;139m70\e8"
Stack trace (most recent call first):
#0  0x00005d1d4f374d47 in write_stdout_all at /home/mbrock/nxtui/build/../src-ng/nxt/rt/ui_runtime.hpp:40:23
#1  0x00005d1d4f4138da in std::__n4861::coroutine_handle<void>::resume() const at /usr/include/c++/15/coroutine:142:50
#2  0x00005d1d4f419574 in nxt::rt::deck::ready_item::resume_if_ready(nxt::rt::deck&) const at /home/mbrock/nxtui/build/../src-ng/nxt/rt/task.hpp:1901:18
#3  0x00005d1d4f415a82 in nxt::rt::deck::run_ready_with() at /home/mbrock/nxtui/build/../src-ng/nxt/rt/deck.hpp:200:33
#4  0x00005d1d4f4157d6 in nxt::rt::deck::run_ready() at /home/mbrock/nxtui/build/../src-ng/nxt/rt/deck.hpp:130:23
#5  0x00005d1d4f4abf2e in void nxt::rt::uring_wand::run_until_done<int>(nxt::rt::deck&, nxt::rt::task<int>&) at /home/mbrock/nxtui/build/../src-ng/nxt/rt/uring_wand.hpp:173:28
#6  0x00005d1d4f47fc31 in int nxt::rt::runtime::run<int>(nxt::rt::task<int>) at /home/mbrock/nxtui/build/../src-ng/nxt/rt/app.hpp:141:29
#7  0x00005d1d4f3873ee in main at /home/mbrock/nxtui/build/../src-ng/nxtai/nxtllm.cpp:1272:18
#8  0x000070ce23e2a600 in __libc_start_call_main at ./csu/../sysdeps/nptl/libc_start_call_main.h:59:16
#9  0x000070ce23e2a717 in __libc_start_main_impl at ./csu/../csu/libc-start.c:360:3
#10 0x00005d1d4f364f24 in _start at /home/mbrock/nxtui/build/nxtllm

stdout write #328 bytes 71
  at ../src-ng/nxt/rt/ui_runtime.hpp:434 in nxt::rt::task<void> nxt::rt::ui_runtime::terminal_owner_loop(std::chrono::milliseconds)
  preview "\e7\e[38;25H\e[48;2;37;82;90m\e[38;2;203;213;225m               9.0K/s\xe2\x86\x93\e8"
Stack trace (most recent call first):
#0  0x00005d1d4f374d47 in write_stdout_all at /home/mbrock/nxtui/build/../src-ng/nxt/rt/ui_runtime.hpp:40:23
#1  0x00005d1d4f4138da in std::__n4861::coroutine_handle<void>::resume() const at /usr/include/c++/15/coroutine:142:50
#2  0x00005d1d4f419574 in nxt::rt::deck::ready_item::resume_if_ready(nxt::rt::deck&) const at /home/mbrock/nxtui/build/../src-ng/nxt/rt/task.hpp:1901:18
#3  0x00005d1d4f415a82 in nxt::rt::deck::run_ready_with() at /home/mbrock/nxtui/build/../src-ng/nxt/rt/deck.hpp:200:33
#4  0x00005d1d4f4157d6 in nxt::rt::deck::run_ready() at /home/mbrock/nxtui/build/../src-ng/nxt/rt/deck.hpp:130:23
#5  0x00005d1d4f4abf2e in void nxt::rt::uring_wand::run_until_done<int>(nxt::rt::deck&, nxt::rt::task<int>&) at /home/mbrock/nxtui/build/../src-ng/nxt/rt/uring_wand.hpp:173:28
#6  0x00005d1d4f47fc31 in int nxt::rt::runtime::run<int>(nxt::rt::task<int>) at /home/mbrock/nxtui/build/../src-ng/nxt/rt/app.hpp:141:29
#7  0x00005d1d4f3873ee in main at /home/mbrock/nxtui/build/../src-ng/nxtai/nxtllm.cpp:1272:18
#8  0x000070ce23e2a600 in __libc_start_call_main at ./csu/../sysdeps/nptl/libc_start_call_main.h:59:16
#9  0x000070ce23e2a717 in __libc_start_main_impl at ./csu/../csu/libc-start.c:360:3
#10 0x00005d1d4f364f24 in _start at /home/mbrock/nxtui/build/nxtllm

stdout write #329 bytes 51
  at ../src-ng/nxt/rt/ui_runtime.hpp:434 in nxt::rt::task<void> nxt::rt::ui_runtime::terminal_owner_loop(std::chrono::milliseconds)
  preview "\e7\e[37;49H\e[48;2;2;6;23m\e[38;2;203;213;225mscript\e8"
Stack trace (most recent call first):
#0  0x00005d1d4f374d47 in write_stdout_all at /home/mbrock/nxtui/build/../src-ng/nxt/rt/ui_runtime.hpp:40:23
#1  0x00005d1d4f4138da in std::__n4861::coroutine_handle<void>::resume() const at /usr/include/c++/15/coroutine:142:50
#2  0x00005d1d4f419574 in nxt::rt::deck::ready_item::resume_if_ready(nxt::rt::deck&) const at /home/mbrock/nxtui/build/../src-ng/nxt/rt/task.hpp:1901:18
#3  0x00005d1d4f415a82 in nxt::rt::deck::run_ready_with() at /home/mbrock/nxtui/build/../src-ng/nxt/rt/deck.hpp:200:33
#4  0x00005d1d4f4157d6 in nxt::rt::deck::run_ready() at /home/mbrock/nxtui/build/../src-ng/nxt/rt/deck.hpp:130:23
#5  0x00005d1d4f4abf2e in void nxt::rt::uring_wand::run_until_done<int>(nxt::rt::deck&, nxt::rt::task<int>&) at /home/mbrock/nxtui/build/../src-ng/nxt/rt/uring_wand.hpp:173:28
#6  0x00005d1d4f47fc31 in int nxt::rt::runtime::run<int>(nxt::rt::task<int>) at /home/mbrock/nxtui/build/../src-ng/nxt/rt/app.hpp:141:29
#7  0x00005d1d4f3873ee in main at /home/mbrock/nxtui/build/../src-ng/nxtai/nxtllm.cpp:1272:18
#8  0x000070ce23e2a600 in __libc_start_call_main at ./csu/../sysdeps/nptl/libc_start_call_main.h:59:16
#9  0x000070ce23e2a717 in __libc_start_main_impl at ./csu/../csu/libc-start.c:360:3
#10 0x00005d1d4f364f24 in _start at /home/mbrock/nxtui/build/nxtllm

stdout write #330 bytes 161
  at ../src-ng/nxt/rt/ui_runtime.hpp:434 in nxt::rt::task<void> nxt::rt::ui_runtime::terminal_owner_loop(std::chrono::milliseconds)
  preview "\e7\e[38;21H\e[48;2;2;6;23m\e[38;2;203;213;225m9\e[38;25H\e[48;2;37;83;90m               9.2K/s\xe2\x86\x93\e[38;74H\e[48;2;43;45;46m7\e[38;83H\e[48;2;2;6;23m\e[38;2;100;116;139m1\e8"
Stack trace (most recent call first):
#0  0x00005d1d4f374d47 in write_stdout_all at /home/mbrock/nxtui/build/../src-ng/nxt/rt/ui_runtime.hpp:40:23
#1  0x00005d1d4f4138da in std::__n4861::coroutine_handle<void>::resume() const at /usr/include/c++/15/coroutine:142:50
#2  0x00005d1d4f419574 in nxt::rt::deck::ready_item::resume_if_ready(nxt::rt::deck&) const at /home/mbrock/nxtui/build/../src-ng/nxt/rt/task.hpp:1901:18
#3  0x00005d1d4f415a82 in nxt::rt::deck::run_ready_with() at /home/mbrock/nxtui/build/../src-ng/nxt/rt/deck.hpp:200:33
#4  0x00005d1d4f4157d6 in nxt::rt::deck::run_ready() at /home/mbrock/nxtui/build/../src-ng/nxt/rt/deck.hpp:130:23
#5  0x00005d1d4f4abf2e in void nxt::rt::uring_wand::run_until_done<int>(nxt::rt::deck&, nxt::rt::task<int>&) at /home/mbrock/nxtui/build/../src-ng/nxt/rt/uring_wand.hpp:173:28
#6  0x00005d1d4f47fc31 in int nxt::rt::runtime::run<int>(nxt::rt::task<int>) at /home/mbrock/nxtui/build/../src-ng/nxt/rt/app.hpp:141:29
#7  0x00005d1d4f3873ee in main at /home/mbrock/nxtui/build/../src-ng/nxtai/nxtllm.cpp:1272:18
#8  0x000070ce23e2a600 in __libc_start_call_main at ./csu/../sysdeps/nptl/libc_start_call_main.h:59:16
#9  0x000070ce23e2a717 in __libc_start_main_impl at ./csu/../csu/libc-start.c:360:3
#10 0x00005d1d4f364f24 in _start at /home/mbrock/nxtui/build/nxtllm

stdout write #331 bytes 96
  at ../src-ng/nxt/rt/ui_runtime.hpp:434 in nxt::rt::task<void> nxt::rt::ui_runtime::terminal_owner_loop(std::chrono::milliseconds)
  preview "\e7\e[38;25H\e[48;2;37;82;90m\e[38;2;203;213;225m               9.0K/s\xe2\x86\x93\e[38;74H\e[48;2;43;45;46m6\e8"
Stack trace (most recent call first):
#0  0x00005d1d4f374d47 in write_stdout_all at /home/mbrock/nxtui/build/../src-ng/nxt/rt/ui_runtime.hpp:40:23
#1  0x00005d1d4f4138da in std::__n4861::coroutine_handle<void>::resume() const at /usr/include/c++/15/coroutine:142:50
#2  0x00005d1d4f419574 in nxt::rt::deck::ready_item::resume_if_ready(nxt::rt::deck&) const at /home/mbrock/nxtui/build/../src-ng/nxt/rt/task.hpp:1901:18
#3  0x00005d1d4f415a82 in nxt::rt::deck::run_ready_with() at /home/mbrock/nxtui/build/../src-ng/nxt/rt/deck.hpp:200:33
#4  0x00005d1d4f4157d6 in nxt::rt::deck::run_ready() at /home/mbrock/nxtui/build/../src-ng/nxt/rt/deck.hpp:130:23
#5  0x00005d1d4f4abf2e in void nxt::rt::uring_wand::run_until_done<int>(nxt::rt::deck&, nxt::rt::task<int>&) at /home/mbrock/nxtui/build/../src-ng/nxt/rt/uring_wand.hpp:173:28
#6  0x00005d1d4f47fc31 in int nxt::rt::runtime::run<int>(nxt::rt::task<int>) at /home/mbrock/nxtui/build/../src-ng/nxt/rt/app.hpp:141:29
#7  0x00005d1d4f3873ee in main at /home/mbrock/nxtui/build/../src-ng/nxtai/nxtllm.cpp:1272:18
#8  0x000070ce23e2a600 in __libc_start_call_main at ./csu/../sysdeps/nptl/libc_start_call_main.h:59:16
#9  0x000070ce23e2a717 in __libc_start_main_impl at ./csu/../csu/libc-start.c:360:3
#10 0x00005d1d4f364f24 in _start at /home/mbrock/nxtui/build/nxtllm

stdout write #332 bytes 46
  at ../src-ng/nxt/rt/ui_runtime.hpp:434 in nxt::rt::task<void> nxt::rt::ui_runtime::terminal_owner_loop(std::chrono::milliseconds)
  preview "\e7\e[37;55H\e[48;2;2;6;23m\e[38;2;203;213;225m,\e8"
Stack trace (most recent call first):
#0  0x00005d1d4f374d47 in write_stdout_all at /home/mbrock/nxtui/build/../src-ng/nxt/rt/ui_runtime.hpp:40:23
#1  0x00005d1d4f4138da in std::__n4861::coroutine_handle<void>::resume() const at /usr/include/c++/15/coroutine:142:50
#2  0x00005d1d4f419574 in nxt::rt::deck::ready_item::resume_if_ready(nxt::rt::deck&) const at /home/mbrock/nxtui/build/../src-ng/nxt/rt/task.hpp:1901:18
#3  0x00005d1d4f415a82 in nxt::rt::deck::run_ready_with() at /home/mbrock/nxtui/build/../src-ng/nxt/rt/deck.hpp:200:33
#4  0x00005d1d4f4157d6 in nxt::rt::deck::run_ready() at /home/mbrock/nxtui/build/../src-ng/nxt/rt/deck.hpp:130:23
#5  0x00005d1d4f4abf2e in void nxt::rt::uring_wand::run_until_done<int>(nxt::rt::deck&, nxt::rt::task<int>&) at /home/mbrock/nxtui/build/../src-ng/nxt/rt/uring_wand.hpp:173:28
#6  0x00005d1d4f47fc31 in int nxt::rt::runtime::run<int>(nxt::rt::task<int>) at /home/mbrock/nxtui/build/../src-ng/nxt/rt/app.hpp:141:29
#7  0x00005d1d4f3873ee in main at /home/mbrock/nxtui/build/../src-ng/nxtai/nxtllm.cpp:1272:18
#8  0x000070ce23e2a600 in __libc_start_call_main at ./csu/../sysdeps/nptl/libc_start_call_main.h:59:16
#9  0x000070ce23e2a717 in __libc_start_main_impl at ./csu/../csu/libc-start.c:360:3
#10 0x00005d1d4f364f24 in _start at /home/mbrock/nxtui/build/nxtllm

stdout write #333 bytes 113
  at ../src-ng/nxt/rt/ui_runtime.hpp:434 in nxt::rt::task<void> nxt::rt::ui_runtime::terminal_owner_loop(std::chrono::milliseconds)
  preview "\e7\e[38;25H\e[48;2;37;83;90m\e[38;2;203;213;225m               9.2K/s\xe2\x86\x93\e[38;83H\e[48;2;2;6;23m\e[38;2;100;116;139m2\e8"
Stack trace (most recent call first):
#0  0x00005d1d4f374d47 in write_stdout_all at /home/mbrock/nxtui/build/../src-ng/nxt/rt/ui_runtime.hpp:40:23
#1  0x00005d1d4f4138da in std::__n4861::coroutine_handle<void>::resume() const at /usr/include/c++/15/coroutine:142:50
#2  0x00005d1d4f419574 in nxt::rt::deck::ready_item::resume_if_ready(nxt::rt::deck&) const at /home/mbrock/nxtui/build/../src-ng/nxt/rt/task.hpp:1901:18
#3  0x00005d1d4f415a82 in nxt::rt::deck::run_ready_with() at /home/mbrock/nxtui/build/../src-ng/nxt/rt/deck.hpp:200:33
#4  0x00005d1d4f4157d6 in nxt::rt::deck::run_ready() at /home/mbrock/nxtui/build/../src-ng/nxt/rt/deck.hpp:130:23
#5  0x00005d1d4f4abf2e in void nxt::rt::uring_wand::run_until_done<int>(nxt::rt::deck&, nxt::rt::task<int>&) at /home/mbrock/nxtui/build/../src-ng/nxt/rt/uring_wand.hpp:173:28
#6  0x00005d1d4f47fc31 in int nxt::rt::runtime::run<int>(nxt::rt::task<int>) at /home/mbrock/nxtui/build/../src-ng/nxt/rt/app.hpp:141:29
#7  0x00005d1d4f3873ee in main at /home/mbrock/nxtui/build/../src-ng/nxtai/nxtllm.cpp:1272:18
#8  0x000070ce23e2a600 in __libc_start_call_main at ./csu/../sysdeps/nptl/libc_start_call_main.h:59:16
#9  0x000070ce23e2a717 in __libc_start_main_impl at ./csu/../csu/libc-start.c:360:3
#10 0x00005d1d4f364f24 in _start at /home/mbrock/nxtui/build/nxtllm

stdout write #334 bytes 96
  at ../src-ng/nxt/rt/ui_runtime.hpp:434 in nxt::rt::task<void> nxt::rt::ui_runtime::terminal_owner_loop(std::chrono::milliseconds)
  preview "\e7\e[38;25H\e[48;2;37;82;90m\e[38;2;203;213;225m               9.0K/s\xe2\x86\x93\e[38;74H\e[48;2;43;45;46m5\e8"
Stack trace (most recent call first):
#0  0x00005d1d4f374d47 in write_stdout_all at /home/mbrock/nxtui/build/../src-ng/nxt/rt/ui_runtime.hpp:40:23
#1  0x00005d1d4f4138da in std::__n4861::coroutine_handle<void>::resume() const at /usr/include/c++/15/coroutine:142:50
#2  0x00005d1d4f419574 in nxt::rt::deck::ready_item::resume_if_ready(nxt::rt::deck&) const at /home/mbrock/nxtui/build/../src-ng/nxt/rt/task.hpp:1901:18
#3  0x00005d1d4f415a82 in nxt::rt::deck::run_ready_with() at /home/mbrock/nxtui/build/../src-ng/nxt/rt/deck.hpp:200:33
#4  0x00005d1d4f4157d6 in nxt::rt::deck::run_ready() at /home/mbrock/nxtui/build/../src-ng/nxt/rt/deck.hpp:130:23
#5  0x00005d1d4f4abf2e in void nxt::rt::uring_wand::run_until_done<int>(nxt::rt::deck&, nxt::rt::task<int>&) at /home/mbrock/nxtui/build/../src-ng/nxt/rt/uring_wand.hpp:173:28
#6  0x00005d1d4f47fc31 in int nxt::rt::runtime::run<int>(nxt::rt::task<int>) at /home/mbrock/nxtui/build/../src-ng/nxt/rt/app.hpp:141:29
#7  0x00005d1d4f3873ee in main at /home/mbrock/nxtui/build/../src-ng/nxtai/nxtllm.cpp:1272:18
#8  0x000070ce23e2a600 in __libc_start_call_main at ./csu/../sysdeps/nptl/libc_start_call_main.h:59:16
#9  0x000070ce23e2a717 in __libc_start_main_impl at ./csu/../csu/libc-start.c:360:3
#10 0x00005d1d4f364f24 in _start at /home/mbrock/nxtui/build/nxtllm

stdout write #335 bytes 49
  at ../src-ng/nxt/rt/ui_runtime.hpp:434 in nxt::rt::task<void> nxt::rt::ui_runtime::terminal_owner_loop(std::chrono::milliseconds)
  preview "\e7\e[37;57H\e[48;2;2;6;23m\e[38;2;203;213;225mlike\e8"
Stack trace (most recent call first):
#0  0x00005d1d4f374d47 in write_stdout_all at /home/mbrock/nxtui/build/../src-ng/nxt/rt/ui_runtime.hpp:40:23
#1  0x00005d1d4f4138da in std::__n4861::coroutine_handle<void>::resume() const at /usr/include/c++/15/coroutine:142:50
#2  0x00005d1d4f419574 in nxt::rt::deck::ready_item::resume_if_ready(nxt::rt::deck&) const at /home/mbrock/nxtui/build/../src-ng/nxt/rt/task.hpp:1901:18
#3  0x00005d1d4f415a82 in nxt::rt::deck::run_ready_with() at /home/mbrock/nxtui/build/../src-ng/nxt/rt/deck.hpp:200:33
#4  0x00005d1d4f4157d6 in nxt::rt::deck::run_ready() at /home/mbrock/nxtui/build/../src-ng/nxt/rt/deck.hpp:130:23
#5  0x00005d1d4f4abf2e in void nxt::rt::uring_wand::run_until_done<int>(nxt::rt::deck&, nxt::rt::task<int>&) at /home/mbrock/nxtui/build/../src-ng/nxt/rt/uring_wand.hpp:173:28
#6  0x00005d1d4f47fc31 in int nxt::rt::runtime::run<int>(nxt::rt::task<int>) at /home/mbrock/nxtui/build/../src-ng/nxt/rt/app.hpp:141:29
#7  0x00005d1d4f3873ee in main at /home/mbrock/nxtui/build/../src-ng/nxtai/nxtllm.cpp:1272:18
#8  0x000070ce23e2a600 in __libc_start_call_main at ./csu/../sysdeps/nptl/libc_start_call_main.h:59:16
#9  0x000070ce23e2a717 in __libc_start_main_impl at ./csu/../csu/libc-start.c:360:3
#10 0x00005d1d4f364f24 in _start at /home/mbrock/nxtui/build/nxtllm

stdout write #336 bytes 113
  at ../src-ng/nxt/rt/ui_runtime.hpp:434 in nxt::rt::task<void> nxt::rt::ui_runtime::terminal_owner_loop(std::chrono::milliseconds)
  preview "\e7\e[38;25H\e[48;2;37;83;90m\e[38;2;203;213;225m               9.2K/s\xe2\x86\x93\e[38;83H\e[48;2;2;6;23m\e[38;2;100;116;139m3\e8"
Stack trace (most recent call first):
#0  0x00005d1d4f374d47 in write_stdout_all at /home/mbrock/nxtui/build/../src-ng/nxt/rt/ui_runtime.hpp:40:23
#1  0x00005d1d4f4138da in std::__n4861::coroutine_handle<void>::resume() const at /usr/include/c++/15/coroutine:142:50
#2  0x00005d1d4f419574 in nxt::rt::deck::ready_item::resume_if_ready(nxt::rt::deck&) const at /home/mbrock/nxtui/build/../src-ng/nxt/rt/task.hpp:1901:18
#3  0x00005d1d4f415a82 in nxt::rt::deck::run_ready_with() at /home/mbrock/nxtui/build/../src-ng/nxt/rt/deck.hpp:200:33
#4  0x00005d1d4f4157d6 in nxt::rt::deck::run_ready() at /home/mbrock/nxtui/build/../src-ng/nxt/rt/deck.hpp:130:23
#5  0x00005d1d4f4abf2e in void nxt::rt::uring_wand::run_until_done<int>(nxt::rt::deck&, nxt::rt::task<int>&) at /home/mbrock/nxtui/build/../src-ng/nxt/rt/uring_wand.hpp:173:28
#6  0x00005d1d4f47fc31 in int nxt::rt::runtime::run<int>(nxt::rt::task<int>) at /home/mbrock/nxtui/build/../src-ng/nxt/rt/app.hpp:141:29
#7  0x00005d1d4f3873ee in main at /home/mbrock/nxtui/build/../src-ng/nxtai/nxtllm.cpp:1272:18
#8  0x000070ce23e2a600 in __libc_start_call_main at ./csu/../sysdeps/nptl/libc_start_call_main.h:59:16
#9  0x000070ce23e2a717 in __libc_start_main_impl at ./csu/../csu/libc-start.c:360:3
#10 0x00005d1d4f364f24 in _start at /home/mbrock/nxtui/build/nxtllm

stdout write #337 bytes 96
  at ../src-ng/nxt/rt/ui_runtime.hpp:434 in nxt::rt::task<void> nxt::rt::ui_runtime::terminal_owner_loop(std::chrono::milliseconds)
  preview "\e7\e[38;25H\e[48;2;37;82;90m\e[38;2;203;213;225m               9.0K/s\xe2\x86\x93\e[38;74H\e[48;2;43;45;46m4\e8"
Stack trace (most recent call first):
#0  0x00005d1d4f374d47 in write_stdout_all at /home/mbrock/nxtui/build/../src-ng/nxt/rt/ui_runtime.hpp:40:23
#1  0x00005d1d4f4138da in std::__n4861::coroutine_handle<void>::resume() const at /usr/include/c++/15/coroutine:142:50
#2  0x00005d1d4f419574 in nxt::rt::deck::ready_item::resume_if_ready(nxt::rt::deck&) const at /home/mbrock/nxtui/build/../src-ng/nxt/rt/task.hpp:1901:18
#3  0x00005d1d4f415a82 in nxt::rt::deck::run_ready_with() at /home/mbrock/nxtui/build/../src-ng/nxt/rt/deck.hpp:200:33
#4  0x00005d1d4f4157d6 in nxt::rt::deck::run_ready() at /home/mbrock/nxtui/build/../src-ng/nxt/rt/deck.hpp:130:23
#5  0x00005d1d4f4abf2e in void nxt::rt::uring_wand::run_until_done<int>(nxt::rt::deck&, nxt::rt::task<int>&) at /home/mbrock/nxtui/build/../src-ng/nxt/rt/uring_wand.hpp:173:28
#6  0x00005d1d4f47fc31 in int nxt::rt::runtime::run<int>(nxt::rt::task<int>) at /home/mbrock/nxtui/build/../src-ng/nxt/rt/app.hpp:141:29
#7  0x00005d1d4f3873ee in main at /home/mbrock/nxtui/build/../src-ng/nxtai/nxtllm.cpp:1272:18
#8  0x000070ce23e2a600 in __libc_start_call_main at ./csu/../sysdeps/nptl/libc_start_call_main.h:59:16
#9  0x000070ce23e2a717 in __libc_start_main_impl at ./csu/../csu/libc-start.c:360:3
#10 0x00005d1d4f364f24 in _start at /home/mbrock/nxtui/build/nxtllm

stdout write #338 bytes 46
  at ../src-ng/nxt/rt/ui_runtime.hpp:434 in nxt::rt::task<void> nxt::rt::ui_runtime::terminal_owner_loop(std::chrono::milliseconds)
  preview "\e7\e[37;61H\e[48;2;2;6;23m\e[38;2;203;213;225m:\e8"
Stack trace (most recent call first):
#0  0x00005d1d4f374d47 in write_stdout_all at /home/mbrock/nxtui/build/../src-ng/nxt/rt/ui_runtime.hpp:40:23
#1  0x00005d1d4f4138da in std::__n4861::coroutine_handle<void>::resume() const at /usr/include/c++/15/coroutine:142:50
#2  0x00005d1d4f419574 in nxt::rt::deck::ready_item::resume_if_ready(nxt::rt::deck&) const at /home/mbrock/nxtui/build/../src-ng/nxt/rt/task.hpp:1901:18
#3  0x00005d1d4f415a82 in nxt::rt::deck::run_ready_with() at /home/mbrock/nxtui/build/../src-ng/nxt/rt/deck.hpp:200:33
#4  0x00005d1d4f4157d6 in nxt::rt::deck::run_ready() at /home/mbrock/nxtui/build/../src-ng/nxt/rt/deck.hpp:130:23
#5  0x00005d1d4f4abf2e in void nxt::rt::uring_wand::run_until_done<int>(nxt::rt::deck&, nxt::rt::task<int>&) at /home/mbrock/nxtui/build/../src-ng/nxt/rt/uring_wand.hpp:173:28
#6  0x00005d1d4f47fc31 in int nxt::rt::runtime::run<int>(nxt::rt::task<int>) at /home/mbrock/nxtui/build/../src-ng/nxt/rt/app.hpp:141:29
#7  0x00005d1d4f3873ee in main at /home/mbrock/nxtui/build/../src-ng/nxtai/nxtllm.cpp:1272:18
#8  0x000070ce23e2a600 in __libc_start_call_main at ./csu/../sysdeps/nptl/libc_start_call_main.h:59:16
#9  0x000070ce23e2a717 in __libc_start_main_impl at ./csu/../csu/libc-start.c:360:3
#10 0x00005d1d4f364f24 in _start at /home/mbrock/nxtui/build/nxtllm

stdout write #339 bytes 113
  at ../src-ng/nxt/rt/ui_runtime.hpp:434 in nxt::rt::task<void> nxt::rt::ui_runtime::terminal_owner_loop(std::chrono::milliseconds)
  preview "\e7\e[38;25H\e[48;2;37;83;90m\e[38;2;203;213;225m               9.1K/s\xe2\x86\x93\e[38;83H\e[48;2;2;6;23m\e[38;2;100;116;139m4\e8"
Stack trace (most recent call first):
#0  0x00005d1d4f374d47 in write_stdout_all at /home/mbrock/nxtui/build/../src-ng/nxt/rt/ui_runtime.hpp:40:23
#1  0x00005d1d4f4138da in std::__n4861::coroutine_handle<void>::resume() const at /usr/include/c++/15/coroutine:142:50
#2  0x00005d1d4f419574 in nxt::rt::deck::ready_item::resume_if_ready(nxt::rt::deck&) const at /home/mbrock/nxtui/build/../src-ng/nxt/rt/task.hpp:1901:18
#3  0x00005d1d4f415a82 in nxt::rt::deck::run_ready_with() at /home/mbrock/nxtui/build/../src-ng/nxt/rt/deck.hpp:200:33
#4  0x00005d1d4f4157d6 in nxt::rt::deck::run_ready() at /home/mbrock/nxtui/build/../src-ng/nxt/rt/deck.hpp:130:23
#5  0x00005d1d4f4abf2e in void nxt::rt::uring_wand::run_until_done<int>(nxt::rt::deck&, nxt::rt::task<int>&) at /home/mbrock/nxtui/build/../src-ng/nxt/rt/uring_wand.hpp:173:28
#6  0x00005d1d4f47fc31 in int nxt::rt::runtime::run<int>(nxt::rt::task<int>) at /home/mbrock/nxtui/build/../src-ng/nxt/rt/app.hpp:141:29
#7  0x00005d1d4f3873ee in main at /home/mbrock/nxtui/build/../src-ng/nxtai/nxtllm.cpp:1272:18
#8  0x000070ce23e2a600 in __libc_start_call_main at ./csu/../sysdeps/nptl/libc_start_call_main.h:59:16
#9  0x000070ce23e2a717 in __libc_start_main_impl at ./csu/../csu/libc-start.c:360:3
#10 0x00005d1d4f364f24 in _start at /home/mbrock/nxtui/build/nxtllm

stdout write #340 bytes 96
  at ../src-ng/nxt/rt/ui_runtime.hpp:434 in nxt::rt::task<void> nxt::rt::ui_runtime::terminal_owner_loop(std::chrono::milliseconds)
  preview "\e7\e[38;25H\e[48;2;37;82;90m\e[38;2;203;213;225m               9.0K/s\xe2\x86\x93\e[38;74H\e[48;2;43;45;46m3\e8"
Stack trace (most recent call first):
#0  0x00005d1d4f374d47 in write_stdout_all at /home/mbrock/nxtui/build/../src-ng/nxt/rt/ui_runtime.hpp:40:23
#1  0x00005d1d4f4138da in std::__n4861::coroutine_handle<void>::resume() const at /usr/include/c++/15/coroutine:142:50
#2  0x00005d1d4f419574 in nxt::rt::deck::ready_item::resume_if_ready(nxt::rt::deck&) const at /home/mbrock/nxtui/build/../src-ng/nxt/rt/task.hpp:1901:18
#3  0x00005d1d4f415a82 in nxt::rt::deck::run_ready_with() at /home/mbrock/nxtui/build/../src-ng/nxt/rt/deck.hpp:200:33
#4  0x00005d1d4f4157d6 in nxt::rt::deck::run_ready() at /home/mbrock/nxtui/build/../src-ng/nxt/rt/deck.hpp:130:23
#5  0x00005d1d4f4abf2e in void nxt::rt::uring_wand::run_until_done<int>(nxt::rt::deck&, nxt::rt::task<int>&) at /home/mbrock/nxtui/build/../src-ng/nxt/rt/uring_wand.hpp:173:28
#6  0x00005d1d4f47fc31 in int nxt::rt::runtime::run<int>(nxt::rt::task<int>) at /home/mbrock/nxtui/build/../src-ng/nxt/rt/app.hpp:141:29
#7  0x00005d1d4f3873ee in main at /home/mbrock/nxtui/build/../src-ng/nxtai/nxtllm.cpp:1272:18
#8  0x000070ce23e2a600 in __libc_start_call_main at ./csu/../sysdeps/nptl/libc_start_call_main.h:59:16
#9  0x000070ce23e2a717 in __libc_start_main_impl at ./csu/../csu/libc-start.c:360:3
#10 0x00005d1d4f364f24 in _start at /home/mbrock/nxtui/build/nxtllm

stdout write #341 bytes 48
  at ../src-ng/nxt/rt/ui_runtime.hpp:434 in nxt::rt::task<void> nxt::rt::ui_runtime::terminal_owner_loop(std::chrono::milliseconds)
  preview "\e7\e[37;63H\e[48;2;2;6;23m\e[38;2;203;213;225mfor\e8"
Stack trace (most recent call first):
#0  0x00005d1d4f374d47 in write_stdout_all at /home/mbrock/nxtui/build/../src-ng/nxt/rt/ui_runtime.hpp:40:23
#1  0x00005d1d4f4138da in std::__n4861::coroutine_handle<void>::resume() const at /usr/include/c++/15/coroutine:142:50
#2  0x00005d1d4f419574 in nxt::rt::deck::ready_item::resume_if_ready(nxt::rt::deck&) const at /home/mbrock/nxtui/build/../src-ng/nxt/rt/task.hpp:1901:18
#3  0x00005d1d4f415a82 in nxt::rt::deck::run_ready_with() at /home/mbrock/nxtui/build/../src-ng/nxt/rt/deck.hpp:200:33
#4  0x00005d1d4f4157d6 in nxt::rt::deck::run_ready() at /home/mbrock/nxtui/build/../src-ng/nxt/rt/deck.hpp:130:23
#5  0x00005d1d4f4abf2e in void nxt::rt::uring_wand::run_until_done<int>(nxt::rt::deck&, nxt::rt::task<int>&) at /home/mbrock/nxtui/build/../src-ng/nxt/rt/uring_wand.hpp:173:28
#6  0x00005d1d4f47fc31 in int nxt::rt::runtime::run<int>(nxt::rt::task<int>) at /home/mbrock/nxtui/build/../src-ng/nxt/rt/app.hpp:141:29
#7  0x00005d1d4f3873ee in main at /home/mbrock/nxtui/build/../src-ng/nxtai/nxtllm.cpp:1272:18
#8  0x000070ce23e2a600 in __libc_start_call_main at ./csu/../sysdeps/nptl/libc_start_call_main.h:59:16
#9  0x000070ce23e2a717 in __libc_start_main_impl at ./csu/../csu/libc-start.c:360:3
#10 0x00005d1d4f364f24 in _start at /home/mbrock/nxtui/build/nxtllm

stdout write #342 bytes 162
  at ../src-ng/nxt/rt/ui_runtime.hpp:434 in nxt::rt::task<void> nxt::rt::ui_runtime::terminal_owner_loop(std::chrono::milliseconds)
  preview "\e7\e[38;20H\e[48;2;2;6;23m\e[38;2;203;213;225m30\e[38;25H\e[48;2;37;83;90m               9.2K/s\xe2\x86\x93\e[38;74H\e[48;2;43;45;46m2\e[38;83H\e[48;2;2;6;23m\e[38;2;100;116;139m5\e8"
Stack trace (most recent call first):
#0  0x00005d1d4f374d47 in write_stdout_all at /home/mbrock/nxtui/build/../src-ng/nxt/rt/ui_runtime.hpp:40:23
#1  0x00005d1d4f4138da in std::__n4861::coroutine_handle<void>::resume() const at /usr/include/c++/15/coroutine:142:50
#2  0x00005d1d4f419574 in nxt::rt::deck::ready_item::resume_if_ready(nxt::rt::deck&) const at /home/mbrock/nxtui/build/../src-ng/nxt/rt/task.hpp:1901:18
#3  0x00005d1d4f415a82 in nxt::rt::deck::run_ready_with() at /home/mbrock/nxtui/build/../src-ng/nxt/rt/deck.hpp:200:33
#4  0x00005d1d4f4157d6 in nxt::rt::deck::run_ready() at /home/mbrock/nxtui/build/../src-ng/nxt/rt/deck.hpp:130:23
#5  0x00005d1d4f4abf2e in void nxt::rt::uring_wand::run_until_done<int>(nxt::rt::deck&, nxt::rt::task<int>&) at /home/mbrock/nxtui/build/../src-ng/nxt/rt/uring_wand.hpp:173:28
#6  0x00005d1d4f47fc31 in int nxt::rt::runtime::run<int>(nxt::rt::task<int>) at /home/mbrock/nxtui/build/../src-ng/nxt/rt/app.hpp:141:29
#7  0x00005d1d4f3873ee in main at /home/mbrock/nxtui/build/../src-ng/nxtai/nxtllm.cpp:1272:18
#8  0x000070ce23e2a600 in __libc_start_call_main at ./csu/../sysdeps/nptl/libc_start_call_main.h:59:16
#9  0x000070ce23e2a717 in __libc_start_main_impl at ./csu/../csu/libc-start.c:360:3
#10 0x00005d1d4f364f24 in _start at /home/mbrock/nxtui/build/nxtllm

stdout write #343 bytes 71
  at ../src-ng/nxt/rt/ui_runtime.hpp:434 in nxt::rt::task<void> nxt::rt::ui_runtime::terminal_owner_loop(std::chrono::milliseconds)
  preview "\e7\e[38;25H\e[48;2;37;82;90m\e[38;2;203;213;225m               9.0K/s\xe2\x86\x93\e8"
Stack trace (most recent call first):
#0  0x00005d1d4f374d47 in write_stdout_all at /home/mbrock/nxtui/build/../src-ng/nxt/rt/ui_runtime.hpp:40:23
#1  0x00005d1d4f4138da in std::__n4861::coroutine_handle<void>::resume() const at /usr/include/c++/15/coroutine:142:50
#2  0x00005d1d4f419574 in nxt::rt::deck::ready_item::resume_if_ready(nxt::rt::deck&) const at /home/mbrock/nxtui/build/../src-ng/nxt/rt/task.hpp:1901:18
#3  0x00005d1d4f415a82 in nxt::rt::deck::run_ready_with() at /home/mbrock/nxtui/build/../src-ng/nxt/rt/deck.hpp:200:33
#4  0x00005d1d4f4157d6 in nxt::rt::deck::run_ready() at /home/mbrock/nxtui/build/../src-ng/nxt/rt/deck.hpp:130:23
#5  0x00005d1d4f4abf2e in void nxt::rt::uring_wand::run_until_done<int>(nxt::rt::deck&, nxt::rt::task<int>&) at /home/mbrock/nxtui/build/../src-ng/nxt/rt/uring_wand.hpp:173:28
#6  0x00005d1d4f47fc31 in int nxt::rt::runtime::run<int>(nxt::rt::task<int>) at /home/mbrock/nxtui/build/../src-ng/nxt/rt/app.hpp:141:29
#7  0x00005d1d4f3873ee in main at /home/mbrock/nxtui/build/../src-ng/nxtai/nxtllm.cpp:1272:18
#8  0x000070ce23e2a600 in __libc_start_call_main at ./csu/../sysdeps/nptl/libc_start_call_main.h:59:16
#9  0x000070ce23e2a717 in __libc_start_main_impl at ./csu/../csu/libc-start.c:360:3
#10 0x00005d1d4f364f24 in _start at /home/mbrock/nxtui/build/nxtllm

stdout write #344 bytes 46
  at ../src-ng/nxt/rt/ui_runtime.hpp:434 in nxt::rt::task<void> nxt::rt::ui_runtime::terminal_owner_loop(std::chrono::milliseconds)
  preview "\e7\e[37;67H\e[48;2;2;6;23m\e[38;2;203;213;225mi\e8"
Stack trace (most recent call first):
#0  0x00005d1d4f374d47 in write_stdout_all at /home/mbrock/nxtui/build/../src-ng/nxt/rt/ui_runtime.hpp:40:23
#1  0x00005d1d4f4138da in std::__n4861::coroutine_handle<void>::resume() const at /usr/include/c++/15/coroutine:142:50
#2  0x00005d1d4f419574 in nxt::rt::deck::ready_item::resume_if_ready(nxt::rt::deck&) const at /home/mbrock/nxtui/build/../src-ng/nxt/rt/task.hpp:1901:18
#3  0x00005d1d4f415a82 in nxt::rt::deck::run_ready_with() at /home/mbrock/nxtui/build/../src-ng/nxt/rt/deck.hpp:200:33
#4  0x00005d1d4f4157d6 in nxt::rt::deck::run_ready() at /home/mbrock/nxtui/build/../src-ng/nxt/rt/deck.hpp:130:23
#5  0x00005d1d4f4abf2e in void nxt::rt::uring_wand::run_until_done<int>(nxt::rt::deck&, nxt::rt::task<int>&) at /home/mbrock/nxtui/build/../src-ng/nxt/rt/uring_wand.hpp:173:28
#6  0x00005d1d4f47fc31 in int nxt::rt::runtime::run<int>(nxt::rt::task<int>) at /home/mbrock/nxtui/build/../src-ng/nxt/rt/app.hpp:141:29
#7  0x00005d1d4f3873ee in main at /home/mbrock/nxtui/build/../src-ng/nxtai/nxtllm.cpp:1272:18
#8  0x000070ce23e2a600 in __libc_start_call_main at ./csu/../sysdeps/nptl/libc_start_call_main.h:59:16
#9  0x000070ce23e2a717 in __libc_start_main_impl at ./csu/../csu/libc-start.c:360:3
#10 0x00005d1d4f364f24 in _start at /home/mbrock/nxtui/build/nxtllm

stdout write #345 bytes 138
  at ../src-ng/nxt/rt/ui_runtime.hpp:434 in nxt::rt::task<void> nxt::rt::ui_runtime::terminal_owner_loop(std::chrono::milliseconds)
  preview "\e7\e[38;25H\e[48;2;37;83;90m\e[38;2;203;213;225m               9.2K/s\xe2\x86\x93\e[38;74H\e[48;2;43;45;46m1\e[38;83H\e[48;2;2;6;23m\e[38;2;100;116;139m6\e8"
Stack trace (most recent call first):
#0  0x00005d1d4f374d47 in write_stdout_all at /home/mbrock/nxtui/build/../src-ng/nxt/rt/ui_runtime.hpp:40:23
#1  0x00005d1d4f4138da in std::__n4861::coroutine_handle<void>::resume() const at /usr/include/c++/15/coroutine:142:50
#2  0x00005d1d4f419574 in nxt::rt::deck::ready_item::resume_if_ready(nxt::rt::deck&) const at /home/mbrock/nxtui/build/../src-ng/nxt/rt/task.hpp:1901:18
#3  0x00005d1d4f415a82 in nxt::rt::deck::run_ready_with() at /home/mbrock/nxtui/build/../src-ng/nxt/rt/deck.hpp:200:33
#4  0x00005d1d4f4157d6 in nxt::rt::deck::run_ready() at /home/mbrock/nxtui/build/../src-ng/nxt/rt/deck.hpp:130:23
#5  0x00005d1d4f4abf2e in void nxt::rt::uring_wand::run_until_done<int>(nxt::rt::deck&, nxt::rt::task<int>&) at /home/mbrock/nxtui/build/../src-ng/nxt/rt/uring_wand.hpp:173:28
#6  0x00005d1d4f47fc31 in int nxt::rt::runtime::run<int>(nxt::rt::task<int>) at /home/mbrock/nxtui/build/../src-ng/nxt/rt/app.hpp:141:29
#7  0x00005d1d4f3873ee in main at /home/mbrock/nxtui/build/../src-ng/nxtai/nxtllm.cpp:1272:18
#8  0x000070ce23e2a600 in __libc_start_call_main at ./csu/../sysdeps/nptl/libc_start_call_main.h:59:16
#9  0x000070ce23e2a717 in __libc_start_main_impl at ./csu/../csu/libc-start.c:360:3
#10 0x00005d1d4f364f24 in _start at /home/mbrock/nxtui/build/nxtllm

stdout write #346 bytes 71
  at ../src-ng/nxt/rt/ui_runtime.hpp:434 in nxt::rt::task<void> nxt::rt::ui_runtime::terminal_owner_loop(std::chrono::milliseconds)
  preview "\e7\e[38;25H\e[48;2;37;82;90m\e[38;2;203;213;225m               9.0K/s\xe2\x86\x93\e8"
Stack trace (most recent call first):
#0  0x00005d1d4f374d47 in write_stdout_all at /home/mbrock/nxtui/build/../src-ng/nxt/rt/ui_runtime.hpp:40:23
#1  0x00005d1d4f4138da in std::__n4861::coroutine_handle<void>::resume() const at /usr/include/c++/15/coroutine:142:50
#2  0x00005d1d4f419574 in nxt::rt::deck::ready_item::resume_if_ready(nxt::rt::deck&) const at /home/mbrock/nxtui/build/../src-ng/nxt/rt/task.hpp:1901:18
#3  0x00005d1d4f415a82 in nxt::rt::deck::run_ready_with() at /home/mbrock/nxtui/build/../src-ng/nxt/rt/deck.hpp:200:33
#4  0x00005d1d4f4157d6 in nxt::rt::deck::run_ready() at /home/mbrock/nxtui/build/../src-ng/nxt/rt/deck.hpp:130:23
#5  0x00005d1d4f4abf2e in void nxt::rt::uring_wand::run_until_done<int>(nxt::rt::deck&, nxt::rt::task<int>&) at /home/mbrock/nxtui/build/../src-ng/nxt/rt/uring_wand.hpp:173:28
#6  0x00005d1d4f47fc31 in int nxt::rt::runtime::run<int>(nxt::rt::task<int>) at /home/mbrock/nxtui/build/../src-ng/nxt/rt/app.hpp:141:29
#7  0x00005d1d4f3873ee in main at /home/mbrock/nxtui/build/../src-ng/nxtai/nxtllm.cpp:1272:18
#8  0x000070ce23e2a600 in __libc_start_call_main at ./csu/../sysdeps/nptl/libc_start_call_main.h:59:16
#9  0x000070ce23e2a717 in __libc_start_main_impl at ./csu/../csu/libc-start.c:360:3
#10 0x00005d1d4f364f24 in _start at /home/mbrock/nxtui/build/nxtllm

stdout write #347 bytes 96
  at ../src-ng/nxt/rt/ui_runtime.hpp:434 in nxt::rt::task<void> nxt::rt::ui_runtime::terminal_owner_loop(std::chrono::milliseconds)
  preview "\e7\e[38;25H\e[48;2;37;82;89m\e[38;2;203;213;225m               8.9K/s\xe2\x86\x93\e[38;74H\e[48;2;43;45;46m0\e8"
Stack trace (most recent call first):
#0  0x00005d1d4f374d47 in write_stdout_all at /home/mbrock/nxtui/build/../src-ng/nxt/rt/ui_runtime.hpp:40:23
#1  0x00005d1d4f4138da in std::__n4861::coroutine_handle<void>::resume() const at /usr/include/c++/15/coroutine:142:50
#2  0x00005d1d4f419574 in nxt::rt::deck::ready_item::resume_if_ready(nxt::rt::deck&) const at /home/mbrock/nxtui/build/../src-ng/nxt/rt/task.hpp:1901:18
#3  0x00005d1d4f415a82 in nxt::rt::deck::run_ready_with() at /home/mbrock/nxtui/build/../src-ng/nxt/rt/deck.hpp:200:33
#4  0x00005d1d4f4157d6 in nxt::rt::deck::run_ready() at /home/mbrock/nxtui/build/../src-ng/nxt/rt/deck.hpp:130:23
#5  0x00005d1d4f4abf2e in void nxt::rt::uring_wand::run_until_done<int>(nxt::rt::deck&, nxt::rt::task<int>&) at /home/mbrock/nxtui/build/../src-ng/nxt/rt/uring_wand.hpp:173:28
#6  0x00005d1d4f47fc31 in int nxt::rt::runtime::run<int>(nxt::rt::task<int>) at /home/mbrock/nxtui/build/../src-ng/nxt/rt/app.hpp:141:29
#7  0x00005d1d4f3873ee in main at /home/mbrock/nxtui/build/../src-ng/nxtai/nxtllm.cpp:1272:18
#8  0x000070ce23e2a600 in __libc_start_call_main at ./csu/../sysdeps/nptl/libc_start_call_main.h:59:16
#9  0x000070ce23e2a717 in __libc_start_main_impl at ./csu/../csu/libc-start.c:360:3
#10 0x00005d1d4f364f24 in _start at /home/mbrock/nxtui/build/nxtllm

stdout write #348 bytes 71
  at ../src-ng/nxt/rt/ui_runtime.hpp:434 in nxt::rt::task<void> nxt::rt::ui_runtime::terminal_owner_loop(std::chrono::milliseconds)
  preview "\e7\e[38;25H\e[48;2;37;81;89m\e[38;2;203;213;225m               8.8K/s\xe2\x86\x93\e8"
Stack trace (most recent call first):
#0  0x00005d1d4f374d47 in write_stdout_all at /home/mbrock/nxtui/build/../src-ng/nxt/rt/ui_runtime.hpp:40:23
#1  0x00005d1d4f4138da in std::__n4861::coroutine_handle<void>::resume() const at /usr/include/c++/15/coroutine:142:50
#2  0x00005d1d4f419574 in nxt::rt::deck::ready_item::resume_if_ready(nxt::rt::deck&) const at /home/mbrock/nxtui/build/../src-ng/nxt/rt/task.hpp:1901:18
#3  0x00005d1d4f415a82 in nxt::rt::deck::run_ready_with() at /home/mbrock/nxtui/build/../src-ng/nxt/rt/deck.hpp:200:33
#4  0x00005d1d4f4157d6 in nxt::rt::deck::run_ready() at /home/mbrock/nxtui/build/../src-ng/nxt/rt/deck.hpp:130:23
#5  0x00005d1d4f4abf2e in void nxt::rt::uring_wand::run_until_done<int>(nxt::rt::deck&, nxt::rt::task<int>&) at /home/mbrock/nxtui/build/../src-ng/nxt/rt/uring_wand.hpp:173:28
#6  0x00005d1d4f47fc31 in int nxt::rt::runtime::run<int>(nxt::rt::task<int>) at /home/mbrock/nxtui/build/../src-ng/nxt/rt/app.hpp:141:29
#7  0x00005d1d4f3873ee in main at /home/mbrock/nxtui/build/../src-ng/nxtai/nxtllm.cpp:1272:18
#8  0x000070ce23e2a600 in __libc_start_call_main at ./csu/../sysdeps/nptl/libc_start_call_main.h:59:16
#9  0x000070ce23e2a717 in __libc_start_main_impl at ./csu/../csu/libc-start.c:360:3
#10 0x00005d1d4f364f24 in _start at /home/mbrock/nxtui/build/nxtllm

stdout write #349 bytes 47
  at ../src-ng/nxt/rt/ui_runtime.hpp:434 in nxt::rt::task<void> nxt::rt::ui_runtime::terminal_owner_loop(std::chrono::milliseconds)
  preview "\e7\e[37;69H\e[48;2;2;6;23m\e[38;2;203;213;225min\e8"
Stack trace (most recent call first):
#0  0x00005d1d4f374d47 in write_stdout_all at /home/mbrock/nxtui/build/../src-ng/nxt/rt/ui_runtime.hpp:40:23
#1  0x00005d1d4f4138da in std::__n4861::coroutine_handle<void>::resume() const at /usr/include/c++/15/coroutine:142:50
#2  0x00005d1d4f419574 in nxt::rt::deck::ready_item::resume_if_ready(nxt::rt::deck&) const at /home/mbrock/nxtui/build/../src-ng/nxt/rt/task.hpp:1901:18
#3  0x00005d1d4f415a82 in nxt::rt::deck::run_ready_with() at /home/mbrock/nxtui/build/../src-ng/nxt/rt/deck.hpp:200:33
#4  0x00005d1d4f4157d6 in nxt::rt::deck::run_ready() at /home/mbrock/nxtui/build/../src-ng/nxt/rt/deck.hpp:130:23
#5  0x00005d1d4f4abf2e in void nxt::rt::uring_wand::run_until_done<int>(nxt::rt::deck&, nxt::rt::task<int>&) at /home/mbrock/nxtui/build/../src-ng/nxt/rt/uring_wand.hpp:173:28
#6  0x00005d1d4f47fc31 in int nxt::rt::runtime::run<int>(nxt::rt::task<int>) at /home/mbrock/nxtui/build/../src-ng/nxt/rt/app.hpp:141:29
#7  0x00005d1d4f3873ee in main at /home/mbrock/nxtui/build/../src-ng/nxtai/nxtllm.cpp:1272:18
#8  0x000070ce23e2a600 in __libc_start_call_main at ./csu/../sysdeps/nptl/libc_start_call_main.h:59:16
#9  0x000070ce23e2a717 in __libc_start_main_impl at ./csu/../csu/libc-start.c:360:3
#10 0x00005d1d4f364f24 in _start at /home/mbrock/nxtui/build/nxtllm

stdout write #350 bytes 139
  at ../src-ng/nxt/rt/ui_runtime.hpp:434 in nxt::rt::task<void> nxt::rt::ui_runtime::terminal_owner_loop(std::chrono::milliseconds)
  preview "\e7\e[38;25H\e[48;2;37;82;89m\e[38;2;203;213;225m               8.9K/s\xe2\x86\x93\e[38;73H\e[48;2;43;45;46m29\e[38;83H\e[48;2;2;6;23m\e[38;2;100;116;139m7\e8"
Stack trace (most recent call first):
#0  0x00005d1d4f374d47 in write_stdout_all at /home/mbrock/nxtui/build/../src-ng/nxt/rt/ui_runtime.hpp:40:23
#1  0x00005d1d4f4138da in std::__n4861::coroutine_handle<void>::resume() const at /usr/include/c++/15/coroutine:142:50
#2  0x00005d1d4f419574 in nxt::rt::deck::ready_item::resume_if_ready(nxt::rt::deck&) const at /home/mbrock/nxtui/build/../src-ng/nxt/rt/task.hpp:1901:18
#3  0x00005d1d4f415a82 in nxt::rt::deck::run_ready_with() at /home/mbrock/nxtui/build/../src-ng/nxt/rt/deck.hpp:200:33
#4  0x00005d1d4f4157d6 in nxt::rt::deck::run_ready() at /home/mbrock/nxtui/build/../src-ng/nxt/rt/deck.hpp:130:23
#5  0x00005d1d4f4abf2e in void nxt::rt::uring_wand::run_until_done<int>(nxt::rt::deck&, nxt::rt::task<int>&) at /home/mbrock/nxtui/build/../src-ng/nxt/rt/uring_wand.hpp:173:28
#6  0x00005d1d4f47fc31 in int nxt::rt::runtime::run<int>(nxt::rt::task<int>) at /home/mbrock/nxtui/build/../src-ng/nxt/rt/app.hpp:141:29
#7  0x00005d1d4f3873ee in main at /home/mbrock/nxtui/build/../src-ng/nxtai/nxtllm.cpp:1272:18
#8  0x000070ce23e2a600 in __libc_start_call_main at ./csu/../sysdeps/nptl/libc_start_call_main.h:59:16
#9  0x000070ce23e2a717 in __libc_start_main_impl at ./csu/../csu/libc-start.c:360:3
#10 0x00005d1d4f364f24 in _start at /home/mbrock/nxtui/build/nxtllm

stdout write #351 bytes 71
  at ../src-ng/nxt/rt/ui_runtime.hpp:434 in nxt::rt::task<void> nxt::rt::ui_runtime::terminal_owner_loop(std::chrono::milliseconds)
  preview "\e7\e[38;25H\e[48;2;37;81;89m\e[38;2;203;213;225m               8.8K/s\xe2\x86\x93\e8"
Stack trace (most recent call first):
#0  0x00005d1d4f374d47 in write_stdout_all at /home/mbrock/nxtui/build/../src-ng/nxt/rt/ui_runtime.hpp:40:23
#1  0x00005d1d4f4138da in std::__n4861::coroutine_handle<void>::resume() const at /usr/include/c++/15/coroutine:142:50
#2  0x00005d1d4f419574 in nxt::rt::deck::ready_item::resume_if_ready(nxt::rt::deck&) const at /home/mbrock/nxtui/build/../src-ng/nxt/rt/task.hpp:1901:18
#3  0x00005d1d4f415a82 in nxt::rt::deck::run_ready_with() at /home/mbrock/nxtui/build/../src-ng/nxt/rt/deck.hpp:200:33
#4  0x00005d1d4f4157d6 in nxt::rt::deck::run_ready() at /home/mbrock/nxtui/build/../src-ng/nxt/rt/deck.hpp:130:23
#5  0x00005d1d4f4abf2e in void nxt::rt::uring_wand::run_until_done<int>(nxt::rt::deck&, nxt::rt::task<int>&) at /home/mbrock/nxtui/build/../src-ng/nxt/rt/uring_wand.hpp:173:28
#6  0x00005d1d4f47fc31 in int nxt::rt::runtime::run<int>(nxt::rt::task<int>) at /home/mbrock/nxtui/build/../src-ng/nxt/rt/app.hpp:141:29
#7  0x00005d1d4f3873ee in main at /home/mbrock/nxtui/build/../src-ng/nxtai/nxtllm.cpp:1272:18
#8  0x000070ce23e2a600 in __libc_start_call_main at ./csu/../sysdeps/nptl/libc_start_call_main.h:59:16
#9  0x000070ce23e2a717 in __libc_start_main_impl at ./csu/../csu/libc-start.c:360:3
#10 0x00005d1d4f364f24 in _start at /home/mbrock/nxtui/build/nxtllm

stdout write #352 bytes 46
  at ../src-ng/nxt/rt/ui_runtime.hpp:434 in nxt::rt::task<void> nxt::rt::ui_runtime::terminal_owner_loop(std::chrono::milliseconds)
  preview "\e7\e[37;72H\e[48;2;2;6;23m\e[38;2;203;213;225m1\e8"
Stack trace (most recent call first):
#0  0x00005d1d4f374d47 in write_stdout_all at /home/mbrock/nxtui/build/../src-ng/nxt/rt/ui_runtime.hpp:40:23
#1  0x00005d1d4f4138da in std::__n4861::coroutine_handle<void>::resume() const at /usr/include/c++/15/coroutine:142:50
#2  0x00005d1d4f419574 in nxt::rt::deck::ready_item::resume_if_ready(nxt::rt::deck&) const at /home/mbrock/nxtui/build/../src-ng/nxt/rt/task.hpp:1901:18
#3  0x00005d1d4f415a82 in nxt::rt::deck::run_ready_with() at /home/mbrock/nxtui/build/../src-ng/nxt/rt/deck.hpp:200:33
#4  0x00005d1d4f4157d6 in nxt::rt::deck::run_ready() at /home/mbrock/nxtui/build/../src-ng/nxt/rt/deck.hpp:130:23
#5  0x00005d1d4f4abf2e in void nxt::rt::uring_wand::run_until_done<int>(nxt::rt::deck&, nxt::rt::task<int>&) at /home/mbrock/nxtui/build/../src-ng/nxt/rt/uring_wand.hpp:173:28
#6  0x00005d1d4f47fc31 in int nxt::rt::runtime::run<int>(nxt::rt::task<int>) at /home/mbrock/nxtui/build/../src-ng/nxt/rt/app.hpp:141:29
#7  0x00005d1d4f3873ee in main at /home/mbrock/nxtui/build/../src-ng/nxtai/nxtllm.cpp:1272:18
#8  0x000070ce23e2a600 in __libc_start_call_main at ./csu/../sysdeps/nptl/libc_start_call_main.h:59:16
#9  0x000070ce23e2a717 in __libc_start_main_impl at ./csu/../csu/libc-start.c:360:3
#10 0x00005d1d4f364f24 in _start at /home/mbrock/nxtui/build/nxtllm

stdout write #353 bytes 161
  at ../src-ng/nxt/rt/ui_runtime.hpp:434 in nxt::rt::task<void> nxt::rt::ui_runtime::terminal_owner_loop(std::chrono::milliseconds)
  preview "\e7\e[38;21H\e[48;2;2;6;23m\e[38;2;203;213;225m1\e[38;25H\e[48;2;37;82;89m               8.9K/s\xe2\x86\x93\e[38;74H\e[48;2;43;45;46m8\e[38;83H\e[48;2;2;6;23m\e[38;2;100;116;139m8\e8"
Stack trace (most recent call first):
#0  0x00005d1d4f374d47 in write_stdout_all at /home/mbrock/nxtui/build/../src-ng/nxt/rt/ui_runtime.hpp:40:23
#1  0x00005d1d4f4138da in std::__n4861::coroutine_handle<void>::resume() const at /usr/include/c++/15/coroutine:142:50
#2  0x00005d1d4f419574 in nxt::rt::deck::ready_item::resume_if_ready(nxt::rt::deck&) const at /home/mbrock/nxtui/build/../src-ng/nxt/rt/task.hpp:1901:18
#3  0x00005d1d4f415a82 in nxt::rt::deck::run_ready_with() at /home/mbrock/nxtui/build/../src-ng/nxt/rt/deck.hpp:200:33
#4  0x00005d1d4f4157d6 in nxt::rt::deck::run_ready() at /home/mbrock/nxtui/build/../src-ng/nxt/rt/deck.hpp:130:23
#5  0x00005d1d4f4abf2e in void nxt::rt::uring_wand::run_until_done<int>(nxt::rt::deck&, nxt::rt::task<int>&) at /home/mbrock/nxtui/build/../src-ng/nxt/rt/uring_wand.hpp:173:28
#6  0x00005d1d4f47fc31 in int nxt::rt::runtime::run<int>(nxt::rt::task<int>) at /home/mbrock/nxtui/build/../src-ng/nxt/rt/app.hpp:141:29
#7  0x00005d1d4f3873ee in main at /home/mbrock/nxtui/build/../src-ng/nxtai/nxtllm.cpp:1272:18
#8  0x000070ce23e2a600 in __libc_start_call_main at ./csu/../sysdeps/nptl/libc_start_call_main.h:59:16
#9  0x000070ce23e2a717 in __libc_start_main_impl at ./csu/../csu/libc-start.c:360:3
#10 0x00005d1d4f364f24 in _start at /home/mbrock/nxtui/build/nxtllm

stdout write #354 bytes 71
  at ../src-ng/nxt/rt/ui_runtime.hpp:434 in nxt::rt::task<void> nxt::rt::ui_runtime::terminal_owner_loop(std::chrono::milliseconds)
  preview "\e7\e[38;25H\e[48;2;37;81;89m\e[38;2;203;213;225m               8.8K/s\xe2\x86\x93\e8"
Stack trace (most recent call first):
#0  0x00005d1d4f374d47 in write_stdout_all at /home/mbrock/nxtui/build/../src-ng/nxt/rt/ui_runtime.hpp:40:23
#1  0x00005d1d4f4138da in std::__n4861::coroutine_handle<void>::resume() const at /usr/include/c++/15/coroutine:142:50
#2  0x00005d1d4f419574 in nxt::rt::deck::ready_item::resume_if_ready(nxt::rt::deck&) const at /home/mbrock/nxtui/build/../src-ng/nxt/rt/task.hpp:1901:18
#3  0x00005d1d4f415a82 in nxt::rt::deck::run_ready_with() at /home/mbrock/nxtui/build/../src-ng/nxt/rt/deck.hpp:200:33
#4  0x00005d1d4f4157d6 in nxt::rt::deck::run_ready() at /home/mbrock/nxtui/build/../src-ng/nxt/rt/deck.hpp:130:23
#5  0x00005d1d4f4abf2e in void nxt::rt::uring_wand::run_until_done<int>(nxt::rt::deck&, nxt::rt::task<int>&) at /home/mbrock/nxtui/build/../src-ng/nxt/rt/uring_wand.hpp:173:28
#6  0x00005d1d4f47fc31 in int nxt::rt::runtime::run<int>(nxt::rt::task<int>) at /home/mbrock/nxtui/build/../src-ng/nxt/rt/app.hpp:141:29
#7  0x00005d1d4f3873ee in main at /home/mbrock/nxtui/build/../src-ng/nxtai/nxtllm.cpp:1272:18
#8  0x000070ce23e2a600 in __libc_start_call_main at ./csu/../sysdeps/nptl/libc_start_call_main.h:59:16
#9  0x000070ce23e2a717 in __libc_start_main_impl at ./csu/../csu/libc-start.c:360:3
#10 0x00005d1d4f364f24 in _start at /home/mbrock/nxtui/build/nxtllm

stdout write #355 bytes 47
  at ../src-ng/nxt/rt/ui_runtime.hpp:434 in nxt::rt::task<void> nxt::rt::ui_runtime::terminal_owner_loop(std::chrono::milliseconds)
  preview "\e7\e[37;73H\e[48;2;2;6;23m\e[38;2;203;213;225m..\e8"
Stack trace (most recent call first):
#0  0x00005d1d4f374d47 in write_stdout_all at /home/mbrock/nxtui/build/../src-ng/nxt/rt/ui_runtime.hpp:40:23
#1  0x00005d1d4f4138da in std::__n4861::coroutine_handle<void>::resume() const at /usr/include/c++/15/coroutine:142:50
#2  0x00005d1d4f419574 in nxt::rt::deck::ready_item::resume_if_ready(nxt::rt::deck&) const at /home/mbrock/nxtui/build/../src-ng/nxt/rt/task.hpp:1901:18
#3  0x00005d1d4f415a82 in nxt::rt::deck::run_ready_with() at /home/mbrock/nxtui/build/../src-ng/nxt/rt/deck.hpp:200:33
#4  0x00005d1d4f4157d6 in nxt::rt::deck::run_ready() at /home/mbrock/nxtui/build/../src-ng/nxt/rt/deck.hpp:130:23
#5  0x00005d1d4f4abf2e in void nxt::rt::uring_wand::run_until_done<int>(nxt::rt::deck&, nxt::rt::task<int>&) at /home/mbrock/nxtui/build/../src-ng/nxt/rt/uring_wand.hpp:173:28
#6  0x00005d1d4f47fc31 in int nxt::rt::runtime::run<int>(nxt::rt::task<int>) at /home/mbrock/nxtui/build/../src-ng/nxt/rt/app.hpp:141:29
#7  0x00005d1d4f3873ee in main at /home/mbrock/nxtui/build/../src-ng/nxtai/nxtllm.cpp:1272:18
#8  0x000070ce23e2a600 in __libc_start_call_main at ./csu/../sysdeps/nptl/libc_start_call_main.h:59:16
#9  0x000070ce23e2a717 in __libc_start_main_impl at ./csu/../csu/libc-start.c:360:3
#10 0x00005d1d4f364f24 in _start at /home/mbrock/nxtui/build/nxtllm

stdout write #356 bytes 113
  at ../src-ng/nxt/rt/ui_runtime.hpp:434 in nxt::rt::task<void> nxt::rt::ui_runtime::terminal_owner_loop(std::chrono::milliseconds)
  preview "\e7\e[38;25H\e[48;2;37;82;89m\e[38;2;203;213;225m               8.9K/s\xe2\x86\x93\e[38;83H\e[48;2;2;6;23m\e[38;2;100;116;139m9\e8"
Stack trace (most recent call first):
#0  0x00005d1d4f374d47 in write_stdout_all at /home/mbrock/nxtui/build/../src-ng/nxt/rt/ui_runtime.hpp:40:23
#1  0x00005d1d4f4138da in std::__n4861::coroutine_handle<void>::resume() const at /usr/include/c++/15/coroutine:142:50
#2  0x00005d1d4f419574 in nxt::rt::deck::ready_item::resume_if_ready(nxt::rt::deck&) const at /home/mbrock/nxtui/build/../src-ng/nxt/rt/task.hpp:1901:18
#3  0x00005d1d4f415a82 in nxt::rt::deck::run_ready_with() at /home/mbrock/nxtui/build/../src-ng/nxt/rt/deck.hpp:200:33
#4  0x00005d1d4f4157d6 in nxt::rt::deck::run_ready() at /home/mbrock/nxtui/build/../src-ng/nxt/rt/deck.hpp:130:23
#5  0x00005d1d4f4abf2e in void nxt::rt::uring_wand::run_until_done<int>(nxt::rt::deck&, nxt::rt::task<int>&) at /home/mbrock/nxtui/build/../src-ng/nxt/rt/uring_wand.hpp:173:28
#6  0x00005d1d4f47fc31 in int nxt::rt::runtime::run<int>(nxt::rt::task<int>) at /home/mbrock/nxtui/build/../src-ng/nxt/rt/app.hpp:141:29
#7  0x00005d1d4f3873ee in main at /home/mbrock/nxtui/build/../src-ng/nxtai/nxtllm.cpp:1272:18
#8  0x000070ce23e2a600 in __libc_start_call_main at ./csu/../sysdeps/nptl/libc_start_call_main.h:59:16
#9  0x000070ce23e2a717 in __libc_start_main_impl at ./csu/../csu/libc-start.c:360:3
#10 0x00005d1d4f364f24 in _start at /home/mbrock/nxtui/build/nxtllm

stdout write #357 bytes 96
  at ../src-ng/nxt/rt/ui_runtime.hpp:434 in nxt::rt::task<void> nxt::rt::ui_runtime::terminal_owner_loop(std::chrono::milliseconds)
  preview "\e7\e[38;25H\e[48;2;37;81;89m\e[38;2;203;213;225m               8.8K/s\xe2\x86\x93\e[38;74H\e[48;2;43;45;46m7\e8"
Stack trace (most recent call first):
#0  0x00005d1d4f374d47 in write_stdout_all at /home/mbrock/nxtui/build/../src-ng/nxt/rt/ui_runtime.hpp:40:23
#1  0x00005d1d4f4138da in std::__n4861::coroutine_handle<void>::resume() const at /usr/include/c++/15/coroutine:142:50
#2  0x00005d1d4f419574 in nxt::rt::deck::ready_item::resume_if_ready(nxt::rt::deck&) const at /home/mbrock/nxtui/build/../src-ng/nxt/rt/task.hpp:1901:18
#3  0x00005d1d4f415a82 in nxt::rt::deck::run_ready_with() at /home/mbrock/nxtui/build/../src-ng/nxt/rt/deck.hpp:200:33
#4  0x00005d1d4f4157d6 in nxt::rt::deck::run_ready() at /home/mbrock/nxtui/build/../src-ng/nxt/rt/deck.hpp:130:23
#5  0x00005d1d4f4abf2e in void nxt::rt::uring_wand::run_until_done<int>(nxt::rt::deck&, nxt::rt::task<int>&) at /home/mbrock/nxtui/build/../src-ng/nxt/rt/uring_wand.hpp:173:28
#6  0x00005d1d4f47fc31 in int nxt::rt::runtime::run<int>(nxt::rt::task<int>) at /home/mbrock/nxtui/build/../src-ng/nxt/rt/app.hpp:141:29
#7  0x00005d1d4f3873ee in main at /home/mbrock/nxtui/build/../src-ng/nxtai/nxtllm.cpp:1272:18
#8  0x000070ce23e2a600 in __libc_start_call_main at ./csu/../sysdeps/nptl/libc_start_call_main.h:59:16
#9  0x000070ce23e2a717 in __libc_start_main_impl at ./csu/../csu/libc-start.c:360:3
#10 0x00005d1d4f364f24 in _start at /home/mbrock/nxtui/build/nxtllm

stdout write #358 bytes 71
  at ../src-ng/nxt/rt/ui_runtime.hpp:434 in nxt::rt::task<void> nxt::rt::ui_runtime::terminal_owner_loop(std::chrono::milliseconds)
  preview "\e7\e[38;25H\e[48;2;36;81;88m\e[38;2;203;213;225m               8.6K/s\xe2\x86\x93\e8"
Stack trace (most recent call first):
#0  0x00005d1d4f374d47 in write_stdout_all at /home/mbrock/nxtui/build/../src-ng/nxt/rt/ui_runtime.hpp:40:23
#1  0x00005d1d4f4138da in std::__n4861::coroutine_handle<void>::resume() const at /usr/include/c++/15/coroutine:142:50
#2  0x00005d1d4f419574 in nxt::rt::deck::ready_item::resume_if_ready(nxt::rt::deck&) const at /home/mbrock/nxtui/build/../src-ng/nxt/rt/task.hpp:1901:18
#3  0x00005d1d4f415a82 in nxt::rt::deck::run_ready_with() at /home/mbrock/nxtui/build/../src-ng/nxt/rt/deck.hpp:200:33
#4  0x00005d1d4f4157d6 in nxt::rt::deck::run_ready() at /home/mbrock/nxtui/build/../src-ng/nxt/rt/deck.hpp:130:23
#5  0x00005d1d4f4abf2e in void nxt::rt::uring_wand::run_until_done<int>(nxt::rt::deck&, nxt::rt::task<int>&) at /home/mbrock/nxtui/build/../src-ng/nxt/rt/uring_wand.hpp:173:28
#6  0x00005d1d4f47fc31 in int nxt::rt::runtime::run<int>(nxt::rt::task<int>) at /home/mbrock/nxtui/build/../src-ng/nxt/rt/app.hpp:141:29
#7  0x00005d1d4f3873ee in main at /home/mbrock/nxtui/build/../src-ng/nxtai/nxtllm.cpp:1272:18
#8  0x000070ce23e2a600 in __libc_start_call_main at ./csu/../sysdeps/nptl/libc_start_call_main.h:59:16
#9  0x000070ce23e2a717 in __libc_start_main_impl at ./csu/../csu/libc-start.c:360:3
#10 0x00005d1d4f364f24 in _start at /home/mbrock/nxtui/build/nxtllm

stdout write #359 bytes 46
  at ../src-ng/nxt/rt/ui_runtime.hpp:434 in nxt::rt::task<void> nxt::rt::ui_runtime::terminal_owner_loop(std::chrono::milliseconds)
  preview "\e7\e[37;75H\e[48;2;2;6;23m\e[38;2;203;213;225m5\e8"
Stack trace (most recent call first):
#0  0x00005d1d4f374d47 in write_stdout_all at /home/mbrock/nxtui/build/../src-ng/nxt/rt/ui_runtime.hpp:40:23
#1  0x00005d1d4f4138da in std::__n4861::coroutine_handle<void>::resume() const at /usr/include/c++/15/coroutine:142:50
#2  0x00005d1d4f419574 in nxt::rt::deck::ready_item::resume_if_ready(nxt::rt::deck&) const at /home/mbrock/nxtui/build/../src-ng/nxt/rt/task.hpp:1901:18
#3  0x00005d1d4f415a82 in nxt::rt::deck::run_ready_with() at /home/mbrock/nxtui/build/../src-ng/nxt/rt/deck.hpp:200:33
#4  0x00005d1d4f4157d6 in nxt::rt::deck::run_ready() at /home/mbrock/nxtui/build/../src-ng/nxt/rt/deck.hpp:130:23
#5  0x00005d1d4f4abf2e in void nxt::rt::uring_wand::run_until_done<int>(nxt::rt::deck&, nxt::rt::task<int>&) at /home/mbrock/nxtui/build/../src-ng/nxt/rt/uring_wand.hpp:173:28
#6  0x00005d1d4f47fc31 in int nxt::rt::runtime::run<int>(nxt::rt::task<int>) at /home/mbrock/nxtui/build/../src-ng/nxt/rt/app.hpp:141:29
#7  0x00005d1d4f3873ee in main at /home/mbrock/nxtui/build/../src-ng/nxtai/nxtllm.cpp:1272:18
#8  0x000070ce23e2a600 in __libc_start_call_main at ./csu/../sysdeps/nptl/libc_start_call_main.h:59:16
#9  0x000070ce23e2a717 in __libc_start_main_impl at ./csu/../csu/libc-start.c:360:3
#10 0x00005d1d4f364f24 in _start at /home/mbrock/nxtui/build/nxtllm

stdout write #360 bytes 162
  at ../src-ng/nxt/rt/ui_runtime.hpp:434 in nxt::rt::task<void> nxt::rt::ui_runtime::terminal_owner_loop(std::chrono::milliseconds)
  preview "\e7\e[38;21H\e[48;2;2;6;23m\e[38;2;203;213;225m2\e[38;25H\e[48;2;37;82;90m               9.1K/s\xe2\x86\x93\e[38;74H\e[48;2;43;45;46m6\e[38;82H\e[48;2;2;6;23m\e[38;2;100;116;139m81\e8"
Stack trace (most recent call first):
#0  0x00005d1d4f374d47 in write_stdout_all at /home/mbrock/nxtui/build/../src-ng/nxt/rt/ui_runtime.hpp:40:23
#1  0x00005d1d4f4138da in std::__n4861::coroutine_handle<void>::resume() const at /usr/include/c++/15/coroutine:142:50
#2  0x00005d1d4f419574 in nxt::rt::deck::ready_item::resume_if_ready(nxt::rt::deck&) const at /home/mbrock/nxtui/build/../src-ng/nxt/rt/task.hpp:1901:18
#3  0x00005d1d4f415a82 in nxt::rt::deck::run_ready_with() at /home/mbrock/nxtui/build/../src-ng/nxt/rt/deck.hpp:200:33
#4  0x00005d1d4f4157d6 in nxt::rt::deck::run_ready() at /home/mbrock/nxtui/build/../src-ng/nxt/rt/deck.hpp:130:23
#5  0x00005d1d4f4abf2e in void nxt::rt::uring_wand::run_until_done<int>(nxt::rt::deck&, nxt::rt::task<int>&) at /home/mbrock/nxtui/build/../src-ng/nxt/rt/uring_wand.hpp:173:28
#6  0x00005d1d4f47fc31 in int nxt::rt::runtime::run<int>(nxt::rt::task<int>) at /home/mbrock/nxtui/build/../src-ng/nxt/rt/app.hpp:141:29
#7  0x00005d1d4f3873ee in main at /home/mbrock/nxtui/build/../src-ng/nxtai/nxtllm.cpp:1272:18
#8  0x000070ce23e2a600 in __libc_start_call_main at ./csu/../sysdeps/nptl/libc_start_call_main.h:59:16
#9  0x000070ce23e2a717 in __libc_start_main_impl at ./csu/../csu/libc-start.c:360:3
#10 0x00005d1d4f364f24 in _start at /home/mbrock/nxtui/build/nxtllm

stdout write #361 bytes 71
  at ../src-ng/nxt/rt/ui_runtime.hpp:434 in nxt::rt::task<void> nxt::rt::ui_runtime::terminal_owner_loop(std::chrono::milliseconds)
  preview "\e7\e[38;25H\e[48;2;37;82;89m\e[38;2;203;213;225m               8.9K/s\xe2\x86\x93\e8"
Stack trace (most recent call first):
#0  0x00005d1d4f374d47 in write_stdout_all at /home/mbrock/nxtui/build/../src-ng/nxt/rt/ui_runtime.hpp:40:23
#1  0x00005d1d4f4138da in std::__n4861::coroutine_handle<void>::resume() const at /usr/include/c++/15/coroutine:142:50
#2  0x00005d1d4f419574 in nxt::rt::deck::ready_item::resume_if_ready(nxt::rt::deck&) const at /home/mbrock/nxtui/build/../src-ng/nxt/rt/task.hpp:1901:18
#3  0x00005d1d4f415a82 in nxt::rt::deck::run_ready_with() at /home/mbrock/nxtui/build/../src-ng/nxt/rt/deck.hpp:200:33
#4  0x00005d1d4f4157d6 in nxt::rt::deck::run_ready() at /home/mbrock/nxtui/build/../src-ng/nxt/rt/deck.hpp:130:23
#5  0x00005d1d4f4abf2e in void nxt::rt::uring_wand::run_until_done<int>(nxt::rt::deck&, nxt::rt::task<int>&) at /home/mbrock/nxtui/build/../src-ng/nxt/rt/uring_wand.hpp:173:28
#6  0x00005d1d4f47fc31 in int nxt::rt::runtime::run<int>(nxt::rt::task<int>) at /home/mbrock/nxtui/build/../src-ng/nxt/rt/app.hpp:141:29
#7  0x00005d1d4f3873ee in main at /home/mbrock/nxtui/build/../src-ng/nxtai/nxtllm.cpp:1272:18
#8  0x000070ce23e2a600 in __libc_start_call_main at ./csu/../sysdeps/nptl/libc_start_call_main.h:59:16
#9  0x000070ce23e2a717 in __libc_start_main_impl at ./csu/../csu/libc-start.c:360:3
#10 0x00005d1d4f364f24 in _start at /home/mbrock/nxtui/build/nxtllm

stdout write #362 bytes 58
  at ../src-ng/nxt/rt/ui_runtime.hpp:434 in nxt::rt::task<void> nxt::rt::ui_runtime::terminal_owner_loop(std::chrono::milliseconds)
  preview "\e7\e[37;76H\e[48;2;2;6;23m\e[38;2;203;213;225m,\e[37;78Hecho\e8"
Stack trace (most recent call first):
#0  0x00005d1d4f374d47 in write_stdout_all at /home/mbrock/nxtui/build/../src-ng/nxt/rt/ui_runtime.hpp:40:23
#1  0x00005d1d4f4138da in std::__n4861::coroutine_handle<void>::resume() const at /usr/include/c++/15/coroutine:142:50
#2  0x00005d1d4f419574 in nxt::rt::deck::ready_item::resume_if_ready(nxt::rt::deck&) const at /home/mbrock/nxtui/build/../src-ng/nxt/rt/task.hpp:1901:18
#3  0x00005d1d4f415a82 in nxt::rt::deck::run_ready_with() at /home/mbrock/nxtui/build/../src-ng/nxt/rt/deck.hpp:200:33
#4  0x00005d1d4f4157d6 in nxt::rt::deck::run_ready() at /home/mbrock/nxtui/build/../src-ng/nxt/rt/deck.hpp:130:23
#5  0x00005d1d4f4abf2e in void nxt::rt::uring_wand::run_until_done<int>(nxt::rt::deck&, nxt::rt::task<int>&) at /home/mbrock/nxtui/build/../src-ng/nxt/rt/uring_wand.hpp:173:28
#6  0x00005d1d4f47fc31 in int nxt::rt::runtime::run<int>(nxt::rt::task<int>) at /home/mbrock/nxtui/build/../src-ng/nxt/rt/app.hpp:141:29
#7  0x00005d1d4f3873ee in main at /home/mbrock/nxtui/build/../src-ng/nxtai/nxtllm.cpp:1272:18
#8  0x000070ce23e2a600 in __libc_start_call_main at ./csu/../sysdeps/nptl/libc_start_call_main.h:59:16
#9  0x000070ce23e2a717 in __libc_start_main_impl at ./csu/../csu/libc-start.c:360:3
#10 0x00005d1d4f364f24 in _start at /home/mbrock/nxtui/build/nxtllm

stdout write #363 bytes 138
  at ../src-ng/nxt/rt/ui_runtime.hpp:434 in nxt::rt::task<void> nxt::rt::ui_runtime::terminal_owner_loop(std::chrono::milliseconds)
  preview "\e7\e[38;25H\e[48;2;37;82;90m\e[38;2;203;213;225m               9.1K/s\xe2\x86\x93\e[38;74H\e[48;2;43;45;46m5\e[38;83H\e[48;2;2;6;23m\e[38;2;100;116;139m2\e8"
Stack trace (most recent call first):
#0  0x00005d1d4f374d47 in write_stdout_all at /home/mbrock/nxtui/build/../src-ng/nxt/rt/ui_runtime.hpp:40:23
#1  0x00005d1d4f4138da in std::__n4861::coroutine_handle<void>::resume() const at /usr/include/c++/15/coroutine:142:50
#2  0x00005d1d4f419574 in nxt::rt::deck::ready_item::resume_if_ready(nxt::rt::deck&) const at /home/mbrock/nxtui/build/../src-ng/nxt/rt/task.hpp:1901:18
#3  0x00005d1d4f415a82 in nxt::rt::deck::run_ready_with() at /home/mbrock/nxtui/build/../src-ng/nxt/rt/deck.hpp:200:33
#4  0x00005d1d4f4157d6 in nxt::rt::deck::run_ready() at /home/mbrock/nxtui/build/../src-ng/nxt/rt/deck.hpp:130:23
#5  0x00005d1d4f4abf2e in void nxt::rt::uring_wand::run_until_done<int>(nxt::rt::deck&, nxt::rt::task<int>&) at /home/mbrock/nxtui/build/../src-ng/nxt/rt/uring_wand.hpp:173:28
#6  0x00005d1d4f47fc31 in int nxt::rt::runtime::run<int>(nxt::rt::task<int>) at /home/mbrock/nxtui/build/../src-ng/nxt/rt/app.hpp:141:29
#7  0x00005d1d4f3873ee in main at /home/mbrock/nxtui/build/../src-ng/nxtai/nxtllm.cpp:1272:18
#8  0x000070ce23e2a600 in __libc_start_call_main at ./csu/../sysdeps/nptl/libc_start_call_main.h:59:16
#9  0x000070ce23e2a717 in __libc_start_main_impl at ./csu/../csu/libc-start.c:360:3
#10 0x00005d1d4f364f24 in _start at /home/mbrock/nxtui/build/nxtllm

stdout write #364 bytes 49
  at ../src-ng/nxt/rt/ui_runtime.hpp:434 in nxt::rt::task<void> nxt::rt::ui_runtime::terminal_owner_loop(std::chrono::milliseconds)
  preview "\e7\e[37;83H\e[48;2;2;6;23m\e[38;2;203;213;225mline\e8"
Stack trace (most recent call first):
#0  0x00005d1d4f374d47 in write_stdout_all at /home/mbrock/nxtui/build/../src-ng/nxt/rt/ui_runtime.hpp:40:23
#1  0x00005d1d4f4138da in std::__n4861::coroutine_handle<void>::resume() const at /usr/include/c++/15/coroutine:142:50
#2  0x00005d1d4f419574 in nxt::rt::deck::ready_item::resume_if_ready(nxt::rt::deck&) const at /home/mbrock/nxtui/build/../src-ng/nxt/rt/task.hpp:1901:18
#3  0x00005d1d4f415a82 in nxt::rt::deck::run_ready_with() at /home/mbrock/nxtui/build/../src-ng/nxt/rt/deck.hpp:200:33
#4  0x00005d1d4f4157d6 in nxt::rt::deck::run_ready() at /home/mbrock/nxtui/build/../src-ng/nxt/rt/deck.hpp:130:23
#5  0x00005d1d4f4abf2e in void nxt::rt::uring_wand::run_until_done<int>(nxt::rt::deck&, nxt::rt::task<int>&) at /home/mbrock/nxtui/build/../src-ng/nxt/rt/uring_wand.hpp:173:28
#6  0x00005d1d4f47fc31 in int nxt::rt::runtime::run<int>(nxt::rt::task<int>) at /home/mbrock/nxtui/build/../src-ng/nxt/rt/app.hpp:141:29
#7  0x00005d1d4f3873ee in main at /home/mbrock/nxtui/build/../src-ng/nxtai/nxtllm.cpp:1272:18
#8  0x000070ce23e2a600 in __libc_start_call_main at ./csu/../sysdeps/nptl/libc_start_call_main.h:59:16
#9  0x000070ce23e2a717 in __libc_start_main_impl at ./csu/../csu/libc-start.c:360:3
#10 0x00005d1d4f364f24 in _start at /home/mbrock/nxtui/build/nxtllm

stdout write #365 bytes 113
  at ../src-ng/nxt/rt/ui_runtime.hpp:434 in nxt::rt::task<void> nxt::rt::ui_runtime::terminal_owner_loop(std::chrono::milliseconds)
  preview "\e7\e[38;25H\e[48;2;37;83;90m\e[38;2;203;213;225m               9.2K/s\xe2\x86\x93\e[38;83H\e[48;2;2;6;23m\e[38;2;100;116;139m3\e8"
Stack trace (most recent call first):
#0  0x00005d1d4f374d47 in write_stdout_all at /home/mbrock/nxtui/build/../src-ng/nxt/rt/ui_runtime.hpp:40:23
#1  0x00005d1d4f4138da in std::__n4861::coroutine_handle<void>::resume() const at /usr/include/c++/15/coroutine:142:50
#2  0x00005d1d4f419574 in nxt::rt::deck::ready_item::resume_if_ready(nxt::rt::deck&) const at /home/mbrock/nxtui/build/../src-ng/nxt/rt/task.hpp:1901:18
#3  0x00005d1d4f415a82 in nxt::rt::deck::run_ready_with() at /home/mbrock/nxtui/build/../src-ng/nxt/rt/deck.hpp:200:33
#4  0x00005d1d4f4157d6 in nxt::rt::deck::run_ready() at /home/mbrock/nxtui/build/../src-ng/nxt/rt/deck.hpp:130:23
#5  0x00005d1d4f4abf2e in void nxt::rt::uring_wand::run_until_done<int>(nxt::rt::deck&, nxt::rt::task<int>&) at /home/mbrock/nxtui/build/../src-ng/nxt/rt/uring_wand.hpp:173:28
#6  0x00005d1d4f47fc31 in int nxt::rt::runtime::run<int>(nxt::rt::task<int>) at /home/mbrock/nxtui/build/../src-ng/nxt/rt/app.hpp:141:29
#7  0x00005d1d4f3873ee in main at /home/mbrock/nxtui/build/../src-ng/nxtai/nxtllm.cpp:1272:18
#8  0x000070ce23e2a600 in __libc_start_call_main at ./csu/../sysdeps/nptl/libc_start_call_main.h:59:16
#9  0x000070ce23e2a717 in __libc_start_main_impl at ./csu/../csu/libc-start.c:360:3
#10 0x00005d1d4f364f24 in _start at /home/mbrock/nxtui/build/nxtllm

stdout write #366 bytes 48
  at ../src-ng/nxt/rt/ui_runtime.hpp:434 in nxt::rt::task<void> nxt::rt::ui_runtime::terminal_owner_loop(std::chrono::milliseconds)
  preview "\e7\e[38;42H\e[48;2;37;83;90m\e[38;2;203;213;225m1\e8"
Stack trace (most recent call first):
#0  0x00005d1d4f374d47 in write_stdout_all at /home/mbrock/nxtui/build/../src-ng/nxt/rt/ui_runtime.hpp:40:23
#1  0x00005d1d4f4138da in std::__n4861::coroutine_handle<void>::resume() const at /usr/include/c++/15/coroutine:142:50
#2  0x00005d1d4f419574 in nxt::rt::deck::ready_item::resume_if_ready(nxt::rt::deck&) const at /home/mbrock/nxtui/build/../src-ng/nxt/rt/task.hpp:1901:18
#3  0x00005d1d4f415a82 in nxt::rt::deck::run_ready_with() at /home/mbrock/nxtui/build/../src-ng/nxt/rt/deck.hpp:200:33
#4  0x00005d1d4f4157d6 in nxt::rt::deck::run_ready() at /home/mbrock/nxtui/build/../src-ng/nxt/rt/deck.hpp:130:23
#5  0x00005d1d4f4abf2e in void nxt::rt::uring_wand::run_until_done<int>(nxt::rt::deck&, nxt::rt::task<int>&) at /home/mbrock/nxtui/build/../src-ng/nxt/rt/uring_wand.hpp:173:28
#6  0x00005d1d4f47fc31 in int nxt::rt::runtime::run<int>(nxt::rt::task<int>) at /home/mbrock/nxtui/build/../src-ng/nxt/rt/app.hpp:141:29
#7  0x00005d1d4f3873ee in main at /home/mbrock/nxtui/build/../src-ng/nxtai/nxtllm.cpp:1272:18
#8  0x000070ce23e2a600 in __libc_start_call_main at ./csu/../sysdeps/nptl/libc_start_call_main.h:59:16
#9  0x000070ce23e2a717 in __libc_start_main_impl at ./csu/../csu/libc-start.c:360:3
#10 0x00005d1d4f364f24 in _start at /home/mbrock/nxtui/build/nxtllm

stdout write #367 bytes 46
  at ../src-ng/nxt/rt/ui_runtime.hpp:434 in nxt::rt::task<void> nxt::rt::ui_runtime::terminal_owner_loop(std::chrono::milliseconds)
  preview "\e7\e[37;88H\e[48;2;2;6;23m\e[38;2;203;213;225mi\e8"
Stack trace (most recent call first):
#0  0x00005d1d4f374d47 in write_stdout_all at /home/mbrock/nxtui/build/../src-ng/nxt/rt/ui_runtime.hpp:40:23
#1  0x00005d1d4f4138da in std::__n4861::coroutine_handle<void>::resume() const at /usr/include/c++/15/coroutine:142:50
#2  0x00005d1d4f419574 in nxt::rt::deck::ready_item::resume_if_ready(nxt::rt::deck&) const at /home/mbrock/nxtui/build/../src-ng/nxt/rt/task.hpp:1901:18
#3  0x00005d1d4f415a82 in nxt::rt::deck::run_ready_with() at /home/mbrock/nxtui/build/../src-ng/nxt/rt/deck.hpp:200:33
#4  0x00005d1d4f4157d6 in nxt::rt::deck::run_ready() at /home/mbrock/nxtui/build/../src-ng/nxt/rt/deck.hpp:130:23
#5  0x00005d1d4f4abf2e in void nxt::rt::uring_wand::run_until_done<int>(nxt::rt::deck&, nxt::rt::task<int>&) at /home/mbrock/nxtui/build/../src-ng/nxt/rt/uring_wand.hpp:173:28
#6  0x00005d1d4f47fc31 in int nxt::rt::runtime::run<int>(nxt::rt::task<int>) at /home/mbrock/nxtui/build/../src-ng/nxt/rt/app.hpp:141:29
#7  0x00005d1d4f3873ee in main at /home/mbrock/nxtui/build/../src-ng/nxtai/nxtllm.cpp:1272:18
#8  0x000070ce23e2a600 in __libc_start_call_main at ./csu/../sysdeps/nptl/libc_start_call_main.h:59:16
#9  0x000070ce23e2a717 in __libc_start_main_impl at ./csu/../csu/libc-start.c:360:3
#10 0x00005d1d4f364f24 in _start at /home/mbrock/nxtui/build/nxtllm

stdout write #368 bytes 115
  at ../src-ng/nxt/rt/ui_runtime.hpp:434 in nxt::rt::task<void> nxt::rt::ui_runtime::terminal_owner_loop(std::chrono::milliseconds)
  preview "\e7\e[38;42H\e[48;2;37;83;90m\e[38;2;203;213;225m2\e[38;74H\e[48;2;43;45;46m4\e[38;83H\e[48;2;2;6;23m\e[38;2;100;116;139m4\e8"
Stack trace (most recent call first):
#0  0x00005d1d4f374d47 in write_stdout_all at /home/mbrock/nxtui/build/../src-ng/nxt/rt/ui_runtime.hpp:40:23
#1  0x00005d1d4f4138da in std::__n4861::coroutine_handle<void>::resume() const at /usr/include/c++/15/coroutine:142:50
#2  0x00005d1d4f419574 in nxt::rt::deck::ready_item::resume_if_ready(nxt::rt::deck&) const at /home/mbrock/nxtui/build/../src-ng/nxt/rt/task.hpp:1901:18
#3  0x00005d1d4f415a82 in nxt::rt::deck::run_ready_with() at /home/mbrock/nxtui/build/../src-ng/nxt/rt/deck.hpp:200:33
#4  0x00005d1d4f4157d6 in nxt::rt::deck::run_ready() at /home/mbrock/nxtui/build/../src-ng/nxt/rt/deck.hpp:130:23
#5  0x00005d1d4f4abf2e in void nxt::rt::uring_wand::run_until_done<int>(nxt::rt::deck&, nxt::rt::task<int>&) at /home/mbrock/nxtui/build/../src-ng/nxt/rt/uring_wand.hpp:173:28
#6  0x00005d1d4f47fc31 in int nxt::rt::runtime::run<int>(nxt::rt::task<int>) at /home/mbrock/nxtui/build/../src-ng/nxt/rt/app.hpp:141:29
#7  0x00005d1d4f3873ee in main at /home/mbrock/nxtui/build/../src-ng/nxtai/nxtllm.cpp:1272:18
#8  0x000070ce23e2a600 in __libc_start_call_main at ./csu/../sysdeps/nptl/libc_start_call_main.h:59:16
#9  0x000070ce23e2a717 in __libc_start_main_impl at ./csu/../csu/libc-start.c:360:3
#10 0x00005d1d4f364f24 in _start at /home/mbrock/nxtui/build/nxtllm

stdout write #369 bytes 136
  at ../src-ng/nxt/rt/ui_runtime.hpp:434 in nxt::rt::task<void> nxt::rt::ui_runtime::terminal_owner_loop(std::chrono::milliseconds)
  preview "\e7\e[38;21H\e[48;2;2;6;23m\e[38;2;203;213;225m3\e[38;25H\e[48;2;37;84;91m               9.4K/s\xe2\x86\x93\e[38;83H\e[48;2;2;6;23m\e[38;2;100;116;139m5\e8"
Stack trace (most recent call first):
#0  0x00005d1d4f374d47 in write_stdout_all at /home/mbrock/nxtui/build/../src-ng/nxt/rt/ui_runtime.hpp:40:23
#1  0x00005d1d4f4138da in std::__n4861::coroutine_handle<void>::resume() const at /usr/include/c++/15/coroutine:142:50
#2  0x00005d1d4f419574 in nxt::rt::deck::ready_item::resume_if_ready(nxt::rt::deck&) const at /home/mbrock/nxtui/build/../src-ng/nxt/rt/task.hpp:1901:18
#3  0x00005d1d4f415a82 in nxt::rt::deck::run_ready_with() at /home/mbrock/nxtui/build/../src-ng/nxt/rt/deck.hpp:200:33
#4  0x00005d1d4f4157d6 in nxt::rt::deck::run_ready() at /home/mbrock/nxtui/build/../src-ng/nxt/rt/deck.hpp:130:23
#5  0x00005d1d4f4abf2e in void nxt::rt::uring_wand::run_until_done<int>(nxt::rt::deck&, nxt::rt::task<int>&) at /home/mbrock/nxtui/build/../src-ng/nxt/rt/uring_wand.hpp:173:28
#6  0x00005d1d4f47fc31 in int nxt::rt::runtime::run<int>(nxt::rt::task<int>) at /home/mbrock/nxtui/build/../src-ng/nxt/rt/app.hpp:141:29
#7  0x00005d1d4f3873ee in main at /home/mbrock/nxtui/build/../src-ng/nxtai/nxtllm.cpp:1272:18
#8  0x000070ce23e2a600 in __libc_start_call_main at ./csu/../sysdeps/nptl/libc_start_call_main.h:59:16
#9  0x000070ce23e2a717 in __libc_start_main_impl at ./csu/../csu/libc-start.c:360:3
#10 0x00005d1d4f364f24 in _start at /home/mbrock/nxtui/build/nxtllm

stdout write #370 bytes 96
  at ../src-ng/nxt/rt/ui_runtime.hpp:434 in nxt::rt::task<void> nxt::rt::ui_runtime::terminal_owner_loop(std::chrono::milliseconds)
  preview "\e7\e[38;25H\e[48;2;37;83;90m\e[38;2;203;213;225m               9.2K/s\xe2\x86\x93\e[38;74H\e[48;2;43;45;46m3\e8"
Stack trace (most recent call first):
#0  0x00005d1d4f374d47 in write_stdout_all at /home/mbrock/nxtui/build/../src-ng/nxt/rt/ui_runtime.hpp:40:23
#1  0x00005d1d4f4138da in std::__n4861::coroutine_handle<void>::resume() const at /usr/include/c++/15/coroutine:142:50
#2  0x00005d1d4f419574 in nxt::rt::deck::ready_item::resume_if_ready(nxt::rt::deck&) const at /home/mbrock/nxtui/build/../src-ng/nxt/rt/task.hpp:1901:18
#3  0x00005d1d4f415a82 in nxt::rt::deck::run_ready_with() at /home/mbrock/nxtui/build/../src-ng/nxt/rt/deck.hpp:200:33
#4  0x00005d1d4f4157d6 in nxt::rt::deck::run_ready() at /home/mbrock/nxtui/build/../src-ng/nxt/rt/deck.hpp:130:23
#5  0x00005d1d4f4abf2e in void nxt::rt::uring_wand::run_until_done<int>(nxt::rt::deck&, nxt::rt::task<int>&) at /home/mbrock/nxtui/build/../src-ng/nxt/rt/uring_wand.hpp:173:28
#6  0x00005d1d4f47fc31 in int nxt::rt::runtime::run<int>(nxt::rt::task<int>) at /home/mbrock/nxtui/build/../src-ng/nxt/rt/app.hpp:141:29
#7  0x00005d1d4f3873ee in main at /home/mbrock/nxtui/build/../src-ng/nxtai/nxtllm.cpp:1272:18
#8  0x000070ce23e2a600 in __libc_start_call_main at ./csu/../sysdeps/nptl/libc_start_call_main.h:59:16
#9  0x000070ce23e2a717 in __libc_start_main_impl at ./csu/../csu/libc-start.c:360:3
#10 0x00005d1d4f364f24 in _start at /home/mbrock/nxtui/build/nxtllm

stdout write #371 bytes 1892
  at ../src-ng/nxt/rt/ui_runtime.hpp:434 in nxt::rt::task<void> nxt::rt::ui_runtime::terminal_owner_loop(std::chrono::milliseconds)
  preview "\e[0m\e[1S\e[1A\e7\e[1;27r\e8\e7\e[28;1H\e[2K\e[29;1H\e[2K\e[30;1H\e[2K\e[31;1H\e[2K\e[32;1H\e[2K\e[33;1H\e[2K\e[34;1H\e[2K\e[35;1H\e[2K\e[36;1H\e[2K\e[37;1H\e[2K\e[38;1H\e[2K\e8\e7\e[28;1H\e[48;2;252;211;77m\e[38;2;2;6;23m\e[1m nxtllm \e[28;9H\e[0m\e[38;2;2;6;23m\e[48;2;252;211;77m\e[48;2;15;23;42m\e[38;2;148;163;184mgpt-5.4-nano  thinking                                                                      \e[29;1H\e[48;2;2;6;23m\e[38;2;203;213;225m \e[29;2H\e[48;2;125;211;252m\e[38;2;2;6;23m\e[1m thinking                                                                                          \e[30;1H\e[0m\e[38;2;2;6;23m\e[48;2;125;211;252m\e[48;2;2;6;23m\e[38;2;203;213;225m                                                                                                    \e[31;1H \e[31;2H\e[1mAsking for clarification\e[31;26H\e[0m\e[38;2;203;213;225m\e[48;2;2;6;23m                                                                           \e[32;1H                                                                                                    \e[33;1H I see the user wants to use the shell tool with short sleeps and stdout lines, but                 \e[34;1H there's no specific command given. I should ask them what they'd like to run. However, I           \e[35;1H could demonstrate by running a simple bash loop that includes sleep and echo. So, I'll             \e[36;1H use the functions.bash tool to set up a little script, like: for i in 1..5, echo line i;           \e[37;1H sleep                                                                                              \e[38;1H \e[38;2H\e[38;2;94;234;212m\e[1mstreaming SSE \e[38;16H\e[0m\e[38;2;94;234;212m\e[48;2;2;6;23m\e[38;2;203;213;225m    33K\xe2\x86\x93 \e[38;25H\e[48;2;37;83;90m               9.2K/s\xe2\x86\x93\e[38;47H\e[48;2;2;6;23m   2.0K\xe2\x86\x91 \e[38;56H\e[48;2;43;45;46m                 23/s\xe2\x86\x91\e[38;78H\e[48;2;2;6;23m \e[38;79H\e[38;2;100;116;139m  #85\e[38;84H\e[38;2;203;213;225m                 \e8"
Stack trace (most recent call first):
#0  0x00005d1d4f374d47 in write_stdout_all at /home/mbrock/nxtui/build/../src-ng/nxt/rt/ui_runtime.hpp:40:23
#1  0x00005d1d4f4138da in std::__n4861::coroutine_handle<void>::resume() const at /usr/include/c++/15/coroutine:142:50
#2  0x00005d1d4f419574 in nxt::rt::deck::ready_item::resume_if_ready(nxt::rt::deck&) const at /home/mbrock/nxtui/build/../src-ng/nxt/rt/task.hpp:1901:18
#3  0x00005d1d4f415a82 in nxt::rt::deck::run_ready_with() at /home/mbrock/nxtui/build/../src-ng/nxt/rt/deck.hpp:200:33
#4  0x00005d1d4f4157d6 in nxt::rt::deck::run_ready() at /home/mbrock/nxtui/build/../src-ng/nxt/rt/deck.hpp:130:23
#5  0x00005d1d4f4abf2e in void nxt::rt::uring_wand::run_until_done<int>(nxt::rt::deck&, nxt::rt::task<int>&) at /home/mbrock/nxtui/build/../src-ng/nxt/rt/uring_wand.hpp:173:28
#6  0x00005d1d4f47fc31 in int nxt::rt::runtime::run<int>(nxt::rt::task<int>) at /home/mbrock/nxtui/build/../src-ng/nxt/rt/app.hpp:141:29
#7  0x00005d1d4f3873ee in main at /home/mbrock/nxtui/build/../src-ng/nxtai/nxtllm.cpp:1272:18
#8  0x000070ce23e2a600 in __libc_start_call_main at ./csu/../sysdeps/nptl/libc_start_call_main.h:59:16
#9  0x000070ce23e2a717 in __libc_start_main_impl at ./csu/../csu/libc-start.c:360:3
#10 0x00005d1d4f364f24 in _start at /home/mbrock/nxtui/build/nxtllm

stdout write #372 bytes 113
  at ../src-ng/nxt/rt/ui_runtime.hpp:434 in nxt::rt::task<void> nxt::rt::ui_runtime::terminal_owner_loop(std::chrono::milliseconds)
  preview "\e7\e[38;25H\e[48;2;37;84;91m\e[38;2;203;213;225m               9.4K/s\xe2\x86\x93\e[38;83H\e[48;2;2;6;23m\e[38;2;100;116;139m6\e8"
Stack trace (most recent call first):
#0  0x00005d1d4f374d47 in write_stdout_all at /home/mbrock/nxtui/build/../src-ng/nxt/rt/ui_runtime.hpp:40:23
#1  0x00005d1d4f4138da in std::__n4861::coroutine_handle<void>::resume() const at /usr/include/c++/15/coroutine:142:50
#2  0x00005d1d4f419574 in nxt::rt::deck::ready_item::resume_if_ready(nxt::rt::deck&) const at /home/mbrock/nxtui/build/../src-ng/nxt/rt/task.hpp:1901:18
#3  0x00005d1d4f415a82 in nxt::rt::deck::run_ready_with() at /home/mbrock/nxtui/build/../src-ng/nxt/rt/deck.hpp:200:33
#4  0x00005d1d4f4157d6 in nxt::rt::deck::run_ready() at /home/mbrock/nxtui/build/../src-ng/nxt/rt/deck.hpp:130:23
#5  0x00005d1d4f4abf2e in void nxt::rt::uring_wand::run_until_done<int>(nxt::rt::deck&, nxt::rt::task<int>&) at /home/mbrock/nxtui/build/../src-ng/nxt/rt/uring_wand.hpp:173:28
#6  0x00005d1d4f47fc31 in int nxt::rt::runtime::run<int>(nxt::rt::task<int>) at /home/mbrock/nxtui/build/../src-ng/nxt/rt/app.hpp:141:29
#7  0x00005d1d4f3873ee in main at /home/mbrock/nxtui/build/../src-ng/nxtai/nxtllm.cpp:1272:18
#8  0x000070ce23e2a600 in __libc_start_call_main at ./csu/../sysdeps/nptl/libc_start_call_main.h:59:16
#9  0x000070ce23e2a717 in __libc_start_main_impl at ./csu/../csu/libc-start.c:360:3
#10 0x00005d1d4f364f24 in _start at /home/mbrock/nxtui/build/nxtllm

stdout write #373 bytes 71
  at ../src-ng/nxt/rt/ui_runtime.hpp:434 in nxt::rt::task<void> nxt::rt::ui_runtime::terminal_owner_loop(std::chrono::milliseconds)
  preview "\e7\e[38;25H\e[48;2;37;83;90m\e[38;2;203;213;225m               9.2K/s\xe2\x86\x93\e8"
Stack trace (most recent call first):
#0  0x00005d1d4f374d47 in write_stdout_all at /home/mbrock/nxtui/build/../src-ng/nxt/rt/ui_runtime.hpp:40:23
#1  0x00005d1d4f4138da in std::__n4861::coroutine_handle<void>::resume() const at /usr/include/c++/15/coroutine:142:50
#2  0x00005d1d4f419574 in nxt::rt::deck::ready_item::resume_if_ready(nxt::rt::deck&) const at /home/mbrock/nxtui/build/../src-ng/nxt/rt/task.hpp:1901:18
#3  0x00005d1d4f415a82 in nxt::rt::deck::run_ready_with() at /home/mbrock/nxtui/build/../src-ng/nxt/rt/deck.hpp:200:33
#4  0x00005d1d4f4157d6 in nxt::rt::deck::run_ready() at /home/mbrock/nxtui/build/../src-ng/nxt/rt/deck.hpp:130:23
#5  0x00005d1d4f4abf2e in void nxt::rt::uring_wand::run_until_done<int>(nxt::rt::deck&, nxt::rt::task<int>&) at /home/mbrock/nxtui/build/../src-ng/nxt/rt/uring_wand.hpp:173:28
#6  0x00005d1d4f47fc31 in int nxt::rt::runtime::run<int>(nxt::rt::task<int>) at /home/mbrock/nxtui/build/../src-ng/nxt/rt/app.hpp:141:29
#7  0x00005d1d4f3873ee in main at /home/mbrock/nxtui/build/../src-ng/nxtai/nxtllm.cpp:1272:18
#8  0x000070ce23e2a600 in __libc_start_call_main at ./csu/../sysdeps/nptl/libc_start_call_main.h:59:16
#9  0x000070ce23e2a717 in __libc_start_main_impl at ./csu/../csu/libc-start.c:360:3
#10 0x00005d1d4f364f24 in _start at /home/mbrock/nxtui/build/nxtllm

stdout write #374 bytes 73
  at ../src-ng/nxt/rt/ui_runtime.hpp:434 in nxt::rt::task<void> nxt::rt::ui_runtime::terminal_owner_loop(std::chrono::milliseconds)
  preview "\e7\e[38;42H\e[48;2;37;83;90m\e[38;2;203;213;225m1\e[38;74H\e[48;2;43;45;46m2\e8"
Stack trace (most recent call first):
#0  0x00005d1d4f374d47 in write_stdout_all at /home/mbrock/nxtui/build/../src-ng/nxt/rt/ui_runtime.hpp:40:23
#1  0x00005d1d4f4138da in std::__n4861::coroutine_handle<void>::resume() const at /usr/include/c++/15/coroutine:142:50
#2  0x00005d1d4f419574 in nxt::rt::deck::ready_item::resume_if_ready(nxt::rt::deck&) const at /home/mbrock/nxtui/build/../src-ng/nxt/rt/task.hpp:1901:18
#3  0x00005d1d4f415a82 in nxt::rt::deck::run_ready_with() at /home/mbrock/nxtui/build/../src-ng/nxt/rt/deck.hpp:200:33
#4  0x00005d1d4f4157d6 in nxt::rt::deck::run_ready() at /home/mbrock/nxtui/build/../src-ng/nxt/rt/deck.hpp:130:23
#5  0x00005d1d4f4abf2e in void nxt::rt::uring_wand::run_until_done<int>(nxt::rt::deck&, nxt::rt::task<int>&) at /home/mbrock/nxtui/build/../src-ng/nxt/rt/uring_wand.hpp:173:28
#6  0x00005d1d4f47fc31 in int nxt::rt::runtime::run<int>(nxt::rt::task<int>) at /home/mbrock/nxtui/build/../src-ng/nxt/rt/app.hpp:141:29
#7  0x00005d1d4f3873ee in main at /home/mbrock/nxtui/build/../src-ng/nxtai/nxtllm.cpp:1272:18
#8  0x000070ce23e2a600 in __libc_start_call_main at ./csu/../sysdeps/nptl/libc_start_call_main.h:59:16
#9  0x000070ce23e2a717 in __libc_start_main_impl at ./csu/../csu/libc-start.c:360:3
#10 0x00005d1d4f364f24 in _start at /home/mbrock/nxtui/build/nxtllm

stdout write #375 bytes 71
  at ../src-ng/nxt/rt/ui_runtime.hpp:434 in nxt::rt::task<void> nxt::rt::ui_runtime::terminal_owner_loop(std::chrono::milliseconds)
  preview "\e7\e[38;25H\e[48;2;37;82;89m\e[38;2;203;213;225m               8.9K/s\xe2\x86\x93\e8"
Stack trace (most recent call first):
#0  0x00005d1d4f374d47 in write_stdout_all at /home/mbrock/nxtui/build/../src-ng/nxt/rt/ui_runtime.hpp:40:23
#1  0x00005d1d4f4138da in std::__n4861::coroutine_handle<void>::resume() const at /usr/include/c++/15/coroutine:142:50
#2  0x00005d1d4f419574 in nxt::rt::deck::ready_item::resume_if_ready(nxt::rt::deck&) const at /home/mbrock/nxtui/build/../src-ng/nxt/rt/task.hpp:1901:18
#3  0x00005d1d4f415a82 in nxt::rt::deck::run_ready_with() at /home/mbrock/nxtui/build/../src-ng/nxt/rt/deck.hpp:200:33
#4  0x00005d1d4f4157d6 in nxt::rt::deck::run_ready() at /home/mbrock/nxtui/build/../src-ng/nxt/rt/deck.hpp:130:23
#5  0x00005d1d4f4abf2e in void nxt::rt::uring_wand::run_until_done<int>(nxt::rt::deck&, nxt::rt::task<int>&) at /home/mbrock/nxtui/build/../src-ng/nxt/rt/uring_wand.hpp:173:28
#6  0x00005d1d4f47fc31 in int nxt::rt::runtime::run<int>(nxt::rt::task<int>) at /home/mbrock/nxtui/build/../src-ng/nxt/rt/app.hpp:141:29
#7  0x00005d1d4f3873ee in main at /home/mbrock/nxtui/build/../src-ng/nxtai/nxtllm.cpp:1272:18
#8  0x000070ce23e2a600 in __libc_start_call_main at ./csu/../sysdeps/nptl/libc_start_call_main.h:59:16
#9  0x000070ce23e2a717 in __libc_start_main_impl at ./csu/../csu/libc-start.c:360:3
#10 0x00005d1d4f364f24 in _start at /home/mbrock/nxtui/build/nxtllm

stdout write #376 bytes 45
  at ../src-ng/nxt/rt/ui_runtime.hpp:434 in nxt::rt::task<void> nxt::rt::ui_runtime::terminal_owner_loop(std::chrono::milliseconds)
  preview "\e7\e[37;8H\e[48;2;2;6;23m\e[38;2;203;213;225m0\e8"
Stack trace (most recent call first):
#0  0x00005d1d4f374d47 in write_stdout_all at /home/mbrock/nxtui/build/../src-ng/nxt/rt/ui_runtime.hpp:40:23
#1  0x00005d1d4f4138da in std::__n4861::coroutine_handle<void>::resume() const at /usr/include/c++/15/coroutine:142:50
#2  0x00005d1d4f419574 in nxt::rt::deck::ready_item::resume_if_ready(nxt::rt::deck&) const at /home/mbrock/nxtui/build/../src-ng/nxt/rt/task.hpp:1901:18
#3  0x00005d1d4f415a82 in nxt::rt::deck::run_ready_with() at /home/mbrock/nxtui/build/../src-ng/nxt/rt/deck.hpp:200:33
#4  0x00005d1d4f4157d6 in nxt::rt::deck::run_ready() at /home/mbrock/nxtui/build/../src-ng/nxt/rt/deck.hpp:130:23
#5  0x00005d1d4f4abf2e in void nxt::rt::uring_wand::run_until_done<int>(nxt::rt::deck&, nxt::rt::task<int>&) at /home/mbrock/nxtui/build/../src-ng/nxt/rt/uring_wand.hpp:173:28
#6  0x00005d1d4f47fc31 in int nxt::rt::runtime::run<int>(nxt::rt::task<int>) at /home/mbrock/nxtui/build/../src-ng/nxt/rt/app.hpp:141:29
#7  0x00005d1d4f3873ee in main at /home/mbrock/nxtui/build/../src-ng/nxtai/nxtllm.cpp:1272:18
#8  0x000070ce23e2a600 in __libc_start_call_main at ./csu/../sysdeps/nptl/libc_start_call_main.h:59:16
#9  0x000070ce23e2a717 in __libc_start_main_impl at ./csu/../csu/libc-start.c:360:3
#10 0x00005d1d4f364f24 in _start at /home/mbrock/nxtui/build/nxtllm

stdout write #377 bytes 113
  at ../src-ng/nxt/rt/ui_runtime.hpp:434 in nxt::rt::task<void> nxt::rt::ui_runtime::terminal_owner_loop(std::chrono::milliseconds)
  preview "\e7\e[38;25H\e[48;2;37;83;90m\e[38;2;203;213;225m               9.1K/s\xe2\x86\x93\e[38;83H\e[48;2;2;6;23m\e[38;2;100;116;139m7\e8"
Stack trace (most recent call first):
#0  0x00005d1d4f374d47 in write_stdout_all at /home/mbrock/nxtui/build/../src-ng/nxt/rt/ui_runtime.hpp:40:23
#1  0x00005d1d4f4138da in std::__n4861::coroutine_handle<void>::resume() const at /usr/include/c++/15/coroutine:142:50
#2  0x00005d1d4f419574 in nxt::rt::deck::ready_item::resume_if_ready(nxt::rt::deck&) const at /home/mbrock/nxtui/build/../src-ng/nxt/rt/task.hpp:1901:18
#3  0x00005d1d4f415a82 in nxt::rt::deck::run_ready_with() at /home/mbrock/nxtui/build/../src-ng/nxt/rt/deck.hpp:200:33
#4  0x00005d1d4f4157d6 in nxt::rt::deck::run_ready() at /home/mbrock/nxtui/build/../src-ng/nxt/rt/deck.hpp:130:23
#5  0x00005d1d4f4abf2e in void nxt::rt::uring_wand::run_until_done<int>(nxt::rt::deck&, nxt::rt::task<int>&) at /home/mbrock/nxtui/build/../src-ng/nxt/rt/uring_wand.hpp:173:28
#6  0x00005d1d4f47fc31 in int nxt::rt::runtime::run<int>(nxt::rt::task<int>) at /home/mbrock/nxtui/build/../src-ng/nxt/rt/app.hpp:141:29
#7  0x00005d1d4f3873ee in main at /home/mbrock/nxtui/build/../src-ng/nxtai/nxtllm.cpp:1272:18
#8  0x000070ce23e2a600 in __libc_start_call_main at ./csu/../sysdeps/nptl/libc_start_call_main.h:59:16
#9  0x000070ce23e2a717 in __libc_start_main_impl at ./csu/../csu/libc-start.c:360:3
#10 0x00005d1d4f364f24 in _start at /home/mbrock/nxtui/build/nxtllm

stdout write #378 bytes 96
  at ../src-ng/nxt/rt/ui_runtime.hpp:434 in nxt::rt::task<void> nxt::rt::ui_runtime::terminal_owner_loop(std::chrono::milliseconds)
  preview "\e7\e[38;25H\e[48;2;37;82;89m\e[38;2;203;213;225m               9.0K/s\xe2\x86\x93\e[38;74H\e[48;2;43;45;46m1\e8"
Stack trace (most recent call first):
#0  0x00005d1d4f374d47 in write_stdout_all at /home/mbrock/nxtui/build/../src-ng/nxt/rt/ui_runtime.hpp:40:23
#1  0x00005d1d4f4138da in std::__n4861::coroutine_handle<void>::resume() const at /usr/include/c++/15/coroutine:142:50
#2  0x00005d1d4f419574 in nxt::rt::deck::ready_item::resume_if_ready(nxt::rt::deck&) const at /home/mbrock/nxtui/build/../src-ng/nxt/rt/task.hpp:1901:18
#3  0x00005d1d4f415a82 in nxt::rt::deck::run_ready_with() at /home/mbrock/nxtui/build/../src-ng/nxt/rt/deck.hpp:200:33
#4  0x00005d1d4f4157d6 in nxt::rt::deck::run_ready() at /home/mbrock/nxtui/build/../src-ng/nxt/rt/deck.hpp:130:23
#5  0x00005d1d4f4abf2e in void nxt::rt::uring_wand::run_until_done<int>(nxt::rt::deck&, nxt::rt::task<int>&) at /home/mbrock/nxtui/build/../src-ng/nxt/rt/uring_wand.hpp:173:28
#6  0x00005d1d4f47fc31 in int nxt::rt::runtime::run<int>(nxt::rt::task<int>) at /home/mbrock/nxtui/build/../src-ng/nxt/rt/app.hpp:141:29
#7  0x00005d1d4f3873ee in main at /home/mbrock/nxtui/build/../src-ng/nxtai/nxtllm.cpp:1272:18
#8  0x000070ce23e2a600 in __libc_start_call_main at ./csu/../sysdeps/nptl/libc_start_call_main.h:59:16
#9  0x000070ce23e2a717 in __libc_start_main_impl at ./csu/../csu/libc-start.c:360:3
#10 0x00005d1d4f364f24 in _start at /home/mbrock/nxtui/build/nxtllm

stdout write #379 bytes 45
  at ../src-ng/nxt/rt/ui_runtime.hpp:434 in nxt::rt::task<void> nxt::rt::ui_runtime::terminal_owner_loop(std::chrono::milliseconds)
  preview "\e7\e[37;9H\e[48;2;2;6;23m\e[38;2;203;213;225m.\e8"
Stack trace (most recent call first):
#0  0x00005d1d4f374d47 in write_stdout_all at /home/mbrock/nxtui/build/../src-ng/nxt/rt/ui_runtime.hpp:40:23
#1  0x00005d1d4f4138da in std::__n4861::coroutine_handle<void>::resume() const at /usr/include/c++/15/coroutine:142:50
#2  0x00005d1d4f419574 in nxt::rt::deck::ready_item::resume_if_ready(nxt::rt::deck&) const at /home/mbrock/nxtui/build/../src-ng/nxt/rt/task.hpp:1901:18
#3  0x00005d1d4f415a82 in nxt::rt::deck::run_ready_with() at /home/mbrock/nxtui/build/../src-ng/nxt/rt/deck.hpp:200:33
#4  0x00005d1d4f4157d6 in nxt::rt::deck::run_ready() at /home/mbrock/nxtui/build/../src-ng/nxt/rt/deck.hpp:130:23
#5  0x00005d1d4f4abf2e in void nxt::rt::uring_wand::run_until_done<int>(nxt::rt::deck&, nxt::rt::task<int>&) at /home/mbrock/nxtui/build/../src-ng/nxt/rt/uring_wand.hpp:173:28
#6  0x00005d1d4f47fc31 in int nxt::rt::runtime::run<int>(nxt::rt::task<int>) at /home/mbrock/nxtui/build/../src-ng/nxt/rt/app.hpp:141:29
#7  0x00005d1d4f3873ee in main at /home/mbrock/nxtui/build/../src-ng/nxtai/nxtllm.cpp:1272:18
#8  0x000070ce23e2a600 in __libc_start_call_main at ./csu/../sysdeps/nptl/libc_start_call_main.h:59:16
#9  0x000070ce23e2a717 in __libc_start_main_impl at ./csu/../csu/libc-start.c:360:3
#10 0x00005d1d4f364f24 in _start at /home/mbrock/nxtui/build/nxtllm

stdout write #380 bytes 94
  at ../src-ng/nxt/rt/ui_runtime.hpp:434 in nxt::rt::task<void> nxt::rt::ui_runtime::terminal_owner_loop(std::chrono::milliseconds)
  preview "\e7\e[38;21H\e[48;2;2;6;23m\e[38;2;203;213;225m4\e[38;25H\e[48;2;37;83;90m               9.1K/s\xe2\x86\x93\e8"
Stack trace (most recent call first):
#0  0x00005d1d4f374d47 in write_stdout_all at /home/mbrock/nxtui/build/../src-ng/nxt/rt/ui_runtime.hpp:40:23
#1  0x00005d1d4f4138da in std::__n4861::coroutine_handle<void>::resume() const at /usr/include/c++/15/coroutine:142:50
#2  0x00005d1d4f419574 in nxt::rt::deck::ready_item::resume_if_ready(nxt::rt::deck&) const at /home/mbrock/nxtui/build/../src-ng/nxt/rt/task.hpp:1901:18
#3  0x00005d1d4f415a82 in nxt::rt::deck::run_ready_with() at /home/mbrock/nxtui/build/../src-ng/nxt/rt/deck.hpp:200:33
#4  0x00005d1d4f4157d6 in nxt::rt::deck::run_ready() at /home/mbrock/nxtui/build/../src-ng/nxt/rt/deck.hpp:130:23
#5  0x00005d1d4f4abf2e in void nxt::rt::uring_wand::run_until_done<int>(nxt::rt::deck&, nxt::rt::task<int>&) at /home/mbrock/nxtui/build/../src-ng/nxt/rt/uring_wand.hpp:173:28
#6  0x00005d1d4f47fc31 in int nxt::rt::runtime::run<int>(nxt::rt::task<int>) at /home/mbrock/nxtui/build/../src-ng/nxt/rt/app.hpp:141:29
#7  0x00005d1d4f3873ee in main at /home/mbrock/nxtui/build/../src-ng/nxtai/nxtllm.cpp:1272:18
#8  0x000070ce23e2a600 in __libc_start_call_main at ./csu/../sysdeps/nptl/libc_start_call_main.h:59:16
#9  0x000070ce23e2a717 in __libc_start_main_impl at ./csu/../csu/libc-start.c:360:3
#10 0x00005d1d4f364f24 in _start at /home/mbrock/nxtui/build/nxtllm

stdout write #381 bytes 113
  at ../src-ng/nxt/rt/ui_runtime.hpp:434 in nxt::rt::task<void> nxt::rt::ui_runtime::terminal_owner_loop(std::chrono::milliseconds)
  preview "\e7\e[38;25H\e[48;2;37;82;89m\e[38;2;203;213;225m               9.0K/s\xe2\x86\x93\e[38;83H\e[48;2;2;6;23m\e[38;2;100;116;139m8\e8"
Stack trace (most recent call first):
#0  0x00005d1d4f374d47 in write_stdout_all at /home/mbrock/nxtui/build/../src-ng/nxt/rt/ui_runtime.hpp:40:23
#1  0x00005d1d4f4138da in std::__n4861::coroutine_handle<void>::resume() const at /usr/include/c++/15/coroutine:142:50
#2  0x00005d1d4f419574 in nxt::rt::deck::ready_item::resume_if_ready(nxt::rt::deck&) const at /home/mbrock/nxtui/build/../src-ng/nxt/rt/task.hpp:1901:18
#3  0x00005d1d4f415a82 in nxt::rt::deck::run_ready_with() at /home/mbrock/nxtui/build/../src-ng/nxt/rt/deck.hpp:200:33
#4  0x00005d1d4f4157d6 in nxt::rt::deck::run_ready() at /home/mbrock/nxtui/build/../src-ng/nxt/rt/deck.hpp:130:23
#5  0x00005d1d4f4abf2e in void nxt::rt::uring_wand::run_until_done<int>(nxt::rt::deck&, nxt::rt::task<int>&) at /home/mbrock/nxtui/build/../src-ng/nxt/rt/uring_wand.hpp:173:28
#6  0x00005d1d4f47fc31 in int nxt::rt::runtime::run<int>(nxt::rt::task<int>) at /home/mbrock/nxtui/build/../src-ng/nxt/rt/app.hpp:141:29
#7  0x00005d1d4f3873ee in main at /home/mbrock/nxtui/build/../src-ng/nxtai/nxtllm.cpp:1272:18
#8  0x000070ce23e2a600 in __libc_start_call_main at ./csu/../sysdeps/nptl/libc_start_call_main.h:59:16
#9  0x000070ce23e2a717 in __libc_start_main_impl at ./csu/../csu/libc-start.c:360:3
#10 0x00005d1d4f364f24 in _start at /home/mbrock/nxtui/build/nxtllm

stdout write #382 bytes 46
  at ../src-ng/nxt/rt/ui_runtime.hpp:434 in nxt::rt::task<void> nxt::rt::ui_runtime::terminal_owner_loop(std::chrono::milliseconds)
  preview "\e7\e[37;10H\e[48;2;2;6;23m\e[38;2;203;213;225m2\e8"
Stack trace (most recent call first):
#0  0x00005d1d4f374d47 in write_stdout_all at /home/mbrock/nxtui/build/../src-ng/nxt/rt/ui_runtime.hpp:40:23
#1  0x00005d1d4f4138da in std::__n4861::coroutine_handle<void>::resume() const at /usr/include/c++/15/coroutine:142:50
#2  0x00005d1d4f419574 in nxt::rt::deck::ready_item::resume_if_ready(nxt::rt::deck&) const at /home/mbrock/nxtui/build/../src-ng/nxt/rt/task.hpp:1901:18
#3  0x00005d1d4f415a82 in nxt::rt::deck::run_ready_with() at /home/mbrock/nxtui/build/../src-ng/nxt/rt/deck.hpp:200:33
#4  0x00005d1d4f4157d6 in nxt::rt::deck::run_ready() at /home/mbrock/nxtui/build/../src-ng/nxt/rt/deck.hpp:130:23
#5  0x00005d1d4f4abf2e in void nxt::rt::uring_wand::run_until_done<int>(nxt::rt::deck&, nxt::rt::task<int>&) at /home/mbrock/nxtui/build/../src-ng/nxt/rt/uring_wand.hpp:173:28
#6  0x00005d1d4f47fc31 in int nxt::rt::runtime::run<int>(nxt::rt::task<int>) at /home/mbrock/nxtui/build/../src-ng/nxt/rt/app.hpp:141:29
#7  0x00005d1d4f3873ee in main at /home/mbrock/nxtui/build/../src-ng/nxtai/nxtllm.cpp:1272:18
#8  0x000070ce23e2a600 in __libc_start_call_main at ./csu/../sysdeps/nptl/libc_start_call_main.h:59:16
#9  0x000070ce23e2a717 in __libc_start_main_impl at ./csu/../csu/libc-start.c:360:3
#10 0x00005d1d4f364f24 in _start at /home/mbrock/nxtui/build/nxtllm

stdout write #383 bytes 138
  at ../src-ng/nxt/rt/ui_runtime.hpp:434 in nxt::rt::task<void> nxt::rt::ui_runtime::terminal_owner_loop(std::chrono::milliseconds)
  preview "\e7\e[38;25H\e[48;2;37;83;90m\e[38;2;203;213;225m               9.1K/s\xe2\x86\x93\e[38;74H\e[48;2;43;45;46m0\e[38;83H\e[48;2;2;6;23m\e[38;2;100;116;139m9\e8"
Stack trace (most recent call first):
#0  0x00005d1d4f374d47 in write_stdout_all at /home/mbrock/nxtui/build/../src-ng/nxt/rt/ui_runtime.hpp:40:23
#1  0x00005d1d4f4138da in std::__n4861::coroutine_handle<void>::resume() const at /usr/include/c++/15/coroutine:142:50
#2  0x00005d1d4f419574 in nxt::rt::deck::ready_item::resume_if_ready(nxt::rt::deck&) const at /home/mbrock/nxtui/build/../src-ng/nxt/rt/task.hpp:1901:18
#3  0x00005d1d4f415a82 in nxt::rt::deck::run_ready_with() at /home/mbrock/nxtui/build/../src-ng/nxt/rt/deck.hpp:200:33
#4  0x00005d1d4f4157d6 in nxt::rt::deck::run_ready() at /home/mbrock/nxtui/build/../src-ng/nxt/rt/deck.hpp:130:23
#5  0x00005d1d4f4abf2e in void nxt::rt::uring_wand::run_until_done<int>(nxt::rt::deck&, nxt::rt::task<int>&) at /home/mbrock/nxtui/build/../src-ng/nxt/rt/uring_wand.hpp:173:28
#6  0x00005d1d4f47fc31 in int nxt::rt::runtime::run<int>(nxt::rt::task<int>) at /home/mbrock/nxtui/build/../src-ng/nxt/rt/app.hpp:141:29
#7  0x00005d1d4f3873ee in main at /home/mbrock/nxtui/build/../src-ng/nxtai/nxtllm.cpp:1272:18
#8  0x000070ce23e2a600 in __libc_start_call_main at ./csu/../sysdeps/nptl/libc_start_call_main.h:59:16
#9  0x000070ce23e2a717 in __libc_start_main_impl at ./csu/../csu/libc-start.c:360:3
#10 0x00005d1d4f364f24 in _start at /home/mbrock/nxtui/build/nxtllm

stdout write #384 bytes 71
  at ../src-ng/nxt/rt/ui_runtime.hpp:434 in nxt::rt::task<void> nxt::rt::ui_runtime::terminal_owner_loop(std::chrono::milliseconds)
  preview "\e7\e[38;25H\e[48;2;37;82;89m\e[38;2;203;213;225m               8.9K/s\xe2\x86\x93\e8"
Stack trace (most recent call first):
#0  0x00005d1d4f374d47 in write_stdout_all at /home/mbrock/nxtui/build/../src-ng/nxt/rt/ui_runtime.hpp:40:23
#1  0x00005d1d4f4138da in std::__n4861::coroutine_handle<void>::resume() const at /usr/include/c++/15/coroutine:142:50
#2  0x00005d1d4f419574 in nxt::rt::deck::ready_item::resume_if_ready(nxt::rt::deck&) const at /home/mbrock/nxtui/build/../src-ng/nxt/rt/task.hpp:1901:18
#3  0x00005d1d4f415a82 in nxt::rt::deck::run_ready_with() at /home/mbrock/nxtui/build/../src-ng/nxt/rt/deck.hpp:200:33
#4  0x00005d1d4f4157d6 in nxt::rt::deck::run_ready() at /home/mbrock/nxtui/build/../src-ng/nxt/rt/deck.hpp:130:23
#5  0x00005d1d4f4abf2e in void nxt::rt::uring_wand::run_until_done<int>(nxt::rt::deck&, nxt::rt::task<int>&) at /home/mbrock/nxtui/build/../src-ng/nxt/rt/uring_wand.hpp:173:28
#6  0x00005d1d4f47fc31 in int nxt::rt::runtime::run<int>(nxt::rt::task<int>) at /home/mbrock/nxtui/build/../src-ng/nxt/rt/app.hpp:141:29
#7  0x00005d1d4f3873ee in main at /home/mbrock/nxtui/build/../src-ng/nxtai/nxtllm.cpp:1272:18
#8  0x000070ce23e2a600 in __libc_start_call_main at ./csu/../sysdeps/nptl/libc_start_call_main.h:59:16
#9  0x000070ce23e2a717 in __libc_start_main_impl at ./csu/../csu/libc-start.c:360:3
#10 0x00005d1d4f364f24 in _start at /home/mbrock/nxtui/build/nxtllm

stdout write #385 bytes 46
  at ../src-ng/nxt/rt/ui_runtime.hpp:434 in nxt::rt::task<void> nxt::rt::ui_runtime::terminal_owner_loop(std::chrono::milliseconds)
  preview "\e7\e[37;11H\e[48;2;2;6;23m\e[38;2;203;213;225m.\e8"
Stack trace (most recent call first):
#0  0x00005d1d4f374d47 in write_stdout_all at /home/mbrock/nxtui/build/../src-ng/nxt/rt/ui_runtime.hpp:40:23
#1  0x00005d1d4f4138da in std::__n4861::coroutine_handle<void>::resume() const at /usr/include/c++/15/coroutine:142:50
#2  0x00005d1d4f419574 in nxt::rt::deck::ready_item::resume_if_ready(nxt::rt::deck&) const at /home/mbrock/nxtui/build/../src-ng/nxt/rt/task.hpp:1901:18
#3  0x00005d1d4f415a82 in nxt::rt::deck::run_ready_with() at /home/mbrock/nxtui/build/../src-ng/nxt/rt/deck.hpp:200:33
#4  0x00005d1d4f4157d6 in nxt::rt::deck::run_ready() at /home/mbrock/nxtui/build/../src-ng/nxt/rt/deck.hpp:130:23
#5  0x00005d1d4f4abf2e in void nxt::rt::uring_wand::run_until_done<int>(nxt::rt::deck&, nxt::rt::task<int>&) at /home/mbrock/nxtui/build/../src-ng/nxt/rt/uring_wand.hpp:173:28
#6  0x00005d1d4f47fc31 in int nxt::rt::runtime::run<int>(nxt::rt::task<int>) at /home/mbrock/nxtui/build/../src-ng/nxt/rt/app.hpp:141:29
#7  0x00005d1d4f3873ee in main at /home/mbrock/nxtui/build/../src-ng/nxtai/nxtllm.cpp:1272:18
#8  0x000070ce23e2a600 in __libc_start_call_main at ./csu/../sysdeps/nptl/libc_start_call_main.h:59:16
#9  0x000070ce23e2a717 in __libc_start_main_impl at ./csu/../csu/libc-start.c:360:3
#10 0x00005d1d4f364f24 in _start at /home/mbrock/nxtui/build/nxtllm

stdout write #386 bytes 114
  at ../src-ng/nxt/rt/ui_runtime.hpp:434 in nxt::rt::task<void> nxt::rt::ui_runtime::terminal_owner_loop(std::chrono::milliseconds)
  preview "\e7\e[38;25H\e[48;2;37;83;90m\e[38;2;203;213;225m               9.1K/s\xe2\x86\x93\e[38;82H\e[48;2;2;6;23m\e[38;2;100;116;139m90\e8"
Stack trace (most recent call first):
#0  0x00005d1d4f374d47 in write_stdout_all at /home/mbrock/nxtui/build/../src-ng/nxt/rt/ui_runtime.hpp:40:23
#1  0x00005d1d4f4138da in std::__n4861::coroutine_handle<void>::resume() const at /usr/include/c++/15/coroutine:142:50
#2  0x00005d1d4f419574 in nxt::rt::deck::ready_item::resume_if_ready(nxt::rt::deck&) const at /home/mbrock/nxtui/build/../src-ng/nxt/rt/task.hpp:1901:18
#3  0x00005d1d4f415a82 in nxt::rt::deck::run_ready_with() at /home/mbrock/nxtui/build/../src-ng/nxt/rt/deck.hpp:200:33
#4  0x00005d1d4f4157d6 in nxt::rt::deck::run_ready() at /home/mbrock/nxtui/build/../src-ng/nxt/rt/deck.hpp:130:23
#5  0x00005d1d4f4abf2e in void nxt::rt::uring_wand::run_until_done<int>(nxt::rt::deck&, nxt::rt::task<int>&) at /home/mbrock/nxtui/build/../src-ng/nxt/rt/uring_wand.hpp:173:28
#6  0x00005d1d4f47fc31 in int nxt::rt::runtime::run<int>(nxt::rt::task<int>) at /home/mbrock/nxtui/build/../src-ng/nxt/rt/app.hpp:141:29
#7  0x00005d1d4f3873ee in main at /home/mbrock/nxtui/build/../src-ng/nxtai/nxtllm.cpp:1272:18
#8  0x000070ce23e2a600 in __libc_start_call_main at ./csu/../sysdeps/nptl/libc_start_call_main.h:59:16
#9  0x000070ce23e2a717 in __libc_start_main_impl at ./csu/../csu/libc-start.c:360:3
#10 0x00005d1d4f364f24 in _start at /home/mbrock/nxtui/build/nxtllm

stdout write #387 bytes 49
  at ../src-ng/nxt/rt/ui_runtime.hpp:434 in nxt::rt::task<void> nxt::rt::ui_runtime::terminal_owner_loop(std::chrono::milliseconds)
  preview "\e7\e[37;13H\e[48;2;2;6;23m\e[38;2;203;213;225mI'll\e8"
Stack trace (most recent call first):
#0  0x00005d1d4f374d47 in write_stdout_all at /home/mbrock/nxtui/build/../src-ng/nxt/rt/ui_runtime.hpp:40:23
#1  0x00005d1d4f4138da in std::__n4861::coroutine_handle<void>::resume() const at /usr/include/c++/15/coroutine:142:50
#2  0x00005d1d4f419574 in nxt::rt::deck::ready_item::resume_if_ready(nxt::rt::deck&) const at /home/mbrock/nxtui/build/../src-ng/nxt/rt/task.hpp:1901:18
#3  0x00005d1d4f415a82 in nxt::rt::deck::run_ready_with() at /home/mbrock/nxtui/build/../src-ng/nxt/rt/deck.hpp:200:33
#4  0x00005d1d4f4157d6 in nxt::rt::deck::run_ready() at /home/mbrock/nxtui/build/../src-ng/nxt/rt/deck.hpp:130:23
#5  0x00005d1d4f4abf2e in void nxt::rt::uring_wand::run_until_done<int>(nxt::rt::deck&, nxt::rt::task<int>&) at /home/mbrock/nxtui/build/../src-ng/nxt/rt/uring_wand.hpp:173:28
#6  0x00005d1d4f47fc31 in int nxt::rt::runtime::run<int>(nxt::rt::task<int>) at /home/mbrock/nxtui/build/../src-ng/nxt/rt/app.hpp:141:29
#7  0x00005d1d4f3873ee in main at /home/mbrock/nxtui/build/../src-ng/nxtai/nxtllm.cpp:1272:18
#8  0x000070ce23e2a600 in __libc_start_call_main at ./csu/../sysdeps/nptl/libc_start_call_main.h:59:16
#9  0x000070ce23e2a717 in __libc_start_main_impl at ./csu/../csu/libc-start.c:360:3
#10 0x00005d1d4f364f24 in _start at /home/mbrock/nxtui/build/nxtllm

stdout write #388 bytes 116
  at ../src-ng/nxt/rt/ui_runtime.hpp:434 in nxt::rt::task<void> nxt::rt::ui_runtime::terminal_owner_loop(std::chrono::milliseconds)
  preview "\e7\e[38;42H\e[48;2;37;83;90m\e[38;2;203;213;225m2\e[38;73H\e[48;2;43;45;46m19\e[38;83H\e[48;2;2;6;23m\e[38;2;100;116;139m1\e8"
Stack trace (most recent call first):
#0  0x00005d1d4f374d47 in write_stdout_all at /home/mbrock/nxtui/build/../src-ng/nxt/rt/ui_runtime.hpp:40:23
#1  0x00005d1d4f4138da in std::__n4861::coroutine_handle<void>::resume() const at /usr/include/c++/15/coroutine:142:50
#2  0x00005d1d4f419574 in nxt::rt::deck::ready_item::resume_if_ready(nxt::rt::deck&) const at /home/mbrock/nxtui/build/../src-ng/nxt/rt/task.hpp:1901:18
#3  0x00005d1d4f415a82 in nxt::rt::deck::run_ready_with() at /home/mbrock/nxtui/build/../src-ng/nxt/rt/deck.hpp:200:33
#4  0x00005d1d4f4157d6 in nxt::rt::deck::run_ready() at /home/mbrock/nxtui/build/../src-ng/nxt/rt/deck.hpp:130:23
#5  0x00005d1d4f4abf2e in void nxt::rt::uring_wand::run_until_done<int>(nxt::rt::deck&, nxt::rt::task<int>&) at /home/mbrock/nxtui/build/../src-ng/nxt/rt/uring_wand.hpp:173:28
#6  0x00005d1d4f47fc31 in int nxt::rt::runtime::run<int>(nxt::rt::task<int>) at /home/mbrock/nxtui/build/../src-ng/nxt/rt/app.hpp:141:29
#7  0x00005d1d4f3873ee in main at /home/mbrock/nxtui/build/../src-ng/nxtai/nxtllm.cpp:1272:18
#8  0x000070ce23e2a600 in __libc_start_call_main at ./csu/../sysdeps/nptl/libc_start_call_main.h:59:16
#9  0x000070ce23e2a717 in __libc_start_main_impl at ./csu/../csu/libc-start.c:360:3
#10 0x00005d1d4f364f24 in _start at /home/mbrock/nxtui/build/nxtllm

stdout write #389 bytes 51
  at ../src-ng/nxt/rt/ui_runtime.hpp:434 in nxt::rt::task<void> nxt::rt::ui_runtime::terminal_owner_loop(std::chrono::milliseconds)
  preview "\e7\e[37;18H\e[48;2;2;6;23m\e[38;2;203;213;225mreturn\e8"
Stack trace (most recent call first):
#0  0x00005d1d4f374d47 in write_stdout_all at /home/mbrock/nxtui/build/../src-ng/nxt/rt/ui_runtime.hpp:40:23
#1  0x00005d1d4f4138da in std::__n4861::coroutine_handle<void>::resume() const at /usr/include/c++/15/coroutine:142:50
#2  0x00005d1d4f419574 in nxt::rt::deck::ready_item::resume_if_ready(nxt::rt::deck&) const at /home/mbrock/nxtui/build/../src-ng/nxt/rt/task.hpp:1901:18
#3  0x00005d1d4f415a82 in nxt::rt::deck::run_ready_with() at /home/mbrock/nxtui/build/../src-ng/nxt/rt/deck.hpp:200:33
#4  0x00005d1d4f4157d6 in nxt::rt::deck::run_ready() at /home/mbrock/nxtui/build/../src-ng/nxt/rt/deck.hpp:130:23
#5  0x00005d1d4f4abf2e in void nxt::rt::uring_wand::run_until_done<int>(nxt::rt::deck&, nxt::rt::task<int>&) at /home/mbrock/nxtui/build/../src-ng/nxt/rt/uring_wand.hpp:173:28
#6  0x00005d1d4f47fc31 in int nxt::rt::runtime::run<int>(nxt::rt::task<int>) at /home/mbrock/nxtui/build/../src-ng/nxt/rt/app.hpp:141:29
#7  0x00005d1d4f3873ee in main at /home/mbrock/nxtui/build/../src-ng/nxtai/nxtllm.cpp:1272:18
#8  0x000070ce23e2a600 in __libc_start_call_main at ./csu/../sysdeps/nptl/libc_start_call_main.h:59:16
#9  0x000070ce23e2a717 in __libc_start_main_impl at ./csu/../csu/libc-start.c:360:3
#10 0x00005d1d4f364f24 in _start at /home/mbrock/nxtui/build/nxtllm

stdout write #390 bytes 136
  at ../src-ng/nxt/rt/ui_runtime.hpp:434 in nxt::rt::task<void> nxt::rt::ui_runtime::terminal_owner_loop(std::chrono::milliseconds)
  preview "\e7\e[38;21H\e[48;2;2;6;23m\e[38;2;203;213;225m5\e[38;25H\e[48;2;37;84;91m               9.4K/s\xe2\x86\x93\e[38;83H\e[48;2;2;6;23m\e[38;2;100;116;139m2\e8"
Stack trace (most recent call first):
#0  0x00005d1d4f374d47 in write_stdout_all at /home/mbrock/nxtui/build/../src-ng/nxt/rt/ui_runtime.hpp:40:23
#1  0x00005d1d4f4138da in std::__n4861::coroutine_handle<void>::resume() const at /usr/include/c++/15/coroutine:142:50
#2  0x00005d1d4f419574 in nxt::rt::deck::ready_item::resume_if_ready(nxt::rt::deck&) const at /home/mbrock/nxtui/build/../src-ng/nxt/rt/task.hpp:1901:18
#3  0x00005d1d4f415a82 in nxt::rt::deck::run_ready_with() at /home/mbrock/nxtui/build/../src-ng/nxt/rt/deck.hpp:200:33
#4  0x00005d1d4f4157d6 in nxt::rt::deck::run_ready() at /home/mbrock/nxtui/build/../src-ng/nxt/rt/deck.hpp:130:23
#5  0x00005d1d4f4abf2e in void nxt::rt::uring_wand::run_until_done<int>(nxt::rt::deck&, nxt::rt::task<int>&) at /home/mbrock/nxtui/build/../src-ng/nxt/rt/uring_wand.hpp:173:28
#6  0x00005d1d4f47fc31 in int nxt::rt::runtime::run<int>(nxt::rt::task<int>) at /home/mbrock/nxtui/build/../src-ng/nxt/rt/app.hpp:141:29
#7  0x00005d1d4f3873ee in main at /home/mbrock/nxtui/build/../src-ng/nxtai/nxtllm.cpp:1272:18
#8  0x000070ce23e2a600 in __libc_start_call_main at ./csu/../sysdeps/nptl/libc_start_call_main.h:59:16
#9  0x000070ce23e2a717 in __libc_start_main_impl at ./csu/../csu/libc-start.c:360:3
#10 0x00005d1d4f364f24 in _start at /home/mbrock/nxtui/build/nxtllm

stdout write #391 bytes 71
  at ../src-ng/nxt/rt/ui_runtime.hpp:434 in nxt::rt::task<void> nxt::rt::ui_runtime::terminal_owner_loop(std::chrono::milliseconds)
  preview "\e7\e[38;25H\e[48;2;37;83;90m\e[38;2;203;213;225m               9.2K/s\xe2\x86\x93\e8"
Stack trace (most recent call first):
#0  0x00005d1d4f374d47 in write_stdout_all at /home/mbrock/nxtui/build/../src-ng/nxt/rt/ui_runtime.hpp:40:23
#1  0x00005d1d4f4138da in std::__n4861::coroutine_handle<void>::resume() const at /usr/include/c++/15/coroutine:142:50
#2  0x00005d1d4f419574 in nxt::rt::deck::ready_item::resume_if_ready(nxt::rt::deck&) const at /home/mbrock/nxtui/build/../src-ng/nxt/rt/task.hpp:1901:18
#3  0x00005d1d4f415a82 in nxt::rt::deck::run_ready_with() at /home/mbrock/nxtui/build/../src-ng/nxt/rt/deck.hpp:200:33
#4  0x00005d1d4f4157d6 in nxt::rt::deck::run_ready() at /home/mbrock/nxtui/build/../src-ng/nxt/rt/deck.hpp:130:23
#5  0x00005d1d4f4abf2e in void nxt::rt::uring_wand::run_until_done<int>(nxt::rt::deck&, nxt::rt::task<int>&) at /home/mbrock/nxtui/build/../src-ng/nxt/rt/uring_wand.hpp:173:28
#6  0x00005d1d4f47fc31 in int nxt::rt::runtime::run<int>(nxt::rt::task<int>) at /home/mbrock/nxtui/build/../src-ng/nxt/rt/app.hpp:141:29
#7  0x00005d1d4f3873ee in main at /home/mbrock/nxtui/build/../src-ng/nxtai/nxtllm.cpp:1272:18
#8  0x000070ce23e2a600 in __libc_start_call_main at ./csu/../sysdeps/nptl/libc_start_call_main.h:59:16
#9  0x000070ce23e2a717 in __libc_start_main_impl at ./csu/../csu/libc-start.c:360:3
#10 0x00005d1d4f364f24 in _start at /home/mbrock/nxtui/build/nxtllm

stdout write #392 bytes 73
  at ../src-ng/nxt/rt/ui_runtime.hpp:434 in nxt::rt::task<void> nxt::rt::ui_runtime::terminal_owner_loop(std::chrono::milliseconds)
  preview "\e7\e[38;42H\e[48;2;37;83;90m\e[38;2;203;213;225m1\e[38;74H\e[48;2;43;45;46m8\e8"
Stack trace (most recent call first):
#0  0x00005d1d4f374d47 in write_stdout_all at /home/mbrock/nxtui/build/../src-ng/nxt/rt/ui_runtime.hpp:40:23
#1  0x00005d1d4f4138da in std::__n4861::coroutine_handle<void>::resume() const at /usr/include/c++/15/coroutine:142:50
#2  0x00005d1d4f419574 in nxt::rt::deck::ready_item::resume_if_ready(nxt::rt::deck&) const at /home/mbrock/nxtui/build/../src-ng/nxt/rt/task.hpp:1901:18
#3  0x00005d1d4f415a82 in nxt::rt::deck::run_ready_with() at /home/mbrock/nxtui/build/../src-ng/nxt/rt/deck.hpp:200:33
#4  0x00005d1d4f4157d6 in nxt::rt::deck::run_ready() at /home/mbrock/nxtui/build/../src-ng/nxt/rt/deck.hpp:130:23
#5  0x00005d1d4f4abf2e in void nxt::rt::uring_wand::run_until_done<int>(nxt::rt::deck&, nxt::rt::task<int>&) at /home/mbrock/nxtui/build/../src-ng/nxt/rt/uring_wand.hpp:173:28
#6  0x00005d1d4f47fc31 in int nxt::rt::runtime::run<int>(nxt::rt::task<int>) at /home/mbrock/nxtui/build/../src-ng/nxt/rt/app.hpp:141:29
#7  0x00005d1d4f3873ee in main at /home/mbrock/nxtui/build/../src-ng/nxtai/nxtllm.cpp:1272:18
#8  0x000070ce23e2a600 in __libc_start_call_main at ./csu/../sysdeps/nptl/libc_start_call_main.h:59:16
#9  0x000070ce23e2a717 in __libc_start_main_impl at ./csu/../csu/libc-start.c:360:3
#10 0x00005d1d4f364f24 in _start at /home/mbrock/nxtui/build/nxtllm

stdout write #393 bytes 48
  at ../src-ng/nxt/rt/ui_runtime.hpp:434 in nxt::rt::task<void> nxt::rt::ui_runtime::terminal_owner_loop(std::chrono::milliseconds)
  preview "\e7\e[37;25H\e[48;2;2;6;23m\e[38;2;203;213;225mthe\e8"
Stack trace (most recent call first):
#0  0x00005d1d4f374d47 in write_stdout_all at /home/mbrock/nxtui/build/../src-ng/nxt/rt/ui_runtime.hpp:40:23
#1  0x00005d1d4f4138da in std::__n4861::coroutine_handle<void>::resume() const at /usr/include/c++/15/coroutine:142:50
#2  0x00005d1d4f419574 in nxt::rt::deck::ready_item::resume_if_ready(nxt::rt::deck&) const at /home/mbrock/nxtui/build/../src-ng/nxt/rt/task.hpp:1901:18
#3  0x00005d1d4f415a82 in nxt::rt::deck::run_ready_with() at /home/mbrock/nxtui/build/../src-ng/nxt/rt/deck.hpp:200:33
#4  0x00005d1d4f4157d6 in nxt::rt::deck::run_ready() at /home/mbrock/nxtui/build/../src-ng/nxt/rt/deck.hpp:130:23
#5  0x00005d1d4f4abf2e in void nxt::rt::uring_wand::run_until_done<int>(nxt::rt::deck&, nxt::rt::task<int>&) at /home/mbrock/nxtui/build/../src-ng/nxt/rt/uring_wand.hpp:173:28
#6  0x00005d1d4f47fc31 in int nxt::rt::runtime::run<int>(nxt::rt::task<int>) at /home/mbrock/nxtui/build/../src-ng/nxt/rt/app.hpp:141:29
#7  0x00005d1d4f3873ee in main at /home/mbrock/nxtui/build/../src-ng/nxtai/nxtllm.cpp:1272:18
#8  0x000070ce23e2a600 in __libc_start_call_main at ./csu/../sysdeps/nptl/libc_start_call_main.h:59:16
#9  0x000070ce23e2a717 in __libc_start_main_impl at ./csu/../csu/libc-start.c:360:3
#10 0x00005d1d4f364f24 in _start at /home/mbrock/nxtui/build/nxtllm

stdout write #394 bytes 90
  at ../src-ng/nxt/rt/ui_runtime.hpp:434 in nxt::rt::task<void> nxt::rt::ui_runtime::terminal_owner_loop(std::chrono::milliseconds)
  preview "\e7\e[38;42H\e[48;2;37;83;90m\e[38;2;203;213;225m2\e[38;83H\e[48;2;2;6;23m\e[38;2;100;116;139m3\e8"
Stack trace (most recent call first):
#0  0x00005d1d4f374d47 in write_stdout_all at /home/mbrock/nxtui/build/../src-ng/nxt/rt/ui_runtime.hpp:40:23
#1  0x00005d1d4f4138da in std::__n4861::coroutine_handle<void>::resume() const at /usr/include/c++/15/coroutine:142:50
#2  0x00005d1d4f419574 in nxt::rt::deck::ready_item::resume_if_ready(nxt::rt::deck&) const at /home/mbrock/nxtui/build/../src-ng/nxt/rt/task.hpp:1901:18
#3  0x00005d1d4f415a82 in nxt::rt::deck::run_ready_with() at /home/mbrock/nxtui/build/../src-ng/nxt/rt/deck.hpp:200:33
#4  0x00005d1d4f4157d6 in nxt::rt::deck::run_ready() at /home/mbrock/nxtui/build/../src-ng/nxt/rt/deck.hpp:130:23
#5  0x00005d1d4f4abf2e in void nxt::rt::uring_wand::run_until_done<int>(nxt::rt::deck&, nxt::rt::task<int>&) at /home/mbrock/nxtui/build/../src-ng/nxt/rt/uring_wand.hpp:173:28
#6  0x00005d1d4f47fc31 in int nxt::rt::runtime::run<int>(nxt::rt::task<int>) at /home/mbrock/nxtui/build/../src-ng/nxt/rt/app.hpp:141:29
#7  0x00005d1d4f3873ee in main at /home/mbrock/nxtui/build/../src-ng/nxtai/nxtllm.cpp:1272:18
#8  0x000070ce23e2a600 in __libc_start_call_main at ./csu/../sysdeps/nptl/libc_start_call_main.h:59:16
#9  0x000070ce23e2a717 in __libc_start_main_impl at ./csu/../csu/libc-start.c:360:3
#10 0x00005d1d4f364f24 in _start at /home/mbrock/nxtui/build/nxtllm

stdout write #395 bytes 48
  at ../src-ng/nxt/rt/ui_runtime.hpp:434 in nxt::rt::task<void> nxt::rt::ui_runtime::terminal_owner_loop(std::chrono::milliseconds)
  preview "\e7\e[38;42H\e[48;2;37;83;90m\e[38;2;203;213;225m1\e8"
Stack trace (most recent call first):
#0  0x00005d1d4f374d47 in write_stdout_all at /home/mbrock/nxtui/build/../src-ng/nxt/rt/ui_runtime.hpp:40:23
#1  0x00005d1d4f4138da in std::__n4861::coroutine_handle<void>::resume() const at /usr/include/c++/15/coroutine:142:50
#2  0x00005d1d4f419574 in nxt::rt::deck::ready_item::resume_if_ready(nxt::rt::deck&) const at /home/mbrock/nxtui/build/../src-ng/nxt/rt/task.hpp:1901:18
#3  0x00005d1d4f415a82 in nxt::rt::deck::run_ready_with() at /home/mbrock/nxtui/build/../src-ng/nxt/rt/deck.hpp:200:33
#4  0x00005d1d4f4157d6 in nxt::rt::deck::run_ready() at /home/mbrock/nxtui/build/../src-ng/nxt/rt/deck.hpp:130:23
#5  0x00005d1d4f4abf2e in void nxt::rt::uring_wand::run_until_done<int>(nxt::rt::deck&, nxt::rt::task<int>&) at /home/mbrock/nxtui/build/../src-ng/nxt/rt/uring_wand.hpp:173:28
#6  0x00005d1d4f47fc31 in int nxt::rt::runtime::run<int>(nxt::rt::task<int>) at /home/mbrock/nxtui/build/../src-ng/nxt/rt/app.hpp:141:29
#7  0x00005d1d4f3873ee in main at /home/mbrock/nxtui/build/../src-ng/nxtai/nxtllm.cpp:1272:18
#8  0x000070ce23e2a600 in __libc_start_call_main at ./csu/../sysdeps/nptl/libc_start_call_main.h:59:16
#9  0x000070ce23e2a717 in __libc_start_main_impl at ./csu/../csu/libc-start.c:360:3
#10 0x00005d1d4f364f24 in _start at /home/mbrock/nxtui/build/nxtllm

stdout write #396 bytes 51
  at ../src-ng/nxt/rt/ui_runtime.hpp:434 in nxt::rt::task<void> nxt::rt::ui_runtime::terminal_owner_loop(std::chrono::milliseconds)
  preview "\e7\e[37;29H\e[48;2;2;6;23m\e[38;2;203;213;225moutput\e8"
Stack trace (most recent call first):
#0  0x00005d1d4f374d47 in write_stdout_all at /home/mbrock/nxtui/build/../src-ng/nxt/rt/ui_runtime.hpp:40:23
#1  0x00005d1d4f4138da in std::__n4861::coroutine_handle<void>::resume() const at /usr/include/c++/15/coroutine:142:50
#2  0x00005d1d4f419574 in nxt::rt::deck::ready_item::resume_if_ready(nxt::rt::deck&) const at /home/mbrock/nxtui/build/../src-ng/nxt/rt/task.hpp:1901:18
#3  0x00005d1d4f415a82 in nxt::rt::deck::run_ready_with() at /home/mbrock/nxtui/build/../src-ng/nxt/rt/deck.hpp:200:33
#4  0x00005d1d4f4157d6 in nxt::rt::deck::run_ready() at /home/mbrock/nxtui/build/../src-ng/nxt/rt/deck.hpp:130:23
#5  0x00005d1d4f4abf2e in void nxt::rt::uring_wand::run_until_done<int>(nxt::rt::deck&, nxt::rt::task<int>&) at /home/mbrock/nxtui/build/../src-ng/nxt/rt/uring_wand.hpp:173:28
#6  0x00005d1d4f47fc31 in int nxt::rt::runtime::run<int>(nxt::rt::task<int>) at /home/mbrock/nxtui/build/../src-ng/nxt/rt/app.hpp:141:29
#7  0x00005d1d4f3873ee in main at /home/mbrock/nxtui/build/../src-ng/nxtai/nxtllm.cpp:1272:18
#8  0x000070ce23e2a600 in __libc_start_call_main at ./csu/../sysdeps/nptl/libc_start_call_main.h:59:16
#9  0x000070ce23e2a717 in __libc_start_main_impl at ./csu/../csu/libc-start.c:360:3
#10 0x00005d1d4f364f24 in _start at /home/mbrock/nxtui/build/nxtllm

stdout write #397 bytes 115
  at ../src-ng/nxt/rt/ui_runtime.hpp:434 in nxt::rt::task<void> nxt::rt::ui_runtime::terminal_owner_loop(std::chrono::milliseconds)
  preview "\e7\e[38;42H\e[48;2;37;83;90m\e[38;2;203;213;225m2\e[38;74H\e[48;2;43;45;46m7\e[38;83H\e[48;2;2;6;23m\e[38;2;100;116;139m4\e8"
Stack trace (most recent call first):
#0  0x00005d1d4f374d47 in write_stdout_all at /home/mbrock/nxtui/build/../src-ng/nxt/rt/ui_runtime.hpp:40:23
#1  0x00005d1d4f4138da in std::__n4861::coroutine_handle<void>::resume() const at /usr/include/c++/15/coroutine:142:50
#2  0x00005d1d4f419574 in nxt::rt::deck::ready_item::resume_if_ready(nxt::rt::deck&) const at /home/mbrock/nxtui/build/../src-ng/nxt/rt/task.hpp:1901:18
#3  0x00005d1d4f415a82 in nxt::rt::deck::run_ready_with() at /home/mbrock/nxtui/build/../src-ng/nxt/rt/deck.hpp:200:33
#4  0x00005d1d4f4157d6 in nxt::rt::deck::run_ready() at /home/mbrock/nxtui/build/../src-ng/nxt/rt/deck.hpp:130:23
#5  0x00005d1d4f4abf2e in void nxt::rt::uring_wand::run_until_done<int>(nxt::rt::deck&, nxt::rt::task<int>&) at /home/mbrock/nxtui/build/../src-ng/nxt/rt/uring_wand.hpp:173:28
#6  0x00005d1d4f47fc31 in int nxt::rt::runtime::run<int>(nxt::rt::task<int>) at /home/mbrock/nxtui/build/../src-ng/nxt/rt/app.hpp:141:29
#7  0x00005d1d4f3873ee in main at /home/mbrock/nxtui/build/../src-ng/nxtai/nxtllm.cpp:1272:18
#8  0x000070ce23e2a600 in __libc_start_call_main at ./csu/../sysdeps/nptl/libc_start_call_main.h:59:16
#9  0x000070ce23e2a717 in __libc_start_main_impl at ./csu/../csu/libc-start.c:360:3
#10 0x00005d1d4f364f24 in _start at /home/mbrock/nxtui/build/nxtllm

stdout write #398 bytes 48
  at ../src-ng/nxt/rt/ui_runtime.hpp:434 in nxt::rt::task<void> nxt::rt::ui_runtime::terminal_owner_loop(std::chrono::milliseconds)
  preview "\e7\e[38;42H\e[48;2;37;83;90m\e[38;2;203;213;225m1\e8"
Stack trace (most recent call first):
#0  0x00005d1d4f374d47 in write_stdout_all at /home/mbrock/nxtui/build/../src-ng/nxt/rt/ui_runtime.hpp:40:23
#1  0x00005d1d4f4138da in std::__n4861::coroutine_handle<void>::resume() const at /usr/include/c++/15/coroutine:142:50
#2  0x00005d1d4f419574 in nxt::rt::deck::ready_item::resume_if_ready(nxt::rt::deck&) const at /home/mbrock/nxtui/build/../src-ng/nxt/rt/task.hpp:1901:18
#3  0x00005d1d4f415a82 in nxt::rt::deck::run_ready_with() at /home/mbrock/nxtui/build/../src-ng/nxt/rt/deck.hpp:200:33
#4  0x00005d1d4f4157d6 in nxt::rt::deck::run_ready() at /home/mbrock/nxtui/build/../src-ng/nxt/rt/deck.hpp:130:23
#5  0x00005d1d4f4abf2e in void nxt::rt::uring_wand::run_until_done<int>(nxt::rt::deck&, nxt::rt::task<int>&) at /home/mbrock/nxtui/build/../src-ng/nxt/rt/uring_wand.hpp:173:28
#6  0x00005d1d4f47fc31 in int nxt::rt::runtime::run<int>(nxt::rt::task<int>) at /home/mbrock/nxtui/build/../src-ng/nxt/rt/app.hpp:141:29
#7  0x00005d1d4f3873ee in main at /home/mbrock/nxtui/build/../src-ng/nxtai/nxtllm.cpp:1272:18
#8  0x000070ce23e2a600 in __libc_start_call_main at ./csu/../sysdeps/nptl/libc_start_call_main.h:59:16
#9  0x000070ce23e2a717 in __libc_start_main_impl at ./csu/../csu/libc-start.c:360:3
#10 0x00005d1d4f364f24 in _start at /home/mbrock/nxtui/build/nxtllm

stdout write #399 bytes 50
  at ../src-ng/nxt/rt/ui_runtime.hpp:434 in nxt::rt::task<void> nxt::rt::ui_runtime::terminal_owner_loop(std::chrono::milliseconds)
  preview "\e7\e[37;36H\e[48;2;2;6;23m\e[38;2;203;213;225mafter\e8"
Stack trace (most recent call first):
#0  0x00005d1d4f374d47 in write_stdout_all at /home/mbrock/nxtui/build/../src-ng/nxt/rt/ui_runtime.hpp:40:23
#1  0x00005d1d4f4138da in std::__n4861::coroutine_handle<void>::resume() const at /usr/include/c++/15/coroutine:142:50
#2  0x00005d1d4f419574 in nxt::rt::deck::ready_item::resume_if_ready(nxt::rt::deck&) const at /home/mbrock/nxtui/build/../src-ng/nxt/rt/task.hpp:1901:18
#3  0x00005d1d4f415a82 in nxt::rt::deck::run_ready_with() at /home/mbrock/nxtui/build/../src-ng/nxt/rt/deck.hpp:200:33
#4  0x00005d1d4f4157d6 in nxt::rt::deck::run_ready() at /home/mbrock/nxtui/build/../src-ng/nxt/rt/deck.hpp:130:23
#5  0x00005d1d4f4abf2e in void nxt::rt::uring_wand::run_until_done<int>(nxt::rt::deck&, nxt::rt::task<int>&) at /home/mbrock/nxtui/build/../src-ng/nxt/rt/uring_wand.hpp:173:28
#6  0x00005d1d4f47fc31 in int nxt::rt::runtime::run<int>(nxt::rt::task<int>) at /home/mbrock/nxtui/build/../src-ng/nxt/rt/app.hpp:141:29
#7  0x00005d1d4f3873ee in main at /home/mbrock/nxtui/build/../src-ng/nxtai/nxtllm.cpp:1272:18
#8  0x000070ce23e2a600 in __libc_start_call_main at ./csu/../sysdeps/nptl/libc_start_call_main.h:59:16
#9  0x000070ce23e2a717 in __libc_start_main_impl at ./csu/../csu/libc-start.c:360:3
#10 0x00005d1d4f364f24 in _start at /home/mbrock/nxtui/build/nxtllm

stdout write #400 bytes 113
  at ../src-ng/nxt/rt/ui_runtime.hpp:434 in nxt::rt::task<void> nxt::rt::ui_runtime::terminal_owner_loop(std::chrono::milliseconds)
  preview "\e7\e[38;21H\e[48;2;2;6;23m\e[38;2;203;213;225m6\e[38;42H\e[48;2;37;83;90m2\e[38;83H\e[48;2;2;6;23m\e[38;2;100;116;139m5\e8"
Stack trace (most recent call first):
#0  0x00005d1d4f374d47 in write_stdout_all at /home/mbrock/nxtui/build/../src-ng/nxt/rt/ui_runtime.hpp:40:23
#1  0x00005d1d4f4138da in std::__n4861::coroutine_handle<void>::resume() const at /usr/include/c++/15/coroutine:142:50
#2  0x00005d1d4f419574 in nxt::rt::deck::ready_item::resume_if_ready(nxt::rt::deck&) const at /home/mbrock/nxtui/build/../src-ng/nxt/rt/task.hpp:1901:18
#3  0x00005d1d4f415a82 in nxt::rt::deck::run_ready_with() at /home/mbrock/nxtui/build/../src-ng/nxt/rt/deck.hpp:200:33
#4  0x00005d1d4f4157d6 in nxt::rt::deck::run_ready() at /home/mbrock/nxtui/build/../src-ng/nxt/rt/deck.hpp:130:23
#5  0x00005d1d4f4abf2e in void nxt::rt::uring_wand::run_until_done<int>(nxt::rt::deck&, nxt::rt::task<int>&) at /home/mbrock/nxtui/build/../src-ng/nxt/rt/uring_wand.hpp:173:28
#6  0x00005d1d4f47fc31 in int nxt::rt::runtime::run<int>(nxt::rt::task<int>) at /home/mbrock/nxtui/build/../src-ng/nxt/rt/app.hpp:141:29
#7  0x00005d1d4f3873ee in main at /home/mbrock/nxtui/build/../src-ng/nxtai/nxtllm.cpp:1272:18
#8  0x000070ce23e2a600 in __libc_start_call_main at ./csu/../sysdeps/nptl/libc_start_call_main.h:59:16
#9  0x000070ce23e2a717 in __libc_start_main_impl at ./csu/../csu/libc-start.c:360:3
#10 0x00005d1d4f364f24 in _start at /home/mbrock/nxtui/build/nxtllm

stdout write #401 bytes 49
  at ../src-ng/nxt/rt/ui_runtime.hpp:434 in nxt::rt::task<void> nxt::rt::ui_runtime::terminal_owner_loop(std::chrono::milliseconds)
  preview "\e7\e[37;42H\e[48;2;2;6;23m\e[38;2;203;213;225mthat\e8"
Stack trace (most recent call first):
#0  0x00005d1d4f374d47 in write_stdout_all at /home/mbrock/nxtui/build/../src-ng/nxt/rt/ui_runtime.hpp:40:23
#1  0x00005d1d4f4138da in std::__n4861::coroutine_handle<void>::resume() const at /usr/include/c++/15/coroutine:142:50
#2  0x00005d1d4f419574 in nxt::rt::deck::ready_item::resume_if_ready(nxt::rt::deck&) const at /home/mbrock/nxtui/build/../src-ng/nxt/rt/task.hpp:1901:18
#3  0x00005d1d4f415a82 in nxt::rt::deck::run_ready_with() at /home/mbrock/nxtui/build/../src-ng/nxt/rt/deck.hpp:200:33
#4  0x00005d1d4f4157d6 in nxt::rt::deck::run_ready() at /home/mbrock/nxtui/build/../src-ng/nxt/rt/deck.hpp:130:23
#5  0x00005d1d4f4abf2e in void nxt::rt::uring_wand::run_until_done<int>(nxt::rt::deck&, nxt::rt::task<int>&) at /home/mbrock/nxtui/build/../src-ng/nxt/rt/uring_wand.hpp:173:28
#6  0x00005d1d4f47fc31 in int nxt::rt::runtime::run<int>(nxt::rt::task<int>) at /home/mbrock/nxtui/build/../src-ng/nxt/rt/app.hpp:141:29
#7  0x00005d1d4f3873ee in main at /home/mbrock/nxtui/build/../src-ng/nxtai/nxtllm.cpp:1272:18
#8  0x000070ce23e2a600 in __libc_start_call_main at ./csu/../sysdeps/nptl/libc_start_call_main.h:59:16
#9  0x000070ce23e2a717 in __libc_start_main_impl at ./csu/../csu/libc-start.c:360:3
#10 0x00005d1d4f364f24 in _start at /home/mbrock/nxtui/build/nxtllm

stdout write #402 bytes 113
  at ../src-ng/nxt/rt/ui_runtime.hpp:434 in nxt::rt::task<void> nxt::rt::ui_runtime::terminal_owner_loop(std::chrono::milliseconds)
  preview "\e7\e[38;25H\e[48;2;37;84;91m\e[38;2;203;213;225m               9.4K/s\xe2\x86\x93\e[38;83H\e[48;2;2;6;23m\e[38;2;100;116;139m6\e8"
Stack trace (most recent call first):
#0  0x00005d1d4f374d47 in write_stdout_all at /home/mbrock/nxtui/build/../src-ng/nxt/rt/ui_runtime.hpp:40:23
#1  0x00005d1d4f4138da in std::__n4861::coroutine_handle<void>::resume() const at /usr/include/c++/15/coroutine:142:50
#2  0x00005d1d4f419574 in nxt::rt::deck::ready_item::resume_if_ready(nxt::rt::deck&) const at /home/mbrock/nxtui/build/../src-ng/nxt/rt/task.hpp:1901:18
#3  0x00005d1d4f415a82 in nxt::rt::deck::run_ready_with() at /home/mbrock/nxtui/build/../src-ng/nxt/rt/deck.hpp:200:33
#4  0x00005d1d4f4157d6 in nxt::rt::deck::run_ready() at /home/mbrock/nxtui/build/../src-ng/nxt/rt/deck.hpp:130:23
#5  0x00005d1d4f4abf2e in void nxt::rt::uring_wand::run_until_done<int>(nxt::rt::deck&, nxt::rt::task<int>&) at /home/mbrock/nxtui/build/../src-ng/nxt/rt/uring_wand.hpp:173:28
#6  0x00005d1d4f47fc31 in int nxt::rt::runtime::run<int>(nxt::rt::task<int>) at /home/mbrock/nxtui/build/../src-ng/nxt/rt/app.hpp:141:29
#7  0x00005d1d4f3873ee in main at /home/mbrock/nxtui/build/../src-ng/nxtai/nxtllm.cpp:1272:18
#8  0x000070ce23e2a600 in __libc_start_call_main at ./csu/../sysdeps/nptl/libc_start_call_main.h:59:16
#9  0x000070ce23e2a717 in __libc_start_main_impl at ./csu/../csu/libc-start.c:360:3
#10 0x00005d1d4f364f24 in _start at /home/mbrock/nxtui/build/nxtllm

stdout write #403 bytes 96
  at ../src-ng/nxt/rt/ui_runtime.hpp:434 in nxt::rt::task<void> nxt::rt::ui_runtime::terminal_owner_loop(std::chrono::milliseconds)
  preview "\e7\e[38;25H\e[48;2;37;83;90m\e[38;2;203;213;225m               9.2K/s\xe2\x86\x93\e[38;74H\e[48;2;43;45;46m6\e8"
Stack trace (most recent call first):
#0  0x00005d1d4f374d47 in write_stdout_all at /home/mbrock/nxtui/build/../src-ng/nxt/rt/ui_runtime.hpp:40:23
#1  0x00005d1d4f4138da in std::__n4861::coroutine_handle<void>::resume() const at /usr/include/c++/15/coroutine:142:50
#2  0x00005d1d4f419574 in nxt::rt::deck::ready_item::resume_if_ready(nxt::rt::deck&) const at /home/mbrock/nxtui/build/../src-ng/nxt/rt/task.hpp:1901:18
#3  0x00005d1d4f415a82 in nxt::rt::deck::run_ready_with() at /home/mbrock/nxtui/build/../src-ng/nxt/rt/deck.hpp:200:33
#4  0x00005d1d4f4157d6 in nxt::rt::deck::run_ready() at /home/mbrock/nxtui/build/../src-ng/nxt/rt/deck.hpp:130:23
#5  0x00005d1d4f4abf2e in void nxt::rt::uring_wand::run_until_done<int>(nxt::rt::deck&, nxt::rt::task<int>&) at /home/mbrock/nxtui/build/../src-ng/nxt/rt/uring_wand.hpp:173:28
#6  0x00005d1d4f47fc31 in int nxt::rt::runtime::run<int>(nxt::rt::task<int>) at /home/mbrock/nxtui/build/../src-ng/nxt/rt/app.hpp:141:29
#7  0x00005d1d4f3873ee in main at /home/mbrock/nxtui/build/../src-ng/nxtai/nxtllm.cpp:1272:18
#8  0x000070ce23e2a600 in __libc_start_call_main at ./csu/../sysdeps/nptl/libc_start_call_main.h:59:16
#9  0x000070ce23e2a717 in __libc_start_main_impl at ./csu/../csu/libc-start.c:360:3
#10 0x00005d1d4f364f24 in _start at /home/mbrock/nxtui/build/nxtllm

stdout write #404 bytes 46
  at ../src-ng/nxt/rt/ui_runtime.hpp:434 in nxt::rt::task<void> nxt::rt::ui_runtime::terminal_owner_loop(std::chrono::milliseconds)
  preview "\e7\e[37;46H\e[48;2;2;6;23m\e[38;2;203;213;225m.\e8"
Stack trace (most recent call first):
#0  0x00005d1d4f374d47 in write_stdout_all at /home/mbrock/nxtui/build/../src-ng/nxt/rt/ui_runtime.hpp:40:23
#1  0x00005d1d4f4138da in std::__n4861::coroutine_handle<void>::resume() const at /usr/include/c++/15/coroutine:142:50
#2  0x00005d1d4f419574 in nxt::rt::deck::ready_item::resume_if_ready(nxt::rt::deck&) const at /home/mbrock/nxtui/build/../src-ng/nxt/rt/task.hpp:1901:18
#3  0x00005d1d4f415a82 in nxt::rt::deck::run_ready_with() at /home/mbrock/nxtui/build/../src-ng/nxt/rt/deck.hpp:200:33
#4  0x00005d1d4f4157d6 in nxt::rt::deck::run_ready() at /home/mbrock/nxtui/build/../src-ng/nxt/rt/deck.hpp:130:23
#5  0x00005d1d4f4abf2e in void nxt::rt::uring_wand::run_until_done<int>(nxt::rt::deck&, nxt::rt::task<int>&) at /home/mbrock/nxtui/build/../src-ng/nxt/rt/uring_wand.hpp:173:28
#6  0x00005d1d4f47fc31 in int nxt::rt::runtime::run<int>(nxt::rt::task<int>) at /home/mbrock/nxtui/build/../src-ng/nxt/rt/app.hpp:141:29
#7  0x00005d1d4f3873ee in main at /home/mbrock/nxtui/build/../src-ng/nxtai/nxtllm.cpp:1272:18
#8  0x000070ce23e2a600 in __libc_start_call_main at ./csu/../sysdeps/nptl/libc_start_call_main.h:59:16
#9  0x000070ce23e2a717 in __libc_start_main_impl at ./csu/../csu/libc-start.c:360:3
#10 0x00005d1d4f364f24 in _start at /home/mbrock/nxtui/build/nxtllm

stdout write #405 bytes 2140
  at ../src-ng/nxt/rt/ui_runtime.hpp:434 in nxt::rt::task<void> nxt::rt::ui_runtime::terminal_owner_loop(std::chrono::milliseconds)
  preview "\e[0m\e7\e[1;36r\e8\e7\e[37;1H\e[2K\e[38;1H\e[2K\e8\e[0m\e[0m\e[48;2;2;6;23m \e[0m\e[38;2;2;6;23m\e[48;2;125;211;252m\e[1m thinking                                                                                          \e[0m\n\e[0m\e[48;2;2;6;23m \e[0m\e[38;2;203;213;225m\e[48;2;2;6;23m                                                                                                   \e[0m\n\e[0m\e[48;2;2;6;23m \e[0m\e[38;2;203;213;225m\e[48;2;2;6;23m\e[1mAsking for clarification\e[0m\e[38;2;203;213;225m\e[48;2;2;6;23m                                                                           \e[0m\n\e[0m\e[48;2;2;6;23m \e[0m\e[38;2;203;213;225m\e[48;2;2;6;23m                                                                                                   \e[0m\n\e[0m\e[48;2;2;6;23m \e[0m\e[38;2;203;213;225m\e[48;2;2;6;23mI see the user wants to use the shell tool with short sleeps and stdout lines, but                 \e[0m\n\e[0m\e[48;2;2;6;23m \e[0m\e[38;2;203;213;225m\e[48;2;2;6;23mthere's no specific command given. I should ask them what they'd like to run. However, I           \e[0m\n\e[0m\e[48;2;2;6;23m \e[0m\e[38;2;203;213;225m\e[48;2;2;6;23mcould demonstrate by running a simple bash loop that includes sleep and echo. So, I'll             \e[0m\n\e[0m\e[48;2;2;6;23m \e[0m\e[38;2;203;213;225m\e[48;2;2;6;23muse the functions.bash tool to set up a little script, like: for i in 1..5, echo line i;           \e[0m\n\e[0m\e[48;2;2;6;23m \e[0m\e[38;2;203;213;225m\e[48;2;2;6;23msleep 0.2. I'll return the output after that.                                                      \e[0m\e7\e[37;1H\e[48;2;252;211;77m\e[38;2;2;6;23m\e[1m nxtllm \e[37;9H\e[0m\e[38;2;2;6;23m\e[48;2;252;211;77m\e[48;2;15;23;42m\e[38;2;148;163;184mgpt-5.4-nano  thinking done                                                                 \e[38;1H\e[48;2;2;6;23m\e[38;2;203;213;225m \e[38;2H\e[38;2;94;234;212m\e[1mstreaming SSE \e[38;16H\e[0m\e[38;2;94;234;212m\e[48;2;2;6;23m\e[38;2;203;213;225m    36K\xe2\x86\x93 \e[38;25H\e[48;2;37;83;90m               9.2K/s\xe2\x86\x93\e[38;47H\e[48;2;2;6;23m   2.0K\xe2\x86\x91 \e[38;56H\e[48;2;43;45;46m                 16/s\xe2\x86\x91\e[38;78H\e[48;2;2;6;23m \e[38;79H\e[38;2;100;116;139m  #96\e[38;84H\e[38;2;203;213;225m                 \e8"
Stack trace (most recent call first):
#0  0x00005d1d4f374d47 in write_stdout_all at /home/mbrock/nxtui/build/../src-ng/nxt/rt/ui_runtime.hpp:40:23
#1  0x00005d1d4f4138da in std::__n4861::coroutine_handle<void>::resume() const at /usr/include/c++/15/coroutine:142:50
#2  0x00005d1d4f419574 in nxt::rt::deck::ready_item::resume_if_ready(nxt::rt::deck&) const at /home/mbrock/nxtui/build/../src-ng/nxt/rt/task.hpp:1901:18
#3  0x00005d1d4f415a82 in nxt::rt::deck::run_ready_with() at /home/mbrock/nxtui/build/../src-ng/nxt/rt/deck.hpp:200:33
#4  0x00005d1d4f4157d6 in nxt::rt::deck::run_ready() at /home/mbrock/nxtui/build/../src-ng/nxt/rt/deck.hpp:130:23
#5  0x00005d1d4f4abf2e in void nxt::rt::uring_wand::run_until_done<int>(nxt::rt::deck&, nxt::rt::task<int>&) at /home/mbrock/nxtui/build/../src-ng/nxt/rt/uring_wand.hpp:173:28
#6  0x00005d1d4f47fc31 in int nxt::rt::runtime::run<int>(nxt::rt::task<int>) at /home/mbrock/nxtui/build/../src-ng/nxt/rt/app.hpp:141:29
#7  0x00005d1d4f3873ee in main at /home/mbrock/nxtui/build/../src-ng/nxtai/nxtllm.cpp:1272:18
#8  0x000070ce23e2a600 in __libc_start_call_main at ./csu/../sysdeps/nptl/libc_start_call_main.h:59:16
#9  0x000070ce23e2a717 in __libc_start_main_impl at ./csu/../csu/libc-start.c:360:3
#10 0x00005d1d4f364f24 in _start at /home/mbrock/nxtui/build/nxtllm

stdout write #406 bytes 136
  at ../src-ng/nxt/rt/ui_runtime.hpp:434 in nxt::rt::task<void> nxt::rt::ui_runtime::terminal_owner_loop(std::chrono::milliseconds)
  preview "\e7\e[38;21H\e[48;2;2;6;23m\e[38;2;203;213;225m7\e[38;25H\e[48;2;39;88;94m                10K/s\xe2\x86\x93\e[38;83H\e[48;2;2;6;23m\e[38;2;100;116;139m7\e8"
Stack trace (most recent call first):
#0  0x00005d1d4f374d47 in write_stdout_all at /home/mbrock/nxtui/build/../src-ng/nxt/rt/ui_runtime.hpp:40:23
#1  0x00005d1d4f4138da in std::__n4861::coroutine_handle<void>::resume() const at /usr/include/c++/15/coroutine:142:50
#2  0x00005d1d4f419574 in nxt::rt::deck::ready_item::resume_if_ready(nxt::rt::deck&) const at /home/mbrock/nxtui/build/../src-ng/nxt/rt/task.hpp:1901:18
#3  0x00005d1d4f415a82 in nxt::rt::deck::run_ready_with() at /home/mbrock/nxtui/build/../src-ng/nxt/rt/deck.hpp:200:33
#4  0x00005d1d4f4157d6 in nxt::rt::deck::run_ready() at /home/mbrock/nxtui/build/../src-ng/nxt/rt/deck.hpp:130:23
#5  0x00005d1d4f4abf2e in void nxt::rt::uring_wand::run_until_done<int>(nxt::rt::deck&, nxt::rt::task<int>&) at /home/mbrock/nxtui/build/../src-ng/nxt/rt/uring_wand.hpp:173:28
#6  0x00005d1d4f47fc31 in int nxt::rt::runtime::run<int>(nxt::rt::task<int>) at /home/mbrock/nxtui/build/../src-ng/nxt/rt/app.hpp:141:29
#7  0x00005d1d4f3873ee in main at /home/mbrock/nxtui/build/../src-ng/nxtai/nxtllm.cpp:1272:18
#8  0x000070ce23e2a600 in __libc_start_call_main at ./csu/../sysdeps/nptl/libc_start_call_main.h:59:16
#9  0x000070ce23e2a717 in __libc_start_main_impl at ./csu/../csu/libc-start.c:360:3
#10 0x00005d1d4f364f24 in _start at /home/mbrock/nxtui/build/nxtllm

stdout write #407 bytes 140
  at ../src-ng/nxt/rt/ui_runtime.hpp:434 in nxt::rt::task<void> nxt::rt::ui_runtime::terminal_owner_loop(std::chrono::milliseconds)
  preview "\e7\e[38;20H\e[48;2;2;6;23m\e[38;2;203;213;225m40\e[38;25H\e[48;2;43;98;103m                13K/s\xe2\x86\x93\e[38;80H\e[48;2;2;6;23m\e[38;2;100;116;139m#10\e8"
Stack trace (most recent call first):
#0  0x00005d1d4f374d47 in write_stdout_all at /home/mbrock/nxtui/build/../src-ng/nxt/rt/ui_runtime.hpp:40:23
#1  0x00005d1d4f4138da in std::__n4861::coroutine_handle<void>::resume() const at /usr/include/c++/15/coroutine:142:50
#2  0x00005d1d4f419574 in nxt::rt::deck::ready_item::resume_if_ready(nxt::rt::deck&) const at /home/mbrock/nxtui/build/../src-ng/nxt/rt/task.hpp:1901:18
#3  0x00005d1d4f415a82 in nxt::rt::deck::run_ready_with() at /home/mbrock/nxtui/build/../src-ng/nxt/rt/deck.hpp:200:33
#4  0x00005d1d4f4157d6 in nxt::rt::deck::run_ready() at /home/mbrock/nxtui/build/../src-ng/nxt/rt/deck.hpp:130:23
#5  0x00005d1d4f4abf2e in void nxt::rt::uring_wand::run_until_done<int>(nxt::rt::deck&, nxt::rt::task<int>&) at /home/mbrock/nxtui/build/../src-ng/nxt/rt/uring_wand.hpp:173:28
#6  0x00005d1d4f47fc31 in int nxt::rt::runtime::run<int>(nxt::rt::task<int>) at /home/mbrock/nxtui/build/../src-ng/nxt/rt/app.hpp:141:29
#7  0x00005d1d4f3873ee in main at /home/mbrock/nxtui/build/../src-ng/nxtai/nxtllm.cpp:1272:18
#8  0x000070ce23e2a600 in __libc_start_call_main at ./csu/../sysdeps/nptl/libc_start_call_main.h:59:16
#9  0x000070ce23e2a717 in __libc_start_main_impl at ./csu/../csu/libc-start.c:360:3
#10 0x00005d1d4f364f24 in _start at /home/mbrock/nxtui/build/nxtllm

stdout write #408 bytes 4
  at ../src-ng/nxt/rt/ui_runtime.hpp:434 in nxt::rt::task<void> nxt::rt::ui_runtime::terminal_owner_loop(std::chrono::milliseconds)
  preview "\e7\e8"
Stack trace (most recent call first):
#0  0x00005d1d4f374d47 in write_stdout_all at /home/mbrock/nxtui/build/../src-ng/nxt/rt/ui_runtime.hpp:40:23
#1  0x00005d1d4f4138da in std::__n4861::coroutine_handle<void>::resume() const at /usr/include/c++/15/coroutine:142:50
#2  0x00005d1d4f419574 in nxt::rt::deck::ready_item::resume_if_ready(nxt::rt::deck&) const at /home/mbrock/nxtui/build/../src-ng/nxt/rt/task.hpp:1901:18
#3  0x00005d1d4f415a82 in nxt::rt::deck::run_ready_with() at /home/mbrock/nxtui/build/../src-ng/nxt/rt/deck.hpp:200:33
#4  0x00005d1d4f4157d6 in nxt::rt::deck::run_ready() at /home/mbrock/nxtui/build/../src-ng/nxt/rt/deck.hpp:130:23
#5  0x00005d1d4f4abf2e in void nxt::rt::uring_wand::run_until_done<int>(nxt::rt::deck&, nxt::rt::task<int>&) at /home/mbrock/nxtui/build/../src-ng/nxt/rt/uring_wand.hpp:173:28
#6  0x00005d1d4f47fc31 in int nxt::rt::runtime::run<int>(nxt::rt::task<int>) at /home/mbrock/nxtui/build/../src-ng/nxt/rt/app.hpp:141:29
#7  0x00005d1d4f3873ee in main at /home/mbrock/nxtui/build/../src-ng/nxtai/nxtllm.cpp:1272:18
#8  0x000070ce23e2a600 in __libc_start_call_main at ./csu/../sysdeps/nptl/libc_start_call_main.h:59:16
#9  0x000070ce23e2a717 in __libc_start_main_impl at ./csu/../csu/libc-start.c:360:3
#10 0x00005d1d4f364f24 in _start at /home/mbrock/nxtui/build/nxtllm

stdout write #409 bytes 139
  at ../src-ng/nxt/rt/ui_runtime.hpp:434 in nxt::rt::task<void> nxt::rt::ui_runtime::terminal_owner_loop(std::chrono::milliseconds)
  preview "\e7\e[38;21H\e[48;2;2;6;23m\e[38;2;203;213;225m4\e[38;25H\e[48;2;47;110;112m                16K/s\xe2\x86\x93\e[38;82H\e[48;2;2;6;23m\e[38;2;100;116;139m19\e8"
Stack trace (most recent call first):
#0  0x00005d1d4f374d47 in write_stdout_all at /home/mbrock/nxtui/build/../src-ng/nxt/rt/ui_runtime.hpp:40:23
#1  0x00005d1d4f4138da in std::__n4861::coroutine_handle<void>::resume() const at /usr/include/c++/15/coroutine:142:50
#2  0x00005d1d4f419574 in nxt::rt::deck::ready_item::resume_if_ready(nxt::rt::deck&) const at /home/mbrock/nxtui/build/../src-ng/nxt/rt/task.hpp:1901:18
#3  0x00005d1d4f415a82 in nxt::rt::deck::run_ready_with() at /home/mbrock/nxtui/build/../src-ng/nxt/rt/deck.hpp:200:33
#4  0x00005d1d4f4157d6 in nxt::rt::deck::run_ready() at /home/mbrock/nxtui/build/../src-ng/nxt/rt/deck.hpp:130:23
#5  0x00005d1d4f4abf2e in void nxt::rt::uring_wand::run_until_done<int>(nxt::rt::deck&, nxt::rt::task<int>&) at /home/mbrock/nxtui/build/../src-ng/nxt/rt/uring_wand.hpp:173:28
#6  0x00005d1d4f47fc31 in int nxt::rt::runtime::run<int>(nxt::rt::task<int>) at /home/mbrock/nxtui/build/../src-ng/nxt/rt/app.hpp:141:29
#7  0x00005d1d4f3873ee in main at /home/mbrock/nxtui/build/../src-ng/nxtai/nxtllm.cpp:1272:18
#8  0x000070ce23e2a600 in __libc_start_call_main at ./csu/../sysdeps/nptl/libc_start_call_main.h:59:16
#9  0x000070ce23e2a717 in __libc_start_main_impl at ./csu/../csu/libc-start.c:360:3
#10 0x00005d1d4f364f24 in _start at /home/mbrock/nxtui/build/nxtllm

stdout write #410 bytes 4
  at ../src-ng/nxt/rt/ui_runtime.hpp:434 in nxt::rt::task<void> nxt::rt::ui_runtime::terminal_owner_loop(std::chrono::milliseconds)
  preview "\e7\e8"
Stack trace (most recent call first):
#0  0x00005d1d4f374d47 in write_stdout_all at /home/mbrock/nxtui/build/../src-ng/nxt/rt/ui_runtime.hpp:40:23
#1  0x00005d1d4f4138da in std::__n4861::coroutine_handle<void>::resume() const at /usr/include/c++/15/coroutine:142:50
#2  0x00005d1d4f419574 in nxt::rt::deck::ready_item::resume_if_ready(nxt::rt::deck&) const at /home/mbrock/nxtui/build/../src-ng/nxt/rt/task.hpp:1901:18
#3  0x00005d1d4f415a82 in nxt::rt::deck::run_ready_with() at /home/mbrock/nxtui/build/../src-ng/nxt/rt/deck.hpp:200:33
#4  0x00005d1d4f4157d6 in nxt::rt::deck::run_ready() at /home/mbrock/nxtui/build/../src-ng/nxt/rt/deck.hpp:130:23
#5  0x00005d1d4f4abf2e in void nxt::rt::uring_wand::run_until_done<int>(nxt::rt::deck&, nxt::rt::task<int>&) at /home/mbrock/nxtui/build/../src-ng/nxt/rt/uring_wand.hpp:173:28
#6  0x00005d1d4f47fc31 in int nxt::rt::runtime::run<int>(nxt::rt::task<int>) at /home/mbrock/nxtui/build/../src-ng/nxt/rt/app.hpp:141:29
#7  0x00005d1d4f3873ee in main at /home/mbrock/nxtui/build/../src-ng/nxtai/nxtllm.cpp:1272:18
#8  0x000070ce23e2a600 in __libc_start_call_main at ./csu/../sysdeps/nptl/libc_start_call_main.h:59:16
#9  0x000070ce23e2a717 in __libc_start_main_impl at ./csu/../csu/libc-start.c:360:3
#10 0x00005d1d4f364f24 in _start at /home/mbrock/nxtui/build/nxtllm

stdout write #411 bytes 163
  at ../src-ng/nxt/rt/ui_runtime.hpp:434 in nxt::rt::task<void> nxt::rt::ui_runtime::terminal_owner_loop(std::chrono::milliseconds)
  preview "\e7\e[38;21H\e[48;2;2;6;23m\e[38;2;203;213;225m6\e[38;25H\e[48;2;51;119;119m                19K/s\xe2\x86\x93\e[38;74H\e[48;2;43;45;46m5\e[38;82H\e[48;2;2;6;23m\e[38;2;100;116;139m2\e8"
Stack trace (most recent call first):
#0  0x00005d1d4f374d47 in write_stdout_all at /home/mbrock/nxtui/build/../src-ng/nxt/rt/ui_runtime.hpp:40:23
#1  0x00005d1d4f4138da in std::__n4861::coroutine_handle<void>::resume() const at /usr/include/c++/15/coroutine:142:50
#2  0x00005d1d4f419574 in nxt::rt::deck::ready_item::resume_if_ready(nxt::rt::deck&) const at /home/mbrock/nxtui/build/../src-ng/nxt/rt/task.hpp:1901:18
#3  0x00005d1d4f415a82 in nxt::rt::deck::run_ready_with() at /home/mbrock/nxtui/build/../src-ng/nxt/rt/deck.hpp:200:33
#4  0x00005d1d4f4157d6 in nxt::rt::deck::run_ready() at /home/mbrock/nxtui/build/../src-ng/nxt/rt/deck.hpp:130:23
#5  0x00005d1d4f4abf2e in void nxt::rt::uring_wand::run_until_done<int>(nxt::rt::deck&, nxt::rt::task<int>&) at /home/mbrock/nxtui/build/../src-ng/nxt/rt/uring_wand.hpp:173:28
#6  0x00005d1d4f47fc31 in int nxt::rt::runtime::run<int>(nxt::rt::task<int>) at /home/mbrock/nxtui/build/../src-ng/nxt/rt/app.hpp:141:29
#7  0x00005d1d4f3873ee in main at /home/mbrock/nxtui/build/../src-ng/nxtai/nxtllm.cpp:1272:18
#8  0x000070ce23e2a600 in __libc_start_call_main at ./csu/../sysdeps/nptl/libc_start_call_main.h:59:16
#9  0x000070ce23e2a717 in __libc_start_main_impl at ./csu/../csu/libc-start.c:360:3
#10 0x00005d1d4f364f24 in _start at /home/mbrock/nxtui/build/nxtllm

stdout write #412 bytes 4
  at ../src-ng/nxt/rt/ui_runtime.hpp:434 in nxt::rt::task<void> nxt::rt::ui_runtime::terminal_owner_loop(std::chrono::milliseconds)
  preview "\e7\e8"
Stack trace (most recent call first):
#0  0x00005d1d4f374d47 in write_stdout_all at /home/mbrock/nxtui/build/../src-ng/nxt/rt/ui_runtime.hpp:40:23
#1  0x00005d1d4f4138da in std::__n4861::coroutine_handle<void>::resume() const at /usr/include/c++/15/coroutine:142:50
#2  0x00005d1d4f419574 in nxt::rt::deck::ready_item::resume_if_ready(nxt::rt::deck&) const at /home/mbrock/nxtui/build/../src-ng/nxt/rt/task.hpp:1901:18
#3  0x00005d1d4f415a82 in nxt::rt::deck::run_ready_with() at /home/mbrock/nxtui/build/../src-ng/nxt/rt/deck.hpp:200:33
#4  0x00005d1d4f4157d6 in nxt::rt::deck::run_ready() at /home/mbrock/nxtui/build/../src-ng/nxt/rt/deck.hpp:130:23
#5  0x00005d1d4f4abf2e in void nxt::rt::uring_wand::run_until_done<int>(nxt::rt::deck&, nxt::rt::task<int>&) at /home/mbrock/nxtui/build/../src-ng/nxt/rt/uring_wand.hpp:173:28
#6  0x00005d1d4f47fc31 in int nxt::rt::runtime::run<int>(nxt::rt::task<int>) at /home/mbrock/nxtui/build/../src-ng/nxt/rt/app.hpp:141:29
#7  0x00005d1d4f3873ee in main at /home/mbrock/nxtui/build/../src-ng/nxtai/nxtllm.cpp:1272:18
#8  0x000070ce23e2a600 in __libc_start_call_main at ./csu/../sysdeps/nptl/libc_start_call_main.h:59:16
#9  0x000070ce23e2a717 in __libc_start_main_impl at ./csu/../csu/libc-start.c:360:3
#10 0x00005d1d4f364f24 in _start at /home/mbrock/nxtui/build/nxtllm

stdout write #413 bytes 139
  at ../src-ng/nxt/rt/ui_runtime.hpp:434 in nxt::rt::task<void> nxt::rt::ui_runtime::terminal_owner_loop(std::chrono::milliseconds)
  preview "\e7\e[38;21H\e[48;2;2;6;23m\e[38;2;203;213;225m7\e[38;25H\e[48;2;51;121;121m                19K/s\xe2\x86\x93\e[38;82H\e[48;2;2;6;23m\e[38;2;100;116;139m32\e8"
Stack trace (most recent call first):
#0  0x00005d1d4f374d47 in write_stdout_all at /home/mbrock/nxtui/build/../src-ng/nxt/rt/ui_runtime.hpp:40:23
#1  0x00005d1d4f4138da in std::__n4861::coroutine_handle<void>::resume() const at /usr/include/c++/15/coroutine:142:50
#2  0x00005d1d4f419574 in nxt::rt::deck::ready_item::resume_if_ready(nxt::rt::deck&) const at /home/mbrock/nxtui/build/../src-ng/nxt/rt/task.hpp:1901:18
#3  0x00005d1d4f415a82 in nxt::rt::deck::run_ready_with() at /home/mbrock/nxtui/build/../src-ng/nxt/rt/deck.hpp:200:33
#4  0x00005d1d4f4157d6 in nxt::rt::deck::run_ready() at /home/mbrock/nxtui/build/../src-ng/nxt/rt/deck.hpp:130:23
#5  0x00005d1d4f4abf2e in void nxt::rt::uring_wand::run_until_done<int>(nxt::rt::deck&, nxt::rt::task<int>&) at /home/mbrock/nxtui/build/../src-ng/nxt/rt/uring_wand.hpp:173:28
#6  0x00005d1d4f47fc31 in int nxt::rt::runtime::run<int>(nxt::rt::task<int>) at /home/mbrock/nxtui/build/../src-ng/nxt/rt/app.hpp:141:29
#7  0x00005d1d4f3873ee in main at /home/mbrock/nxtui/build/../src-ng/nxtai/nxtllm.cpp:1272:18
#8  0x000070ce23e2a600 in __libc_start_call_main at ./csu/../sysdeps/nptl/libc_start_call_main.h:59:16
#9  0x000070ce23e2a717 in __libc_start_main_impl at ./csu/../csu/libc-start.c:360:3
#10 0x00005d1d4f364f24 in _start at /home/mbrock/nxtui/build/nxtllm

stdout write #414 bytes 4
  at ../src-ng/nxt/rt/ui_runtime.hpp:434 in nxt::rt::task<void> nxt::rt::ui_runtime::terminal_owner_loop(std::chrono::milliseconds)
  preview "\e7\e8"
Stack trace (most recent call first):
#0  0x00005d1d4f374d47 in write_stdout_all at /home/mbrock/nxtui/build/../src-ng/nxt/rt/ui_runtime.hpp:40:23
#1  0x00005d1d4f4138da in std::__n4861::coroutine_handle<void>::resume() const at /usr/include/c++/15/coroutine:142:50
#2  0x00005d1d4f419574 in nxt::rt::deck::ready_item::resume_if_ready(nxt::rt::deck&) const at /home/mbrock/nxtui/build/../src-ng/nxt/rt/task.hpp:1901:18
#3  0x00005d1d4f415a82 in nxt::rt::deck::run_ready_with() at /home/mbrock/nxtui/build/../src-ng/nxt/rt/deck.hpp:200:33
#4  0x00005d1d4f4157d6 in nxt::rt::deck::run_ready() at /home/mbrock/nxtui/build/../src-ng/nxt/rt/deck.hpp:130:23
#5  0x00005d1d4f4abf2e in void nxt::rt::uring_wand::run_until_done<int>(nxt::rt::deck&, nxt::rt::task<int>&) at /home/mbrock/nxtui/build/../src-ng/nxt/rt/uring_wand.hpp:173:28
#6  0x00005d1d4f47fc31 in int nxt::rt::runtime::run<int>(nxt::rt::task<int>) at /home/mbrock/nxtui/build/../src-ng/nxt/rt/app.hpp:141:29
#7  0x00005d1d4f3873ee in main at /home/mbrock/nxtui/build/../src-ng/nxtai/nxtllm.cpp:1272:18
#8  0x000070ce23e2a600 in __libc_start_call_main at ./csu/../sysdeps/nptl/libc_start_call_main.h:59:16
#9  0x000070ce23e2a717 in __libc_start_main_impl at ./csu/../csu/libc-start.c:360:3
#10 0x00005d1d4f364f24 in _start at /home/mbrock/nxtui/build/nxtllm

stdout write #415 bytes 138
  at ../src-ng/nxt/rt/ui_runtime.hpp:434 in nxt::rt::task<void> nxt::rt::ui_runtime::terminal_owner_loop(std::chrono::milliseconds)
  preview "\e7\e[38;21H\e[48;2;2;6;23m\e[38;2;203;213;225m8\e[38;25H\e[48;2;52;122;122m                19K/s\xe2\x86\x93\e[38;83H\e[48;2;2;6;23m\e[38;2;100;116;139m4\e8"
Stack trace (most recent call first):
#0  0x00005d1d4f374d47 in write_stdout_all at /home/mbrock/nxtui/build/../src-ng/nxt/rt/ui_runtime.hpp:40:23
#1  0x00005d1d4f4138da in std::__n4861::coroutine_handle<void>::resume() const at /usr/include/c++/15/coroutine:142:50
#2  0x00005d1d4f419574 in nxt::rt::deck::ready_item::resume_if_ready(nxt::rt::deck&) const at /home/mbrock/nxtui/build/../src-ng/nxt/rt/task.hpp:1901:18
#3  0x00005d1d4f415a82 in nxt::rt::deck::run_ready_with() at /home/mbrock/nxtui/build/../src-ng/nxt/rt/deck.hpp:200:33
#4  0x00005d1d4f4157d6 in nxt::rt::deck::run_ready() at /home/mbrock/nxtui/build/../src-ng/nxt/rt/deck.hpp:130:23
#5  0x00005d1d4f4abf2e in void nxt::rt::uring_wand::run_until_done<int>(nxt::rt::deck&, nxt::rt::task<int>&) at /home/mbrock/nxtui/build/../src-ng/nxt/rt/uring_wand.hpp:173:28
#6  0x00005d1d4f47fc31 in int nxt::rt::runtime::run<int>(nxt::rt::task<int>) at /home/mbrock/nxtui/build/../src-ng/nxt/rt/app.hpp:141:29
#7  0x00005d1d4f3873ee in main at /home/mbrock/nxtui/build/../src-ng/nxtai/nxtllm.cpp:1272:18
#8  0x000070ce23e2a600 in __libc_start_call_main at ./csu/../sysdeps/nptl/libc_start_call_main.h:59:16
#9  0x000070ce23e2a717 in __libc_start_main_impl at ./csu/../csu/libc-start.c:360:3
#10 0x00005d1d4f364f24 in _start at /home/mbrock/nxtui/build/nxtllm

stdout write #416 bytes 46
  at ../src-ng/nxt/rt/ui_runtime.hpp:434 in nxt::rt::task<void> nxt::rt::ui_runtime::terminal_owner_loop(std::chrono::milliseconds)
  preview "\e7\e[38;83H\e[48;2;2;6;23m\e[38;2;100;116;139m5\e8"
Stack trace (most recent call first):
#0  0x00005d1d4f374d47 in write_stdout_all at /home/mbrock/nxtui/build/../src-ng/nxt/rt/ui_runtime.hpp:40:23
#1  0x00005d1d4f4138da in std::__n4861::coroutine_handle<void>::resume() const at /usr/include/c++/15/coroutine:142:50
#2  0x00005d1d4f419574 in nxt::rt::deck::ready_item::resume_if_ready(nxt::rt::deck&) const at /home/mbrock/nxtui/build/../src-ng/nxt/rt/task.hpp:1901:18
#3  0x00005d1d4f415a82 in nxt::rt::deck::run_ready_with() at /home/mbrock/nxtui/build/../src-ng/nxt/rt/deck.hpp:200:33
#4  0x00005d1d4f4157d6 in nxt::rt::deck::run_ready() at /home/mbrock/nxtui/build/../src-ng/nxt/rt/deck.hpp:130:23
#5  0x00005d1d4f4abf2e in void nxt::rt::uring_wand::run_until_done<int>(nxt::rt::deck&, nxt::rt::task<int>&) at /home/mbrock/nxtui/build/../src-ng/nxt/rt/uring_wand.hpp:173:28
#6  0x00005d1d4f47fc31 in int nxt::rt::runtime::run<int>(nxt::rt::task<int>) at /home/mbrock/nxtui/build/../src-ng/nxt/rt/app.hpp:141:29
#7  0x00005d1d4f3873ee in main at /home/mbrock/nxtui/build/../src-ng/nxtai/nxtllm.cpp:1272:18
#8  0x000070ce23e2a600 in __libc_start_call_main at ./csu/../sysdeps/nptl/libc_start_call_main.h:59:16
#9  0x000070ce23e2a717 in __libc_start_main_impl at ./csu/../csu/libc-start.c:360:3
#10 0x00005d1d4f364f24 in _start at /home/mbrock/nxtui/build/nxtllm

stdout write #417 bytes 98
  at ../src-ng/nxt/rt/ui_runtime.hpp:434 in nxt::rt::task<void> nxt::rt::ui_runtime::terminal_owner_loop(std::chrono::milliseconds)
  preview "\e7\e[38;25H\e[48;2;51;121;121m\e[38;2;203;213;225m                19K/s\xe2\x86\x93\e[38;74H\e[48;2;43;45;46m4\e8"
Stack trace (most recent call first):
#0  0x00005d1d4f374d47 in write_stdout_all at /home/mbrock/nxtui/build/../src-ng/nxt/rt/ui_runtime.hpp:40:23
#1  0x00005d1d4f4138da in std::__n4861::coroutine_handle<void>::resume() const at /usr/include/c++/15/coroutine:142:50
#2  0x00005d1d4f419574 in nxt::rt::deck::ready_item::resume_if_ready(nxt::rt::deck&) const at /home/mbrock/nxtui/build/../src-ng/nxt/rt/task.hpp:1901:18
#3  0x00005d1d4f415a82 in nxt::rt::deck::run_ready_with() at /home/mbrock/nxtui/build/../src-ng/nxt/rt/deck.hpp:200:33
#4  0x00005d1d4f4157d6 in nxt::rt::deck::run_ready() at /home/mbrock/nxtui/build/../src-ng/nxt/rt/deck.hpp:130:23
#5  0x00005d1d4f4abf2e in void nxt::rt::uring_wand::run_until_done<int>(nxt::rt::deck&, nxt::rt::task<int>&) at /home/mbrock/nxtui/build/../src-ng/nxt/rt/uring_wand.hpp:173:28
#6  0x00005d1d4f47fc31 in int nxt::rt::runtime::run<int>(nxt::rt::task<int>) at /home/mbrock/nxtui/build/../src-ng/nxt/rt/app.hpp:141:29
#7  0x00005d1d4f3873ee in main at /home/mbrock/nxtui/build/../src-ng/nxtai/nxtllm.cpp:1272:18
#8  0x000070ce23e2a600 in __libc_start_call_main at ./csu/../sysdeps/nptl/libc_start_call_main.h:59:16
#9  0x000070ce23e2a717 in __libc_start_main_impl at ./csu/../csu/libc-start.c:360:3
#10 0x00005d1d4f364f24 in _start at /home/mbrock/nxtui/build/nxtllm

stdout write #418 bytes 73
  at ../src-ng/nxt/rt/ui_runtime.hpp:434 in nxt::rt::task<void> nxt::rt::ui_runtime::terminal_owner_loop(std::chrono::milliseconds)
  preview "\e7\e[38;25H\e[48;2;51;120;120m\e[38;2;203;213;225m                19K/s\xe2\x86\x93\e8"
Stack trace (most recent call first):
#0  0x00005d1d4f374d47 in write_stdout_all at /home/mbrock/nxtui/build/../src-ng/nxt/rt/ui_runtime.hpp:40:23
#1  0x00005d1d4f4138da in std::__n4861::coroutine_handle<void>::resume() const at /usr/include/c++/15/coroutine:142:50
#2  0x00005d1d4f419574 in nxt::rt::deck::ready_item::resume_if_ready(nxt::rt::deck&) const at /home/mbrock/nxtui/build/../src-ng/nxt/rt/task.hpp:1901:18
#3  0x00005d1d4f415a82 in nxt::rt::deck::run_ready_with() at /home/mbrock/nxtui/build/../src-ng/nxt/rt/deck.hpp:200:33
#4  0x00005d1d4f4157d6 in nxt::rt::deck::run_ready() at /home/mbrock/nxtui/build/../src-ng/nxt/rt/deck.hpp:130:23
#5  0x00005d1d4f4abf2e in void nxt::rt::uring_wand::run_until_done<int>(nxt::rt::deck&, nxt::rt::task<int>&) at /home/mbrock/nxtui/build/../src-ng/nxt/rt/uring_wand.hpp:173:28
#6  0x00005d1d4f47fc31 in int nxt::rt::runtime::run<int>(nxt::rt::task<int>) at /home/mbrock/nxtui/build/../src-ng/nxt/rt/app.hpp:141:29
#7  0x00005d1d4f3873ee in main at /home/mbrock/nxtui/build/../src-ng/nxtai/nxtllm.cpp:1272:18
#8  0x000070ce23e2a600 in __libc_start_call_main at ./csu/../sysdeps/nptl/libc_start_call_main.h:59:16
#9  0x000070ce23e2a717 in __libc_start_main_impl at ./csu/../csu/libc-start.c:360:3
#10 0x00005d1d4f364f24 in _start at /home/mbrock/nxtui/build/nxtllm

stdout write #419 bytes 73
  at ../src-ng/nxt/rt/ui_runtime.hpp:434 in nxt::rt::task<void> nxt::rt::ui_runtime::terminal_owner_loop(std::chrono::milliseconds)
  preview "\e7\e[38;25H\e[48;2;50;119;119m\e[38;2;203;213;225m                19K/s\xe2\x86\x93\e8"
Stack trace (most recent call first):
#0  0x00005d1d4f374d47 in write_stdout_all at /home/mbrock/nxtui/build/../src-ng/nxt/rt/ui_runtime.hpp:40:23
#1  0x00005d1d4f4138da in std::__n4861::coroutine_handle<void>::resume() const at /usr/include/c++/15/coroutine:142:50
#2  0x00005d1d4f419574 in nxt::rt::deck::ready_item::resume_if_ready(nxt::rt::deck&) const at /home/mbrock/nxtui/build/../src-ng/nxt/rt/task.hpp:1901:18
#3  0x00005d1d4f415a82 in nxt::rt::deck::run_ready_with() at /home/mbrock/nxtui/build/../src-ng/nxt/rt/deck.hpp:200:33
#4  0x00005d1d4f4157d6 in nxt::rt::deck::run_ready() at /home/mbrock/nxtui/build/../src-ng/nxt/rt/deck.hpp:130:23
#5  0x00005d1d4f4abf2e in void nxt::rt::uring_wand::run_until_done<int>(nxt::rt::deck&, nxt::rt::task<int>&) at /home/mbrock/nxtui/build/../src-ng/nxt/rt/uring_wand.hpp:173:28
#6  0x00005d1d4f47fc31 in int nxt::rt::runtime::run<int>(nxt::rt::task<int>) at /home/mbrock/nxtui/build/../src-ng/nxt/rt/app.hpp:141:29
#7  0x00005d1d4f3873ee in main at /home/mbrock/nxtui/build/../src-ng/nxtai/nxtllm.cpp:1272:18
#8  0x000070ce23e2a600 in __libc_start_call_main at ./csu/../sysdeps/nptl/libc_start_call_main.h:59:16
#9  0x000070ce23e2a717 in __libc_start_main_impl at ./csu/../csu/libc-start.c:360:3
#10 0x00005d1d4f364f24 in _start at /home/mbrock/nxtui/build/nxtllm

stdout write #420 bytes 73
  at ../src-ng/nxt/rt/ui_runtime.hpp:434 in nxt::rt::task<void> nxt::rt::ui_runtime::terminal_owner_loop(std::chrono::milliseconds)
  preview "\e7\e[38;25H\e[48;2;50;118;118m\e[38;2;203;213;225m                18K/s\xe2\x86\x93\e8"
Stack trace (most recent call first):
#0  0x00005d1d4f374d47 in write_stdout_all at /home/mbrock/nxtui/build/../src-ng/nxt/rt/ui_runtime.hpp:40:23
#1  0x00005d1d4f4138da in std::__n4861::coroutine_handle<void>::resume() const at /usr/include/c++/15/coroutine:142:50
#2  0x00005d1d4f419574 in nxt::rt::deck::ready_item::resume_if_ready(nxt::rt::deck&) const at /home/mbrock/nxtui/build/../src-ng/nxt/rt/task.hpp:1901:18
#3  0x00005d1d4f415a82 in nxt::rt::deck::run_ready_with() at /home/mbrock/nxtui/build/../src-ng/nxt/rt/deck.hpp:200:33
#4  0x00005d1d4f4157d6 in nxt::rt::deck::run_ready() at /home/mbrock/nxtui/build/../src-ng/nxt/rt/deck.hpp:130:23
#5  0x00005d1d4f4abf2e in void nxt::rt::uring_wand::run_until_done<int>(nxt::rt::deck&, nxt::rt::task<int>&) at /home/mbrock/nxtui/build/../src-ng/nxt/rt/uring_wand.hpp:173:28
#6  0x00005d1d4f47fc31 in int nxt::rt::runtime::run<int>(nxt::rt::task<int>) at /home/mbrock/nxtui/build/../src-ng/nxt/rt/app.hpp:141:29
#7  0x00005d1d4f3873ee in main at /home/mbrock/nxtui/build/../src-ng/nxtai/nxtllm.cpp:1272:18
#8  0x000070ce23e2a600 in __libc_start_call_main at ./csu/../sysdeps/nptl/libc_start_call_main.h:59:16
#9  0x000070ce23e2a717 in __libc_start_main_impl at ./csu/../csu/libc-start.c:360:3
#10 0x00005d1d4f364f24 in _start at /home/mbrock/nxtui/build/nxtllm

stdout write #421 bytes 4
  at ../src-ng/nxt/rt/ui_runtime.hpp:434 in nxt::rt::task<void> nxt::rt::ui_runtime::terminal_owner_loop(std::chrono::milliseconds)
  preview "\e7\e8"
Stack trace (most recent call first):
#0  0x00005d1d4f374d47 in write_stdout_all at /home/mbrock/nxtui/build/../src-ng/nxt/rt/ui_runtime.hpp:40:23
#1  0x00005d1d4f4138da in std::__n4861::coroutine_handle<void>::resume() const at /usr/include/c++/15/coroutine:142:50
#2  0x00005d1d4f419574 in nxt::rt::deck::ready_item::resume_if_ready(nxt::rt::deck&) const at /home/mbrock/nxtui/build/../src-ng/nxt/rt/task.hpp:1901:18
#3  0x00005d1d4f415a82 in nxt::rt::deck::run_ready_with() at /home/mbrock/nxtui/build/../src-ng/nxt/rt/deck.hpp:200:33
#4  0x00005d1d4f4157d6 in nxt::rt::deck::run_ready() at /home/mbrock/nxtui/build/../src-ng/nxt/rt/deck.hpp:130:23
#5  0x00005d1d4f4abf2e in void nxt::rt::uring_wand::run_until_done<int>(nxt::rt::deck&, nxt::rt::task<int>&) at /home/mbrock/nxtui/build/../src-ng/nxt/rt/uring_wand.hpp:173:28
#6  0x00005d1d4f47fc31 in int nxt::rt::runtime::run<int>(nxt::rt::task<int>) at /home/mbrock/nxtui/build/../src-ng/nxt/rt/app.hpp:141:29
#7  0x00005d1d4f3873ee in main at /home/mbrock/nxtui/build/../src-ng/nxtai/nxtllm.cpp:1272:18
#8  0x000070ce23e2a600 in __libc_start_call_main at ./csu/../sysdeps/nptl/libc_start_call_main.h:59:16
#9  0x000070ce23e2a717 in __libc_start_main_impl at ./csu/../csu/libc-start.c:360:3
#10 0x00005d1d4f364f24 in _start at /home/mbrock/nxtui/build/nxtllm

stdout write #422 bytes 163
  at ../src-ng/nxt/rt/ui_runtime.hpp:434 in nxt::rt::task<void> nxt::rt::ui_runtime::terminal_owner_loop(std::chrono::milliseconds)
  preview "\e7\e[38;21H\e[48;2;2;6;23m\e[38;2;203;213;225m9\e[38;25H\e[48;2;51;119;120m                19K/s\xe2\x86\x93\e[38;74H\e[48;2;43;45;46m3\e[38;83H\e[48;2;2;6;23m\e[38;2;100;116;139m7\e8"
Stack trace (most recent call first):
#0  0x00005d1d4f374d47 in write_stdout_all at /home/mbrock/nxtui/build/../src-ng/nxt/rt/ui_runtime.hpp:40:23
#1  0x00005d1d4f4138da in std::__n4861::coroutine_handle<void>::resume() const at /usr/include/c++/15/coroutine:142:50
#2  0x00005d1d4f419574 in nxt::rt::deck::ready_item::resume_if_ready(nxt::rt::deck&) const at /home/mbrock/nxtui/build/../src-ng/nxt/rt/task.hpp:1901:18
#3  0x00005d1d4f415a82 in nxt::rt::deck::run_ready_with() at /home/mbrock/nxtui/build/../src-ng/nxt/rt/deck.hpp:200:33
#4  0x00005d1d4f4157d6 in nxt::rt::deck::run_ready() at /home/mbrock/nxtui/build/../src-ng/nxt/rt/deck.hpp:130:23
#5  0x00005d1d4f4abf2e in void nxt::rt::uring_wand::run_until_done<int>(nxt::rt::deck&, nxt::rt::task<int>&) at /home/mbrock/nxtui/build/../src-ng/nxt/rt/uring_wand.hpp:173:28
#6  0x00005d1d4f47fc31 in int nxt::rt::runtime::run<int>(nxt::rt::task<int>) at /home/mbrock/nxtui/build/../src-ng/nxt/rt/app.hpp:141:29
#7  0x00005d1d4f3873ee in main at /home/mbrock/nxtui/build/../src-ng/nxtai/nxtllm.cpp:1272:18
#8  0x000070ce23e2a600 in __libc_start_call_main at ./csu/../sysdeps/nptl/libc_start_call_main.h:59:16
#9  0x000070ce23e2a717 in __libc_start_main_impl at ./csu/../csu/libc-start.c:360:3
#10 0x00005d1d4f364f24 in _start at /home/mbrock/nxtui/build/nxtllm

stdout write #423 bytes 73
  at ../src-ng/nxt/rt/ui_runtime.hpp:434 in nxt::rt::task<void> nxt::rt::ui_runtime::terminal_owner_loop(std::chrono::milliseconds)
  preview "\e7\e[38;25H\e[48;2;50;118;119m\e[38;2;203;213;225m                18K/s\xe2\x86\x93\e8"
Stack trace (most recent call first):
#0  0x00005d1d4f374d47 in write_stdout_all at /home/mbrock/nxtui/build/../src-ng/nxt/rt/ui_runtime.hpp:40:23
#1  0x00005d1d4f4138da in std::__n4861::coroutine_handle<void>::resume() const at /usr/include/c++/15/coroutine:142:50
#2  0x00005d1d4f419574 in nxt::rt::deck::ready_item::resume_if_ready(nxt::rt::deck&) const at /home/mbrock/nxtui/build/../src-ng/nxt/rt/task.hpp:1901:18
#3  0x00005d1d4f415a82 in nxt::rt::deck::run_ready_with() at /home/mbrock/nxtui/build/../src-ng/nxt/rt/deck.hpp:200:33
#4  0x00005d1d4f4157d6 in nxt::rt::deck::run_ready() at /home/mbrock/nxtui/build/../src-ng/nxt/rt/deck.hpp:130:23
#5  0x00005d1d4f4abf2e in void nxt::rt::uring_wand::run_until_done<int>(nxt::rt::deck&, nxt::rt::task<int>&) at /home/mbrock/nxtui/build/../src-ng/nxt/rt/uring_wand.hpp:173:28
#6  0x00005d1d4f47fc31 in int nxt::rt::runtime::run<int>(nxt::rt::task<int>) at /home/mbrock/nxtui/build/../src-ng/nxt/rt/app.hpp:141:29
#7  0x00005d1d4f3873ee in main at /home/mbrock/nxtui/build/../src-ng/nxtai/nxtllm.cpp:1272:18
#8  0x000070ce23e2a600 in __libc_start_call_main at ./csu/../sysdeps/nptl/libc_start_call_main.h:59:16
#9  0x000070ce23e2a717 in __libc_start_main_impl at ./csu/../csu/libc-start.c:360:3
#10 0x00005d1d4f364f24 in _start at /home/mbrock/nxtui/build/nxtllm

stdout write #424 bytes 73
  at ../src-ng/nxt/rt/ui_runtime.hpp:434 in nxt::rt::task<void> nxt::rt::ui_runtime::terminal_owner_loop(std::chrono::milliseconds)
  preview "\e7\e[38;25H\e[48;2;50;117;118m\e[38;2;203;213;225m                18K/s\xe2\x86\x93\e8"
Stack trace (most recent call first):
#0  0x00005d1d4f374d47 in write_stdout_all at /home/mbrock/nxtui/build/../src-ng/nxt/rt/ui_runtime.hpp:40:23
#1  0x00005d1d4f4138da in std::__n4861::coroutine_handle<void>::resume() const at /usr/include/c++/15/coroutine:142:50
#2  0x00005d1d4f419574 in nxt::rt::deck::ready_item::resume_if_ready(nxt::rt::deck&) const at /home/mbrock/nxtui/build/../src-ng/nxt/rt/task.hpp:1901:18
#3  0x00005d1d4f415a82 in nxt::rt::deck::run_ready_with() at /home/mbrock/nxtui/build/../src-ng/nxt/rt/deck.hpp:200:33
#4  0x00005d1d4f4157d6 in nxt::rt::deck::run_ready() at /home/mbrock/nxtui/build/../src-ng/nxt/rt/deck.hpp:130:23
#5  0x00005d1d4f4abf2e in void nxt::rt::uring_wand::run_until_done<int>(nxt::rt::deck&, nxt::rt::task<int>&) at /home/mbrock/nxtui/build/../src-ng/nxt/rt/uring_wand.hpp:173:28
#6  0x00005d1d4f47fc31 in int nxt::rt::runtime::run<int>(nxt::rt::task<int>) at /home/mbrock/nxtui/build/../src-ng/nxt/rt/app.hpp:141:29
#7  0x00005d1d4f3873ee in main at /home/mbrock/nxtui/build/../src-ng/nxtai/nxtllm.cpp:1272:18
#8  0x000070ce23e2a600 in __libc_start_call_main at ./csu/../sysdeps/nptl/libc_start_call_main.h:59:16
#9  0x000070ce23e2a717 in __libc_start_main_impl at ./csu/../csu/libc-start.c:360:3
#10 0x00005d1d4f364f24 in _start at /home/mbrock/nxtui/build/nxtllm

stdout write #425 bytes 73
  at ../src-ng/nxt/rt/ui_runtime.hpp:434 in nxt::rt::task<void> nxt::rt::ui_runtime::terminal_owner_loop(std::chrono::milliseconds)
  preview "\e7\e[38;25H\e[48;2;50;116;117m\e[38;2;203;213;225m                18K/s\xe2\x86\x93\e8"
Stack trace (most recent call first):
#0  0x00005d1d4f374d47 in write_stdout_all at /home/mbrock/nxtui/build/../src-ng/nxt/rt/ui_runtime.hpp:40:23
#1  0x00005d1d4f4138da in std::__n4861::coroutine_handle<void>::resume() const at /usr/include/c++/15/coroutine:142:50
#2  0x00005d1d4f419574 in nxt::rt::deck::ready_item::resume_if_ready(nxt::rt::deck&) const at /home/mbrock/nxtui/build/../src-ng/nxt/rt/task.hpp:1901:18
#3  0x00005d1d4f415a82 in nxt::rt::deck::run_ready_with() at /home/mbrock/nxtui/build/../src-ng/nxt/rt/deck.hpp:200:33
#4  0x00005d1d4f4157d6 in nxt::rt::deck::run_ready() at /home/mbrock/nxtui/build/../src-ng/nxt/rt/deck.hpp:130:23
#5  0x00005d1d4f4abf2e in void nxt::rt::uring_wand::run_until_done<int>(nxt::rt::deck&, nxt::rt::task<int>&) at /home/mbrock/nxtui/build/../src-ng/nxt/rt/uring_wand.hpp:173:28
#6  0x00005d1d4f47fc31 in int nxt::rt::runtime::run<int>(nxt::rt::task<int>) at /home/mbrock/nxtui/build/../src-ng/nxt/rt/app.hpp:141:29
#7  0x00005d1d4f3873ee in main at /home/mbrock/nxtui/build/../src-ng/nxtai/nxtllm.cpp:1272:18
#8  0x000070ce23e2a600 in __libc_start_call_main at ./csu/../sysdeps/nptl/libc_start_call_main.h:59:16
#9  0x000070ce23e2a717 in __libc_start_main_impl at ./csu/../csu/libc-start.c:360:3
#10 0x00005d1d4f364f24 in _start at /home/mbrock/nxtui/build/nxtllm

stdout write #426 bytes 73
  at ../src-ng/nxt/rt/ui_runtime.hpp:434 in nxt::rt::task<void> nxt::rt::ui_runtime::terminal_owner_loop(std::chrono::milliseconds)
  preview "\e7\e[38;25H\e[48;2;49;115;116m\e[38;2;203;213;225m                18K/s\xe2\x86\x93\e8"
Stack trace (most recent call first):
#0  0x00005d1d4f374d47 in write_stdout_all at /home/mbrock/nxtui/build/../src-ng/nxt/rt/ui_runtime.hpp:40:23
#1  0x00005d1d4f4138da in std::__n4861::coroutine_handle<void>::resume() const at /usr/include/c++/15/coroutine:142:50
#2  0x00005d1d4f419574 in nxt::rt::deck::ready_item::resume_if_ready(nxt::rt::deck&) const at /home/mbrock/nxtui/build/../src-ng/nxt/rt/task.hpp:1901:18
#3  0x00005d1d4f415a82 in nxt::rt::deck::run_ready_with() at /home/mbrock/nxtui/build/../src-ng/nxt/rt/deck.hpp:200:33
#4  0x00005d1d4f4157d6 in nxt::rt::deck::run_ready() at /home/mbrock/nxtui/build/../src-ng/nxt/rt/deck.hpp:130:23
#5  0x00005d1d4f4abf2e in void nxt::rt::uring_wand::run_until_done<int>(nxt::rt::deck&, nxt::rt::task<int>&) at /home/mbrock/nxtui/build/../src-ng/nxt/rt/uring_wand.hpp:173:28
#6  0x00005d1d4f47fc31 in int nxt::rt::runtime::run<int>(nxt::rt::task<int>) at /home/mbrock/nxtui/build/../src-ng/nxt/rt/app.hpp:141:29
#7  0x00005d1d4f3873ee in main at /home/mbrock/nxtui/build/../src-ng/nxtai/nxtllm.cpp:1272:18
#8  0x000070ce23e2a600 in __libc_start_call_main at ./csu/../sysdeps/nptl/libc_start_call_main.h:59:16
#9  0x000070ce23e2a717 in __libc_start_main_impl at ./csu/../csu/libc-start.c:360:3
#10 0x00005d1d4f364f24 in _start at /home/mbrock/nxtui/build/nxtllm

stdout write #427 bytes 98
  at ../src-ng/nxt/rt/ui_runtime.hpp:434 in nxt::rt::task<void> nxt::rt::ui_runtime::terminal_owner_loop(std::chrono::milliseconds)
  preview "\e7\e[38;25H\e[48;2;49;114;115m\e[38;2;203;213;225m                17K/s\xe2\x86\x93\e[38;74H\e[48;2;43;45;46m2\e8"
Stack trace (most recent call first):
#0  0x00005d1d4f374d47 in write_stdout_all at /home/mbrock/nxtui/build/../src-ng/nxt/rt/ui_runtime.hpp:40:23
#1  0x00005d1d4f4138da in std::__n4861::coroutine_handle<void>::resume() const at /usr/include/c++/15/coroutine:142:50
#2  0x00005d1d4f419574 in nxt::rt::deck::ready_item::resume_if_ready(nxt::rt::deck&) const at /home/mbrock/nxtui/build/../src-ng/nxt/rt/task.hpp:1901:18
#3  0x00005d1d4f415a82 in nxt::rt::deck::run_ready_with() at /home/mbrock/nxtui/build/../src-ng/nxt/rt/deck.hpp:200:33
#4  0x00005d1d4f4157d6 in nxt::rt::deck::run_ready() at /home/mbrock/nxtui/build/../src-ng/nxt/rt/deck.hpp:130:23
#5  0x00005d1d4f4abf2e in void nxt::rt::uring_wand::run_until_done<int>(nxt::rt::deck&, nxt::rt::task<int>&) at /home/mbrock/nxtui/build/../src-ng/nxt/rt/uring_wand.hpp:173:28
#6  0x00005d1d4f47fc31 in int nxt::rt::runtime::run<int>(nxt::rt::task<int>) at /home/mbrock/nxtui/build/../src-ng/nxt/rt/app.hpp:141:29
#7  0x00005d1d4f3873ee in main at /home/mbrock/nxtui/build/../src-ng/nxtai/nxtllm.cpp:1272:18
#8  0x000070ce23e2a600 in __libc_start_call_main at ./csu/../sysdeps/nptl/libc_start_call_main.h:59:16
#9  0x000070ce23e2a717 in __libc_start_main_impl at ./csu/../csu/libc-start.c:360:3
#10 0x00005d1d4f364f24 in _start at /home/mbrock/nxtui/build/nxtllm

stdout write #428 bytes 73
  at ../src-ng/nxt/rt/ui_runtime.hpp:434 in nxt::rt::task<void> nxt::rt::ui_runtime::terminal_owner_loop(std::chrono::milliseconds)
  preview "\e7\e[38;25H\e[48;2;48;113;114m\e[38;2;203;213;225m                17K/s\xe2\x86\x93\e8"
Stack trace (most recent call first):
#0  0x00005d1d4f374d47 in write_stdout_all at /home/mbrock/nxtui/build/../src-ng/nxt/rt/ui_runtime.hpp:40:23
#1  0x00005d1d4f4138da in std::__n4861::coroutine_handle<void>::resume() const at /usr/include/c++/15/coroutine:142:50
#2  0x00005d1d4f419574 in nxt::rt::deck::ready_item::resume_if_ready(nxt::rt::deck&) const at /home/mbrock/nxtui/build/../src-ng/nxt/rt/task.hpp:1901:18
#3  0x00005d1d4f415a82 in nxt::rt::deck::run_ready_with() at /home/mbrock/nxtui/build/../src-ng/nxt/rt/deck.hpp:200:33
#4  0x00005d1d4f4157d6 in nxt::rt::deck::run_ready() at /home/mbrock/nxtui/build/../src-ng/nxt/rt/deck.hpp:130:23
#5  0x00005d1d4f4abf2e in void nxt::rt::uring_wand::run_until_done<int>(nxt::rt::deck&, nxt::rt::task<int>&) at /home/mbrock/nxtui/build/../src-ng/nxt/rt/uring_wand.hpp:173:28
#6  0x00005d1d4f47fc31 in int nxt::rt::runtime::run<int>(nxt::rt::task<int>) at /home/mbrock/nxtui/build/../src-ng/nxt/rt/app.hpp:141:29
#7  0x00005d1d4f3873ee in main at /home/mbrock/nxtui/build/../src-ng/nxtai/nxtllm.cpp:1272:18
#8  0x000070ce23e2a600 in __libc_start_call_main at ./csu/../sysdeps/nptl/libc_start_call_main.h:59:16
#9  0x000070ce23e2a717 in __libc_start_main_impl at ./csu/../csu/libc-start.c:360:3
#10 0x00005d1d4f364f24 in _start at /home/mbrock/nxtui/build/nxtllm

stdout write #429 bytes 4
  at ../src-ng/nxt/rt/ui_runtime.hpp:434 in nxt::rt::task<void> nxt::rt::ui_runtime::terminal_owner_loop(std::chrono::milliseconds)
  preview "\e7\e8"
Stack trace (most recent call first):
#0  0x00005d1d4f374d47 in write_stdout_all at /home/mbrock/nxtui/build/../src-ng/nxt/rt/ui_runtime.hpp:40:23
#1  0x00005d1d4f4138da in std::__n4861::coroutine_handle<void>::resume() const at /usr/include/c++/15/coroutine:142:50
#2  0x00005d1d4f419574 in nxt::rt::deck::ready_item::resume_if_ready(nxt::rt::deck&) const at /home/mbrock/nxtui/build/../src-ng/nxt/rt/task.hpp:1901:18
#3  0x00005d1d4f415a82 in nxt::rt::deck::run_ready_with() at /home/mbrock/nxtui/build/../src-ng/nxt/rt/deck.hpp:200:33
#4  0x00005d1d4f4157d6 in nxt::rt::deck::run_ready() at /home/mbrock/nxtui/build/../src-ng/nxt/rt/deck.hpp:130:23
#5  0x00005d1d4f4abf2e in void nxt::rt::uring_wand::run_until_done<int>(nxt::rt::deck&, nxt::rt::task<int>&) at /home/mbrock/nxtui/build/../src-ng/nxt/rt/uring_wand.hpp:173:28
#6  0x00005d1d4f47fc31 in int nxt::rt::runtime::run<int>(nxt::rt::task<int>) at /home/mbrock/nxtui/build/../src-ng/nxt/rt/app.hpp:141:29
#7  0x00005d1d4f3873ee in main at /home/mbrock/nxtui/build/../src-ng/nxtai/nxtllm.cpp:1272:18
#8  0x000070ce23e2a600 in __libc_start_call_main at ./csu/../sysdeps/nptl/libc_start_call_main.h:59:16
#9  0x000070ce23e2a717 in __libc_start_main_impl at ./csu/../csu/libc-start.c:360:3
#10 0x00005d1d4f364f24 in _start at /home/mbrock/nxtui/build/nxtllm

stdout write #430 bytes 1179
  at ../src-ng/nxt/rt/ui_runtime.hpp:434 in nxt::rt::task<void> nxt::rt::ui_runtime::terminal_owner_loop(std::chrono::milliseconds)
  preview "\e[0m\e[3S\e[3A\e7\e[1;33r\e8\e7\e[34;1H\e[2K\e[35;1H\e[2K\e[36;1H\e[2K\e[37;1H\e[2K\e[38;1H\e[2K\e8\e7\e[34;1H\e[48;2;252;211;77m\e[38;2;2;6;23m\e[1m nxtllm \e[34;9H\e[0m\e[38;2;2;6;23m\e[48;2;252;211;77m\e[48;2;15;23;42m\e[38;2;148;163;184mgpt-5.4-nano  running 1 tool call(s)                                                        \e[35;1H\e[48;2;2;6;23m\e[38;2;203;213;225m \e[35;2H\e[48;2;15;23;42m\e[38;2;253;230;138m\e[1m$ set -euo pipefail; for i in {1..5}; do echo "stdout-line-$i"; sleep 0.2; done                    \e[36;1H\e[0m\e[38;2;253;230;138m\e[48;2;15;23;42m\e[48;2;2;6;23m\e[38;2;203;213;225m \e[36;2H\e[38;2;100;116;139m running                                                                                           \e[37;1H\e[38;2;203;213;225m waiting for process output                                                                         \e[38;1H \e[38;2H\e[38;2;94;234;212m\e[1mstreaming SSE \e[38;16H\e[0m\e[38;2;94;234;212m\e[48;2;2;6;23m\e[38;2;203;213;225m    49K\xe2\x86\x93 \e[38;25H\e[48;2;48;113;114m                17K/s\xe2\x86\x93\e[38;47H\e[48;2;2;6;23m   2.0K\xe2\x86\x91 \e[38;56H\e[48;2;43;45;46m                 12/s\xe2\x86\x91\e[38;78H\e[48;2;2;6;23m \e[38;79H\e[38;2;100;116;139m #137\e[38;84H\e[38;2;203;213;225m                 \e8"
Stack trace (most recent call first):
#0  0x00005d1d4f374d47 in write_stdout_all at /home/mbrock/nxtui/build/../src-ng/nxt/rt/ui_runtime.hpp:40:23
#1  0x00005d1d4f4138da in std::__n4861::coroutine_handle<void>::resume() const at /usr/include/c++/15/coroutine:142:50
#2  0x00005d1d4f419574 in nxt::rt::deck::ready_item::resume_if_ready(nxt::rt::deck&) const at /home/mbrock/nxtui/build/../src-ng/nxt/rt/task.hpp:1901:18
#3  0x00005d1d4f415a82 in nxt::rt::deck::run_ready_with() at /home/mbrock/nxtui/build/../src-ng/nxt/rt/deck.hpp:200:33
#4  0x00005d1d4f4157d6 in nxt::rt::deck::run_ready() at /home/mbrock/nxtui/build/../src-ng/nxt/rt/deck.hpp:130:23
#5  0x00005d1d4f4abf2e in void nxt::rt::uring_wand::run_until_done<int>(nxt::rt::deck&, nxt::rt::task<int>&) at /home/mbrock/nxtui/build/../src-ng/nxt/rt/uring_wand.hpp:173:28
#6  0x00005d1d4f47fc31 in int nxt::rt::runtime::run<int>(nxt::rt::task<int>) at /home/mbrock/nxtui/build/../src-ng/nxt/rt/app.hpp:141:29
#7  0x00005d1d4f3873ee in main at /home/mbrock/nxtui/build/../src-ng/nxtai/nxtllm.cpp:1272:18
#8  0x000070ce23e2a600 in __libc_start_call_main at ./csu/../sysdeps/nptl/libc_start_call_main.h:59:16
#9  0x000070ce23e2a717 in __libc_start_main_impl at ./csu/../csu/libc-start.c:360:3
#10 0x00005d1d4f364f24 in _start at /home/mbrock/nxtui/build/nxtllm

stdout write #431 bytes 966
  at ../src-ng/nxt/rt/ui_runtime.hpp:434 in nxt::rt::task<void> nxt::rt::ui_runtime::terminal_owner_loop(std::chrono::milliseconds)
  preview "\e[0m\e7\e[1;34r\e8\e7\e[35;1H\e[2K\e[36;1H\e[2K\e[37;1H\e[2K\e[38;1H\e[2K\e8\e7\e[35;1H\e[48;2;2;6;23m\e[38;2;203;213;225m \e[35;2H\e[48;2;15;23;42m\e[38;2;253;230;138m\e[1m$ set -euo pipefail; for i in {1..5}; do echo "stdout-line-$i"; sleep 0.2; done               \e[35;96H\e[0m\e[38;2;253;230;138m\e[48;2;15;23;42m\e[38;2;100;116;139m 0ms \e[36;1H\e[48;2;2;6;23m\e[38;2;203;213;225m \e[36;2H\e[38;2;100;116;139m running                                                                                           \e[37;1H\e[38;2;203;213;225m waiting for process output                                                                         \e[38;1H \e[38;2H\e[38;2;94;234;212m\e[1mstreaming SSE \e[38;16H\e[0m\e[38;2;94;234;212m\e[48;2;2;6;23m\e[38;2;203;213;225m    49K\xe2\x86\x93 \e[38;25H\e[48;2;48;113;114m                17K/s\xe2\x86\x93\e[38;47H\e[48;2;2;6;23m   2.0K\xe2\x86\x91 \e[38;56H\e[48;2;43;45;46m                 12/s\xe2\x86\x91\e[38;78H\e[48;2;2;6;23m \e[38;79H\e[38;2;100;116;139m #137\e[38;84H\e[38;2;203;213;225m                 \e8"
Stack trace (most recent call first):
#0  0x00005d1d4f374d47 in write_stdout_all at /home/mbrock/nxtui/build/../src-ng/nxt/rt/ui_runtime.hpp:40:23
#1  0x00005d1d4f4138da in std::__n4861::coroutine_handle<void>::resume() const at /usr/include/c++/15/coroutine:142:50
#2  0x00005d1d4f419574 in nxt::rt::deck::ready_item::resume_if_ready(nxt::rt::deck&) const at /home/mbrock/nxtui/build/../src-ng/nxt/rt/task.hpp:1901:18
#3  0x00005d1d4f415a82 in nxt::rt::deck::run_ready_with() at /home/mbrock/nxtui/build/../src-ng/nxt/rt/deck.hpp:200:33
#4  0x00005d1d4f4157d6 in nxt::rt::deck::run_ready() at /home/mbrock/nxtui/build/../src-ng/nxt/rt/deck.hpp:130:23
#5  0x00005d1d4f4abf2e in void nxt::rt::uring_wand::run_until_done<int>(nxt::rt::deck&, nxt::rt::task<int>&) at /home/mbrock/nxtui/build/../src-ng/nxt/rt/uring_wand.hpp:173:28
#6  0x00005d1d4f47fc31 in int nxt::rt::runtime::run<int>(nxt::rt::task<int>) at /home/mbrock/nxtui/build/../src-ng/nxt/rt/app.hpp:141:29
#7  0x00005d1d4f3873ee in main at /home/mbrock/nxtui/build/../src-ng/nxtai/nxtllm.cpp:1272:18
#8  0x000070ce23e2a600 in __libc_start_call_main at ./csu/../sysdeps/nptl/libc_start_call_main.h:59:16
#9  0x000070ce23e2a717 in __libc_start_main_impl at ./csu/../csu/libc-start.c:360:3
#10 0x00005d1d4f364f24 in _start at /home/mbrock/nxtui/build/nxtllm

stdout write #432 bytes 139
  at ../src-ng/nxt/rt/ui_runtime.hpp:434 in nxt::rt::task<void> nxt::rt::ui_runtime::terminal_owner_loop(std::chrono::milliseconds)
  preview "\e7\e[38;20H\e[48;2;2;6;23m\e[38;2;203;213;225m52\e[38;25H\e[48;2;52;123;123m                20K/s\xe2\x86\x93\e[38;83H\e[48;2;2;6;23m\e[38;2;100;116;139m8\e8"
Stack trace (most recent call first):
#0  0x00005d1d4f374d47 in write_stdout_all at /home/mbrock/nxtui/build/../src-ng/nxt/rt/ui_runtime.hpp:40:23
#1  0x00005d1d4f4138da in std::__n4861::coroutine_handle<void>::resume() const at /usr/include/c++/15/coroutine:142:50
#2  0x00005d1d4f419574 in nxt::rt::deck::ready_item::resume_if_ready(nxt::rt::deck&) const at /home/mbrock/nxtui/build/../src-ng/nxt/rt/task.hpp:1901:18
#3  0x00005d1d4f415a82 in nxt::rt::deck::run_ready_with() at /home/mbrock/nxtui/build/../src-ng/nxt/rt/deck.hpp:200:33
#4  0x00005d1d4f4157d6 in nxt::rt::deck::run_ready() at /home/mbrock/nxtui/build/../src-ng/nxt/rt/deck.hpp:130:23
#5  0x00005d1d4f4abf2e in void nxt::rt::uring_wand::run_until_done<int>(nxt::rt::deck&, nxt::rt::task<int>&) at /home/mbrock/nxtui/build/../src-ng/nxt/rt/uring_wand.hpp:173:28
#6  0x00005d1d4f47fc31 in int nxt::rt::runtime::run<int>(nxt::rt::task<int>) at /home/mbrock/nxtui/build/../src-ng/nxt/rt/app.hpp:141:29
#7  0x00005d1d4f3873ee in main at /home/mbrock/nxtui/build/../src-ng/nxtai/nxtllm.cpp:1272:18
#8  0x000070ce23e2a600 in __libc_start_call_main at ./csu/../sysdeps/nptl/libc_start_call_main.h:59:16
#9  0x000070ce23e2a717 in __libc_start_main_impl at ./csu/../csu/libc-start.c:360:3
#10 0x00005d1d4f364f24 in _start at /home/mbrock/nxtui/build/nxtllm

stdout write #433 bytes 50
  at ../src-ng/nxt/rt/ui_runtime.hpp:434 in nxt::rt::task<void> nxt::rt::ui_runtime::terminal_owner_loop(std::chrono::milliseconds)
  preview "\e7\e[35;95H\e[48;2;15;23;42m\e[38;2;100;116;139m 16\e8"
Stack trace (most recent call first):
#0  0x00005d1d4f374d47 in write_stdout_all at /home/mbrock/nxtui/build/../src-ng/nxt/rt/ui_runtime.hpp:40:23
#1  0x00005d1d4f4138da in std::__n4861::coroutine_handle<void>::resume() const at /usr/include/c++/15/coroutine:142:50
#2  0x00005d1d4f419574 in nxt::rt::deck::ready_item::resume_if_ready(nxt::rt::deck&) const at /home/mbrock/nxtui/build/../src-ng/nxt/rt/task.hpp:1901:18
#3  0x00005d1d4f415a82 in nxt::rt::deck::run_ready_with() at /home/mbrock/nxtui/build/../src-ng/nxt/rt/deck.hpp:200:33
#4  0x00005d1d4f4157d6 in nxt::rt::deck::run_ready() at /home/mbrock/nxtui/build/../src-ng/nxt/rt/deck.hpp:130:23
#5  0x00005d1d4f4abf2e in void nxt::rt::uring_wand::run_until_done<int>(nxt::rt::deck&, nxt::rt::task<int>&) at /home/mbrock/nxtui/build/../src-ng/nxt/rt/uring_wand.hpp:173:28
#6  0x00005d1d4f47fc31 in int nxt::rt::runtime::run<int>(nxt::rt::task<int>) at /home/mbrock/nxtui/build/../src-ng/nxt/rt/app.hpp:141:29
#7  0x00005d1d4f3873ee in main at /home/mbrock/nxtui/build/../src-ng/nxtai/nxtllm.cpp:1272:18
#8  0x000070ce23e2a600 in __libc_start_call_main at ./csu/../sysdeps/nptl/libc_start_call_main.h:59:16
#9  0x000070ce23e2a717 in __libc_start_main_impl at ./csu/../csu/libc-start.c:360:3
#10 0x00005d1d4f364f24 in _start at /home/mbrock/nxtui/build/nxtllm

stdout write #434 bytes 73
  at ../src-ng/nxt/rt/ui_runtime.hpp:434 in nxt::rt::task<void> nxt::rt::ui_runtime::terminal_owner_loop(std::chrono::milliseconds)
  preview "\e7\e[38;25H\e[48;2;52;122;122m\e[38;2;203;213;225m                19K/s\xe2\x86\x93\e8"
Stack trace (most recent call first):
#0  0x00005d1d4f374d47 in write_stdout_all at /home/mbrock/nxtui/build/../src-ng/nxt/rt/ui_runtime.hpp:40:23
#1  0x00005d1d4f4138da in std::__n4861::coroutine_handle<void>::resume() const at /usr/include/c++/15/coroutine:142:50
#2  0x00005d1d4f419574 in nxt::rt::deck::ready_item::resume_if_ready(nxt::rt::deck&) const at /home/mbrock/nxtui/build/../src-ng/nxt/rt/task.hpp:1901:18
#3  0x00005d1d4f415a82 in nxt::rt::deck::run_ready_with() at /home/mbrock/nxtui/build/../src-ng/nxt/rt/deck.hpp:200:33
#4  0x00005d1d4f4157d6 in nxt::rt::deck::run_ready() at /home/mbrock/nxtui/build/../src-ng/nxt/rt/deck.hpp:130:23
#5  0x00005d1d4f4abf2e in void nxt::rt::uring_wand::run_until_done<int>(nxt::rt::deck&, nxt::rt::task<int>&) at /home/mbrock/nxtui/build/../src-ng/nxt/rt/uring_wand.hpp:173:28
#6  0x00005d1d4f47fc31 in int nxt::rt::runtime::run<int>(nxt::rt::task<int>) at /home/mbrock/nxtui/build/../src-ng/nxt/rt/app.hpp:141:29
#7  0x00005d1d4f3873ee in main at /home/mbrock/nxtui/build/../src-ng/nxtai/nxtllm.cpp:1272:18
#8  0x000070ce23e2a600 in __libc_start_call_main at ./csu/../sysdeps/nptl/libc_start_call_main.h:59:16
#9  0x000070ce23e2a717 in __libc_start_main_impl at ./csu/../csu/libc-start.c:360:3
#10 0x00005d1d4f364f24 in _start at /home/mbrock/nxtui/build/nxtllm

stdout write #435 bytes 49
  at ../src-ng/nxt/rt/ui_runtime.hpp:434 in nxt::rt::task<void> nxt::rt::ui_runtime::terminal_owner_loop(std::chrono::milliseconds)
  preview "\e7\e[35;96H\e[48;2;15;23;42m\e[38;2;100;116;139m32\e8"
Stack trace (most recent call first):
#0  0x00005d1d4f374d47 in write_stdout_all at /home/mbrock/nxtui/build/../src-ng/nxt/rt/ui_runtime.hpp:40:23
#1  0x00005d1d4f4138da in std::__n4861::coroutine_handle<void>::resume() const at /usr/include/c++/15/coroutine:142:50
#2  0x00005d1d4f419574 in nxt::rt::deck::ready_item::resume_if_ready(nxt::rt::deck&) const at /home/mbrock/nxtui/build/../src-ng/nxt/rt/task.hpp:1901:18
#3  0x00005d1d4f415a82 in nxt::rt::deck::run_ready_with() at /home/mbrock/nxtui/build/../src-ng/nxt/rt/deck.hpp:200:33
#4  0x00005d1d4f4157d6 in nxt::rt::deck::run_ready() at /home/mbrock/nxtui/build/../src-ng/nxt/rt/deck.hpp:130:23
#5  0x00005d1d4f4abf2e in void nxt::rt::uring_wand::run_until_done<int>(nxt::rt::deck&, nxt::rt::task<int>&) at /home/mbrock/nxtui/build/../src-ng/nxt/rt/uring_wand.hpp:173:28
#6  0x00005d1d4f47fc31 in int nxt::rt::runtime::run<int>(nxt::rt::task<int>) at /home/mbrock/nxtui/build/../src-ng/nxt/rt/app.hpp:141:29
#7  0x00005d1d4f3873ee in main at /home/mbrock/nxtui/build/../src-ng/nxtai/nxtllm.cpp:1272:18
#8  0x000070ce23e2a600 in __libc_start_call_main at ./csu/../sysdeps/nptl/libc_start_call_main.h:59:16
#9  0x000070ce23e2a717 in __libc_start_main_impl at ./csu/../csu/libc-start.c:360:3
#10 0x00005d1d4f364f24 in _start at /home/mbrock/nxtui/build/nxtllm

stdout write #436 bytes 73
  at ../src-ng/nxt/rt/ui_runtime.hpp:434 in nxt::rt::task<void> nxt::rt::ui_runtime::terminal_owner_loop(std::chrono::milliseconds)
  preview "\e7\e[38;25H\e[48;2;51;121;121m\e[38;2;203;213;225m                19K/s\xe2\x86\x93\e8"
Stack trace (most recent call first):
#0  0x00005d1d4f374d47 in write_stdout_all at /home/mbrock/nxtui/build/../src-ng/nxt/rt/ui_runtime.hpp:40:23
#1  0x00005d1d4f4138da in std::__n4861::coroutine_handle<void>::resume() const at /usr/include/c++/15/coroutine:142:50
#2  0x00005d1d4f419574 in nxt::rt::deck::ready_item::resume_if_ready(nxt::rt::deck&) const at /home/mbrock/nxtui/build/../src-ng/nxt/rt/task.hpp:1901:18
#3  0x00005d1d4f415a82 in nxt::rt::deck::run_ready_with() at /home/mbrock/nxtui/build/../src-ng/nxt/rt/deck.hpp:200:33
#4  0x00005d1d4f4157d6 in nxt::rt::deck::run_ready() at /home/mbrock/nxtui/build/../src-ng/nxt/rt/deck.hpp:130:23
#5  0x00005d1d4f4abf2e in void nxt::rt::uring_wand::run_until_done<int>(nxt::rt::deck&, nxt::rt::task<int>&) at /home/mbrock/nxtui/build/../src-ng/nxt/rt/uring_wand.hpp:173:28
#6  0x00005d1d4f47fc31 in int nxt::rt::runtime::run<int>(nxt::rt::task<int>) at /home/mbrock/nxtui/build/../src-ng/nxt/rt/app.hpp:141:29
#7  0x00005d1d4f3873ee in main at /home/mbrock/nxtui/build/../src-ng/nxtai/nxtllm.cpp:1272:18
#8  0x000070ce23e2a600 in __libc_start_call_main at ./csu/../sysdeps/nptl/libc_start_call_main.h:59:16
#9  0x000070ce23e2a717 in __libc_start_main_impl at ./csu/../csu/libc-start.c:360:3
#10 0x00005d1d4f364f24 in _start at /home/mbrock/nxtui/build/nxtllm

stdout write #437 bytes 49
  at ../src-ng/nxt/rt/ui_runtime.hpp:434 in nxt::rt::task<void> nxt::rt::ui_runtime::terminal_owner_loop(std::chrono::milliseconds)
  preview "\e7\e[35;96H\e[48;2;15;23;42m\e[38;2;100;116;139m48\e8"
Stack trace (most recent call first):
#0  0x00005d1d4f374d47 in write_stdout_all at /home/mbrock/nxtui/build/../src-ng/nxt/rt/ui_runtime.hpp:40:23
#1  0x00005d1d4f4138da in std::__n4861::coroutine_handle<void>::resume() const at /usr/include/c++/15/coroutine:142:50
#2  0x00005d1d4f419574 in nxt::rt::deck::ready_item::resume_if_ready(nxt::rt::deck&) const at /home/mbrock/nxtui/build/../src-ng/nxt/rt/task.hpp:1901:18
#3  0x00005d1d4f415a82 in nxt::rt::deck::run_ready_with() at /home/mbrock/nxtui/build/../src-ng/nxt/rt/deck.hpp:200:33
#4  0x00005d1d4f4157d6 in nxt::rt::deck::run_ready() at /home/mbrock/nxtui/build/../src-ng/nxt/rt/deck.hpp:130:23
#5  0x00005d1d4f4abf2e in void nxt::rt::uring_wand::run_until_done<int>(nxt::rt::deck&, nxt::rt::task<int>&) at /home/mbrock/nxtui/build/../src-ng/nxt/rt/uring_wand.hpp:173:28
#6  0x00005d1d4f47fc31 in int nxt::rt::runtime::run<int>(nxt::rt::task<int>) at /home/mbrock/nxtui/build/../src-ng/nxt/rt/app.hpp:141:29
#7  0x00005d1d4f3873ee in main at /home/mbrock/nxtui/build/../src-ng/nxtai/nxtllm.cpp:1272:18
#8  0x000070ce23e2a600 in __libc_start_call_main at ./csu/../sysdeps/nptl/libc_start_call_main.h:59:16
#9  0x000070ce23e2a717 in __libc_start_main_impl at ./csu/../csu/libc-start.c:360:3
#10 0x00005d1d4f364f24 in _start at /home/mbrock/nxtui/build/nxtllm

stdout write #438 bytes 98
  at ../src-ng/nxt/rt/ui_runtime.hpp:434 in nxt::rt::task<void> nxt::rt::ui_runtime::terminal_owner_loop(std::chrono::milliseconds)
  preview "\e7\e[38;25H\e[48;2;51;120;120m\e[38;2;203;213;225m                19K/s\xe2\x86\x93\e[38;74H\e[48;2;43;45;46m1\e8"
Stack trace (most recent call first):
#0  0x00005d1d4f374d47 in write_stdout_all at /home/mbrock/nxtui/build/../src-ng/nxt/rt/ui_runtime.hpp:40:23
#1  0x00005d1d4f4138da in std::__n4861::coroutine_handle<void>::resume() const at /usr/include/c++/15/coroutine:142:50
#2  0x00005d1d4f419574 in nxt::rt::deck::ready_item::resume_if_ready(nxt::rt::deck&) const at /home/mbrock/nxtui/build/../src-ng/nxt/rt/task.hpp:1901:18
#3  0x00005d1d4f415a82 in nxt::rt::deck::run_ready_with() at /home/mbrock/nxtui/build/../src-ng/nxt/rt/deck.hpp:200:33
#4  0x00005d1d4f4157d6 in nxt::rt::deck::run_ready() at /home/mbrock/nxtui/build/../src-ng/nxt/rt/deck.hpp:130:23
#5  0x00005d1d4f4abf2e in void nxt::rt::uring_wand::run_until_done<int>(nxt::rt::deck&, nxt::rt::task<int>&) at /home/mbrock/nxtui/build/../src-ng/nxt/rt/uring_wand.hpp:173:28
#6  0x00005d1d4f47fc31 in int nxt::rt::runtime::run<int>(nxt::rt::task<int>) at /home/mbrock/nxtui/build/../src-ng/nxt/rt/app.hpp:141:29
#7  0x00005d1d4f3873ee in main at /home/mbrock/nxtui/build/../src-ng/nxtai/nxtllm.cpp:1272:18
#8  0x000070ce23e2a600 in __libc_start_call_main at ./csu/../sysdeps/nptl/libc_start_call_main.h:59:16
#9  0x000070ce23e2a717 in __libc_start_main_impl at ./csu/../csu/libc-start.c:360:3
#10 0x00005d1d4f364f24 in _start at /home/mbrock/nxtui/build/nxtllm

stdout write #439 bytes 49
  at ../src-ng/nxt/rt/ui_runtime.hpp:434 in nxt::rt::task<void> nxt::rt::ui_runtime::terminal_owner_loop(std::chrono::milliseconds)
  preview "\e7\e[35;96H\e[48;2;15;23;42m\e[38;2;100;116;139m64\e8"
Stack trace (most recent call first):
#0  0x00005d1d4f374d47 in write_stdout_all at /home/mbrock/nxtui/build/../src-ng/nxt/rt/ui_runtime.hpp:40:23
#1  0x00005d1d4f4138da in std::__n4861::coroutine_handle<void>::resume() const at /usr/include/c++/15/coroutine:142:50
#2  0x00005d1d4f419574 in nxt::rt::deck::ready_item::resume_if_ready(nxt::rt::deck&) const at /home/mbrock/nxtui/build/../src-ng/nxt/rt/task.hpp:1901:18
#3  0x00005d1d4f415a82 in nxt::rt::deck::run_ready_with() at /home/mbrock/nxtui/build/../src-ng/nxt/rt/deck.hpp:200:33
#4  0x00005d1d4f4157d6 in nxt::rt::deck::run_ready() at /home/mbrock/nxtui/build/../src-ng/nxt/rt/deck.hpp:130:23
#5  0x00005d1d4f4abf2e in void nxt::rt::uring_wand::run_until_done<int>(nxt::rt::deck&, nxt::rt::task<int>&) at /home/mbrock/nxtui/build/../src-ng/nxt/rt/uring_wand.hpp:173:28
#6  0x00005d1d4f47fc31 in int nxt::rt::runtime::run<int>(nxt::rt::task<int>) at /home/mbrock/nxtui/build/../src-ng/nxt/rt/app.hpp:141:29
#7  0x00005d1d4f3873ee in main at /home/mbrock/nxtui/build/../src-ng/nxtai/nxtllm.cpp:1272:18
#8  0x000070ce23e2a600 in __libc_start_call_main at ./csu/../sysdeps/nptl/libc_start_call_main.h:59:16
#9  0x000070ce23e2a717 in __libc_start_main_impl at ./csu/../csu/libc-start.c:360:3
#10 0x00005d1d4f364f24 in _start at /home/mbrock/nxtui/build/nxtllm

stdout write #440 bytes 73
  at ../src-ng/nxt/rt/ui_runtime.hpp:434 in nxt::rt::task<void> nxt::rt::ui_runtime::terminal_owner_loop(std::chrono::milliseconds)
  preview "\e7\e[38;25H\e[48;2;50;119;119m\e[38;2;203;213;225m                19K/s\xe2\x86\x93\e8"
Stack trace (most recent call first):
#0  0x00005d1d4f374d47 in write_stdout_all at /home/mbrock/nxtui/build/../src-ng/nxt/rt/ui_runtime.hpp:40:23
#1  0x00005d1d4f4138da in std::__n4861::coroutine_handle<void>::resume() const at /usr/include/c++/15/coroutine:142:50
#2  0x00005d1d4f419574 in nxt::rt::deck::ready_item::resume_if_ready(nxt::rt::deck&) const at /home/mbrock/nxtui/build/../src-ng/nxt/rt/task.hpp:1901:18
#3  0x00005d1d4f415a82 in nxt::rt::deck::run_ready_with() at /home/mbrock/nxtui/build/../src-ng/nxt/rt/deck.hpp:200:33
#4  0x00005d1d4f4157d6 in nxt::rt::deck::run_ready() at /home/mbrock/nxtui/build/../src-ng/nxt/rt/deck.hpp:130:23
#5  0x00005d1d4f4abf2e in void nxt::rt::uring_wand::run_until_done<int>(nxt::rt::deck&, nxt::rt::task<int>&) at /home/mbrock/nxtui/build/../src-ng/nxt/rt/uring_wand.hpp:173:28
#6  0x00005d1d4f47fc31 in int nxt::rt::runtime::run<int>(nxt::rt::task<int>) at /home/mbrock/nxtui/build/../src-ng/nxt/rt/app.hpp:141:29
#7  0x00005d1d4f3873ee in main at /home/mbrock/nxtui/build/../src-ng/nxtai/nxtllm.cpp:1272:18
#8  0x000070ce23e2a600 in __libc_start_call_main at ./csu/../sysdeps/nptl/libc_start_call_main.h:59:16
#9  0x000070ce23e2a717 in __libc_start_main_impl at ./csu/../csu/libc-start.c:360:3
#10 0x00005d1d4f364f24 in _start at /home/mbrock/nxtui/build/nxtllm

stdout write #441 bytes 49
  at ../src-ng/nxt/rt/ui_runtime.hpp:434 in nxt::rt::task<void> nxt::rt::ui_runtime::terminal_owner_loop(std::chrono::milliseconds)
  preview "\e7\e[35;96H\e[48;2;15;23;42m\e[38;2;100;116;139m80\e8"
Stack trace (most recent call first):
#0  0x00005d1d4f374d47 in write_stdout_all at /home/mbrock/nxtui/build/../src-ng/nxt/rt/ui_runtime.hpp:40:23
#1  0x00005d1d4f4138da in std::__n4861::coroutine_handle<void>::resume() const at /usr/include/c++/15/coroutine:142:50
#2  0x00005d1d4f419574 in nxt::rt::deck::ready_item::resume_if_ready(nxt::rt::deck&) const at /home/mbrock/nxtui/build/../src-ng/nxt/rt/task.hpp:1901:18
#3  0x00005d1d4f415a82 in nxt::rt::deck::run_ready_with() at /home/mbrock/nxtui/build/../src-ng/nxt/rt/deck.hpp:200:33
#4  0x00005d1d4f4157d6 in nxt::rt::deck::run_ready() at /home/mbrock/nxtui/build/../src-ng/nxt/rt/deck.hpp:130:23
#5  0x00005d1d4f4abf2e in void nxt::rt::uring_wand::run_until_done<int>(nxt::rt::deck&, nxt::rt::task<int>&) at /home/mbrock/nxtui/build/../src-ng/nxt/rt/uring_wand.hpp:173:28
#6  0x00005d1d4f47fc31 in int nxt::rt::runtime::run<int>(nxt::rt::task<int>) at /home/mbrock/nxtui/build/../src-ng/nxt/rt/app.hpp:141:29
#7  0x00005d1d4f3873ee in main at /home/mbrock/nxtui/build/../src-ng/nxtai/nxtllm.cpp:1272:18
#8  0x000070ce23e2a600 in __libc_start_call_main at ./csu/../sysdeps/nptl/libc_start_call_main.h:59:16
#9  0x000070ce23e2a717 in __libc_start_main_impl at ./csu/../csu/libc-start.c:360:3
#10 0x00005d1d4f364f24 in _start at /home/mbrock/nxtui/build/nxtllm

stdout write #442 bytes 73
  at ../src-ng/nxt/rt/ui_runtime.hpp:434 in nxt::rt::task<void> nxt::rt::ui_runtime::terminal_owner_loop(std::chrono::milliseconds)
  preview "\e7\e[38;25H\e[48;2;50;117;118m\e[38;2;203;213;225m                18K/s\xe2\x86\x93\e8"
Stack trace (most recent call first):
#0  0x00005d1d4f374d47 in write_stdout_all at /home/mbrock/nxtui/build/../src-ng/nxt/rt/ui_runtime.hpp:40:23
#1  0x00005d1d4f4138da in std::__n4861::coroutine_handle<void>::resume() const at /usr/include/c++/15/coroutine:142:50
#2  0x00005d1d4f419574 in nxt::rt::deck::ready_item::resume_if_ready(nxt::rt::deck&) const at /home/mbrock/nxtui/build/../src-ng/nxt/rt/task.hpp:1901:18
#3  0x00005d1d4f415a82 in nxt::rt::deck::run_ready_with() at /home/mbrock/nxtui/build/../src-ng/nxt/rt/deck.hpp:200:33
#4  0x00005d1d4f4157d6 in nxt::rt::deck::run_ready() at /home/mbrock/nxtui/build/../src-ng/nxt/rt/deck.hpp:130:23
#5  0x00005d1d4f4abf2e in void nxt::rt::uring_wand::run_until_done<int>(nxt::rt::deck&, nxt::rt::task<int>&) at /home/mbrock/nxtui/build/../src-ng/nxt/rt/uring_wand.hpp:173:28
#6  0x00005d1d4f47fc31 in int nxt::rt::runtime::run<int>(nxt::rt::task<int>) at /home/mbrock/nxtui/build/../src-ng/nxt/rt/app.hpp:141:29
#7  0x00005d1d4f3873ee in main at /home/mbrock/nxtui/build/../src-ng/nxtai/nxtllm.cpp:1272:18
#8  0x000070ce23e2a600 in __libc_start_call_main at ./csu/../sysdeps/nptl/libc_start_call_main.h:59:16
#9  0x000070ce23e2a717 in __libc_start_main_impl at ./csu/../csu/libc-start.c:360:3
#10 0x00005d1d4f364f24 in _start at /home/mbrock/nxtui/build/nxtllm

stdout write #443 bytes 49
  at ../src-ng/nxt/rt/ui_runtime.hpp:434 in nxt::rt::task<void> nxt::rt::ui_runtime::terminal_owner_loop(std::chrono::milliseconds)
  preview "\e7\e[35;96H\e[48;2;15;23;42m\e[38;2;100;116;139m96\e8"
Stack trace (most recent call first):
#0  0x00005d1d4f374d47 in write_stdout_all at /home/mbrock/nxtui/build/../src-ng/nxt/rt/ui_runtime.hpp:40:23
#1  0x00005d1d4f4138da in std::__n4861::coroutine_handle<void>::resume() const at /usr/include/c++/15/coroutine:142:50
#2  0x00005d1d4f419574 in nxt::rt::deck::ready_item::resume_if_ready(nxt::rt::deck&) const at /home/mbrock/nxtui/build/../src-ng/nxt/rt/task.hpp:1901:18
#3  0x00005d1d4f415a82 in nxt::rt::deck::run_ready_with() at /home/mbrock/nxtui/build/../src-ng/nxt/rt/deck.hpp:200:33
#4  0x00005d1d4f4157d6 in nxt::rt::deck::run_ready() at /home/mbrock/nxtui/build/../src-ng/nxt/rt/deck.hpp:130:23
#5  0x00005d1d4f4abf2e in void nxt::rt::uring_wand::run_until_done<int>(nxt::rt::deck&, nxt::rt::task<int>&) at /home/mbrock/nxtui/build/../src-ng/nxt/rt/uring_wand.hpp:173:28
#6  0x00005d1d4f47fc31 in int nxt::rt::runtime::run<int>(nxt::rt::task<int>) at /home/mbrock/nxtui/build/../src-ng/nxt/rt/app.hpp:141:29
#7  0x00005d1d4f3873ee in main at /home/mbrock/nxtui/build/../src-ng/nxtai/nxtllm.cpp:1272:18
#8  0x000070ce23e2a600 in __libc_start_call_main at ./csu/../sysdeps/nptl/libc_start_call_main.h:59:16
#9  0x000070ce23e2a717 in __libc_start_main_impl at ./csu/../csu/libc-start.c:360:3
#10 0x00005d1d4f364f24 in _start at /home/mbrock/nxtui/build/nxtllm

stdout write #444 bytes 73
  at ../src-ng/nxt/rt/ui_runtime.hpp:434 in nxt::rt::task<void> nxt::rt::ui_runtime::terminal_owner_loop(std::chrono::milliseconds)
  preview "\e7\e[38;25H\e[48;2;50;116;117m\e[38;2;203;213;225m                18K/s\xe2\x86\x93\e8"
Stack trace (most recent call first):
#0  0x00005d1d4f374d47 in write_stdout_all at /home/mbrock/nxtui/build/../src-ng/nxt/rt/ui_runtime.hpp:40:23
#1  0x00005d1d4f4138da in std::__n4861::coroutine_handle<void>::resume() const at /usr/include/c++/15/coroutine:142:50
#2  0x00005d1d4f419574 in nxt::rt::deck::ready_item::resume_if_ready(nxt::rt::deck&) const at /home/mbrock/nxtui/build/../src-ng/nxt/rt/task.hpp:1901:18
#3  0x00005d1d4f415a82 in nxt::rt::deck::run_ready_with() at /home/mbrock/nxtui/build/../src-ng/nxt/rt/deck.hpp:200:33
#4  0x00005d1d4f4157d6 in nxt::rt::deck::run_ready() at /home/mbrock/nxtui/build/../src-ng/nxt/rt/deck.hpp:130:23
#5  0x00005d1d4f4abf2e in void nxt::rt::uring_wand::run_until_done<int>(nxt::rt::deck&, nxt::rt::task<int>&) at /home/mbrock/nxtui/build/../src-ng/nxt/rt/uring_wand.hpp:173:28
#6  0x00005d1d4f47fc31 in int nxt::rt::runtime::run<int>(nxt::rt::task<int>) at /home/mbrock/nxtui/build/../src-ng/nxt/rt/app.hpp:141:29
#7  0x00005d1d4f3873ee in main at /home/mbrock/nxtui/build/../src-ng/nxtai/nxtllm.cpp:1272:18
#8  0x000070ce23e2a600 in __libc_start_call_main at ./csu/../sysdeps/nptl/libc_start_call_main.h:59:16
#9  0x000070ce23e2a717 in __libc_start_main_impl at ./csu/../csu/libc-start.c:360:3
#10 0x00005d1d4f364f24 in _start at /home/mbrock/nxtui/build/nxtllm

stdout write #445 bytes 51
  at ../src-ng/nxt/rt/ui_runtime.hpp:434 in nxt::rt::task<void> nxt::rt::ui_runtime::terminal_owner_loop(std::chrono::milliseconds)
  preview "\e7\e[35;94H\e[48;2;15;23;42m\e[38;2;100;116;139m 112\e8"
Stack trace (most recent call first):
#0  0x00005d1d4f374d47 in write_stdout_all at /home/mbrock/nxtui/build/../src-ng/nxt/rt/ui_runtime.hpp:40:23
#1  0x00005d1d4f4138da in std::__n4861::coroutine_handle<void>::resume() const at /usr/include/c++/15/coroutine:142:50
#2  0x00005d1d4f419574 in nxt::rt::deck::ready_item::resume_if_ready(nxt::rt::deck&) const at /home/mbrock/nxtui/build/../src-ng/nxt/rt/task.hpp:1901:18
#3  0x00005d1d4f415a82 in nxt::rt::deck::run_ready_with() at /home/mbrock/nxtui/build/../src-ng/nxt/rt/deck.hpp:200:33
#4  0x00005d1d4f4157d6 in nxt::rt::deck::run_ready() at /home/mbrock/nxtui/build/../src-ng/nxt/rt/deck.hpp:130:23
#5  0x00005d1d4f4abf2e in void nxt::rt::uring_wand::run_until_done<int>(nxt::rt::deck&, nxt::rt::task<int>&) at /home/mbrock/nxtui/build/../src-ng/nxt/rt/uring_wand.hpp:173:28
#6  0x00005d1d4f47fc31 in int nxt::rt::runtime::run<int>(nxt::rt::task<int>) at /home/mbrock/nxtui/build/../src-ng/nxt/rt/app.hpp:141:29
#7  0x00005d1d4f3873ee in main at /home/mbrock/nxtui/build/../src-ng/nxtai/nxtllm.cpp:1272:18
#8  0x000070ce23e2a600 in __libc_start_call_main at ./csu/../sysdeps/nptl/libc_start_call_main.h:59:16
#9  0x000070ce23e2a717 in __libc_start_main_impl at ./csu/../csu/libc-start.c:360:3
#10 0x00005d1d4f364f24 in _start at /home/mbrock/nxtui/build/nxtllm

stdout write #446 bytes 73
  at ../src-ng/nxt/rt/ui_runtime.hpp:434 in nxt::rt::task<void> nxt::rt::ui_runtime::terminal_owner_loop(std::chrono::milliseconds)
  preview "\e7\e[38;25H\e[48;2;49;115;116m\e[38;2;203;213;225m                18K/s\xe2\x86\x93\e8"
Stack trace (most recent call first):
#0  0x00005d1d4f374d47 in write_stdout_all at /home/mbrock/nxtui/build/../src-ng/nxt/rt/ui_runtime.hpp:40:23
#1  0x00005d1d4f4138da in std::__n4861::coroutine_handle<void>::resume() const at /usr/include/c++/15/coroutine:142:50
#2  0x00005d1d4f419574 in nxt::rt::deck::ready_item::resume_if_ready(nxt::rt::deck&) const at /home/mbrock/nxtui/build/../src-ng/nxt/rt/task.hpp:1901:18
#3  0x00005d1d4f415a82 in nxt::rt::deck::run_ready_with() at /home/mbrock/nxtui/build/../src-ng/nxt/rt/deck.hpp:200:33
#4  0x00005d1d4f4157d6 in nxt::rt::deck::run_ready() at /home/mbrock/nxtui/build/../src-ng/nxt/rt/deck.hpp:130:23
#5  0x00005d1d4f4abf2e in void nxt::rt::uring_wand::run_until_done<int>(nxt::rt::deck&, nxt::rt::task<int>&) at /home/mbrock/nxtui/build/../src-ng/nxt/rt/uring_wand.hpp:173:28
#6  0x00005d1d4f47fc31 in int nxt::rt::runtime::run<int>(nxt::rt::task<int>) at /home/mbrock/nxtui/build/../src-ng/nxt/rt/app.hpp:141:29
#7  0x00005d1d4f3873ee in main at /home/mbrock/nxtui/build/../src-ng/nxtai/nxtllm.cpp:1272:18
#8  0x000070ce23e2a600 in __libc_start_call_main at ./csu/../sysdeps/nptl/libc_start_call_main.h:59:16
#9  0x000070ce23e2a717 in __libc_start_main_impl at ./csu/../csu/libc-start.c:360:3
#10 0x00005d1d4f364f24 in _start at /home/mbrock/nxtui/build/nxtllm

stdout write #447 bytes 49
  at ../src-ng/nxt/rt/ui_runtime.hpp:434 in nxt::rt::task<void> nxt::rt::ui_runtime::terminal_owner_loop(std::chrono::milliseconds)
  preview "\e7\e[35;96H\e[48;2;15;23;42m\e[38;2;100;116;139m28\e8"
Stack trace (most recent call first):
#0  0x00005d1d4f374d47 in write_stdout_all at /home/mbrock/nxtui/build/../src-ng/nxt/rt/ui_runtime.hpp:40:23
#1  0x00005d1d4f4138da in std::__n4861::coroutine_handle<void>::resume() const at /usr/include/c++/15/coroutine:142:50
#2  0x00005d1d4f419574 in nxt::rt::deck::ready_item::resume_if_ready(nxt::rt::deck&) const at /home/mbrock/nxtui/build/../src-ng/nxt/rt/task.hpp:1901:18
#3  0x00005d1d4f415a82 in nxt::rt::deck::run_ready_with() at /home/mbrock/nxtui/build/../src-ng/nxt/rt/deck.hpp:200:33
#4  0x00005d1d4f4157d6 in nxt::rt::deck::run_ready() at /home/mbrock/nxtui/build/../src-ng/nxt/rt/deck.hpp:130:23
#5  0x00005d1d4f4abf2e in void nxt::rt::uring_wand::run_until_done<int>(nxt::rt::deck&, nxt::rt::task<int>&) at /home/mbrock/nxtui/build/../src-ng/nxt/rt/uring_wand.hpp:173:28
#6  0x00005d1d4f47fc31 in int nxt::rt::runtime::run<int>(nxt::rt::task<int>) at /home/mbrock/nxtui/build/../src-ng/nxt/rt/app.hpp:141:29
#7  0x00005d1d4f3873ee in main at /home/mbrock/nxtui/build/../src-ng/nxtai/nxtllm.cpp:1272:18
#8  0x000070ce23e2a600 in __libc_start_call_main at ./csu/../sysdeps/nptl/libc_start_call_main.h:59:16
#9  0x000070ce23e2a717 in __libc_start_main_impl at ./csu/../csu/libc-start.c:360:3
#10 0x00005d1d4f364f24 in _start at /home/mbrock/nxtui/build/nxtllm

stdout write #448 bytes 98
  at ../src-ng/nxt/rt/ui_runtime.hpp:434 in nxt::rt::task<void> nxt::rt::ui_runtime::terminal_owner_loop(std::chrono::milliseconds)
  preview "\e7\e[38;25H\e[48;2;49;114;115m\e[38;2;203;213;225m                17K/s\xe2\x86\x93\e[38;74H\e[48;2;43;45;46m0\e8"
Stack trace (most recent call first):
#0  0x00005d1d4f374d47 in write_stdout_all at /home/mbrock/nxtui/build/../src-ng/nxt/rt/ui_runtime.hpp:40:23
#1  0x00005d1d4f4138da in std::__n4861::coroutine_handle<void>::resume() const at /usr/include/c++/15/coroutine:142:50
#2  0x00005d1d4f419574 in nxt::rt::deck::ready_item::resume_if_ready(nxt::rt::deck&) const at /home/mbrock/nxtui/build/../src-ng/nxt/rt/task.hpp:1901:18
#3  0x00005d1d4f415a82 in nxt::rt::deck::run_ready_with() at /home/mbrock/nxtui/build/../src-ng/nxt/rt/deck.hpp:200:33
#4  0x00005d1d4f4157d6 in nxt::rt::deck::run_ready() at /home/mbrock/nxtui/build/../src-ng/nxt/rt/deck.hpp:130:23
#5  0x00005d1d4f4abf2e in void nxt::rt::uring_wand::run_until_done<int>(nxt::rt::deck&, nxt::rt::task<int>&) at /home/mbrock/nxtui/build/../src-ng/nxt/rt/uring_wand.hpp:173:28
#6  0x00005d1d4f47fc31 in int nxt::rt::runtime::run<int>(nxt::rt::task<int>) at /home/mbrock/nxtui/build/../src-ng/nxt/rt/app.hpp:141:29
#7  0x00005d1d4f3873ee in main at /home/mbrock/nxtui/build/../src-ng/nxtai/nxtllm.cpp:1272:18
#8  0x000070ce23e2a600 in __libc_start_call_main at ./csu/../sysdeps/nptl/libc_start_call_main.h:59:16
#9  0x000070ce23e2a717 in __libc_start_main_impl at ./csu/../csu/libc-start.c:360:3
#10 0x00005d1d4f364f24 in _start at /home/mbrock/nxtui/build/nxtllm

stdout write #449 bytes 49
  at ../src-ng/nxt/rt/ui_runtime.hpp:434 in nxt::rt::task<void> nxt::rt::ui_runtime::terminal_owner_loop(std::chrono::milliseconds)
  preview "\e7\e[35;96H\e[48;2;15;23;42m\e[38;2;100;116;139m44\e8"
Stack trace (most recent call first):
#0  0x00005d1d4f374d47 in write_stdout_all at /home/mbrock/nxtui/build/../src-ng/nxt/rt/ui_runtime.hpp:40:23
#1  0x00005d1d4f4138da in std::__n4861::coroutine_handle<void>::resume() const at /usr/include/c++/15/coroutine:142:50
#2  0x00005d1d4f419574 in nxt::rt::deck::ready_item::resume_if_ready(nxt::rt::deck&) const at /home/mbrock/nxtui/build/../src-ng/nxt/rt/task.hpp:1901:18
#3  0x00005d1d4f415a82 in nxt::rt::deck::run_ready_with() at /home/mbrock/nxtui/build/../src-ng/nxt/rt/deck.hpp:200:33
#4  0x00005d1d4f4157d6 in nxt::rt::deck::run_ready() at /home/mbrock/nxtui/build/../src-ng/nxt/rt/deck.hpp:130:23
#5  0x00005d1d4f4abf2e in void nxt::rt::uring_wand::run_until_done<int>(nxt::rt::deck&, nxt::rt::task<int>&) at /home/mbrock/nxtui/build/../src-ng/nxt/rt/uring_wand.hpp:173:28
#6  0x00005d1d4f47fc31 in int nxt::rt::runtime::run<int>(nxt::rt::task<int>) at /home/mbrock/nxtui/build/../src-ng/nxt/rt/app.hpp:141:29
#7  0x00005d1d4f3873ee in main at /home/mbrock/nxtui/build/../src-ng/nxtai/nxtllm.cpp:1272:18
#8  0x000070ce23e2a600 in __libc_start_call_main at ./csu/../sysdeps/nptl/libc_start_call_main.h:59:16
#9  0x000070ce23e2a717 in __libc_start_main_impl at ./csu/../csu/libc-start.c:360:3
#10 0x00005d1d4f364f24 in _start at /home/mbrock/nxtui/build/nxtllm

stdout write #450 bytes 73
  at ../src-ng/nxt/rt/ui_runtime.hpp:434 in nxt::rt::task<void> nxt::rt::ui_runtime::terminal_owner_loop(std::chrono::milliseconds)
  preview "\e7\e[38;25H\e[48;2;48;113;115m\e[38;2;203;213;225m                17K/s\xe2\x86\x93\e8"
Stack trace (most recent call first):
#0  0x00005d1d4f374d47 in write_stdout_all at /home/mbrock/nxtui/build/../src-ng/nxt/rt/ui_runtime.hpp:40:23
#1  0x00005d1d4f4138da in std::__n4861::coroutine_handle<void>::resume() const at /usr/include/c++/15/coroutine:142:50
#2  0x00005d1d4f419574 in nxt::rt::deck::ready_item::resume_if_ready(nxt::rt::deck&) const at /home/mbrock/nxtui/build/../src-ng/nxt/rt/task.hpp:1901:18
#3  0x00005d1d4f415a82 in nxt::rt::deck::run_ready_with() at /home/mbrock/nxtui/build/../src-ng/nxt/rt/deck.hpp:200:33
#4  0x00005d1d4f4157d6 in nxt::rt::deck::run_ready() at /home/mbrock/nxtui/build/../src-ng/nxt/rt/deck.hpp:130:23
#5  0x00005d1d4f4abf2e in void nxt::rt::uring_wand::run_until_done<int>(nxt::rt::deck&, nxt::rt::task<int>&) at /home/mbrock/nxtui/build/../src-ng/nxt/rt/uring_wand.hpp:173:28
#6  0x00005d1d4f47fc31 in int nxt::rt::runtime::run<int>(nxt::rt::task<int>) at /home/mbrock/nxtui/build/../src-ng/nxt/rt/app.hpp:141:29
#7  0x00005d1d4f3873ee in main at /home/mbrock/nxtui/build/../src-ng/nxtai/nxtllm.cpp:1272:18
#8  0x000070ce23e2a600 in __libc_start_call_main at ./csu/../sysdeps/nptl/libc_start_call_main.h:59:16
#9  0x000070ce23e2a717 in __libc_start_main_impl at ./csu/../csu/libc-start.c:360:3
#10 0x00005d1d4f364f24 in _start at /home/mbrock/nxtui/build/nxtllm

stdout write #451 bytes 49
  at ../src-ng/nxt/rt/ui_runtime.hpp:434 in nxt::rt::task<void> nxt::rt::ui_runtime::terminal_owner_loop(std::chrono::milliseconds)
  preview "\e7\e[35;96H\e[48;2;15;23;42m\e[38;2;100;116;139m61\e8"
Stack trace (most recent call first):
#0  0x00005d1d4f374d47 in write_stdout_all at /home/mbrock/nxtui/build/../src-ng/nxt/rt/ui_runtime.hpp:40:23
#1  0x00005d1d4f4138da in std::__n4861::coroutine_handle<void>::resume() const at /usr/include/c++/15/coroutine:142:50
#2  0x00005d1d4f419574 in nxt::rt::deck::ready_item::resume_if_ready(nxt::rt::deck&) const at /home/mbrock/nxtui/build/../src-ng/nxt/rt/task.hpp:1901:18
#3  0x00005d1d4f415a82 in nxt::rt::deck::run_ready_with() at /home/mbrock/nxtui/build/../src-ng/nxt/rt/deck.hpp:200:33
#4  0x00005d1d4f4157d6 in nxt::rt::deck::run_ready() at /home/mbrock/nxtui/build/../src-ng/nxt/rt/deck.hpp:130:23
#5  0x00005d1d4f4abf2e in void nxt::rt::uring_wand::run_until_done<int>(nxt::rt::deck&, nxt::rt::task<int>&) at /home/mbrock/nxtui/build/../src-ng/nxt/rt/uring_wand.hpp:173:28
#6  0x00005d1d4f47fc31 in int nxt::rt::runtime::run<int>(nxt::rt::task<int>) at /home/mbrock/nxtui/build/../src-ng/nxt/rt/app.hpp:141:29
#7  0x00005d1d4f3873ee in main at /home/mbrock/nxtui/build/../src-ng/nxtai/nxtllm.cpp:1272:18
#8  0x000070ce23e2a600 in __libc_start_call_main at ./csu/../sysdeps/nptl/libc_start_call_main.h:59:16
#9  0x000070ce23e2a717 in __libc_start_main_impl at ./csu/../csu/libc-start.c:360:3
#10 0x00005d1d4f364f24 in _start at /home/mbrock/nxtui/build/nxtllm

stdout write #452 bytes 73
  at ../src-ng/nxt/rt/ui_runtime.hpp:434 in nxt::rt::task<void> nxt::rt::ui_runtime::terminal_owner_loop(std::chrono::milliseconds)
  preview "\e7\e[38;25H\e[48;2;48;112;114m\e[38;2;203;213;225m                17K/s\xe2\x86\x93\e8"
Stack trace (most recent call first):
#0  0x00005d1d4f374d47 in write_stdout_all at /home/mbrock/nxtui/build/../src-ng/nxt/rt/ui_runtime.hpp:40:23
#1  0x00005d1d4f4138da in std::__n4861::coroutine_handle<void>::resume() const at /usr/include/c++/15/coroutine:142:50
#2  0x00005d1d4f419574 in nxt::rt::deck::ready_item::resume_if_ready(nxt::rt::deck&) const at /home/mbrock/nxtui/build/../src-ng/nxt/rt/task.hpp:1901:18
#3  0x00005d1d4f415a82 in nxt::rt::deck::run_ready_with() at /home/mbrock/nxtui/build/../src-ng/nxt/rt/deck.hpp:200:33
#4  0x00005d1d4f4157d6 in nxt::rt::deck::run_ready() at /home/mbrock/nxtui/build/../src-ng/nxt/rt/deck.hpp:130:23
#5  0x00005d1d4f4abf2e in void nxt::rt::uring_wand::run_until_done<int>(nxt::rt::deck&, nxt::rt::task<int>&) at /home/mbrock/nxtui/build/../src-ng/nxt/rt/uring_wand.hpp:173:28
#6  0x00005d1d4f47fc31 in int nxt::rt::runtime::run<int>(nxt::rt::task<int>) at /home/mbrock/nxtui/build/../src-ng/nxt/rt/app.hpp:141:29
#7  0x00005d1d4f3873ee in main at /home/mbrock/nxtui/build/../src-ng/nxtai/nxtllm.cpp:1272:18
#8  0x000070ce23e2a600 in __libc_start_call_main at ./csu/../sysdeps/nptl/libc_start_call_main.h:59:16
#9  0x000070ce23e2a717 in __libc_start_main_impl at ./csu/../csu/libc-start.c:360:3
#10 0x00005d1d4f364f24 in _start at /home/mbrock/nxtui/build/nxtllm

stdout write #453 bytes 49
  at ../src-ng/nxt/rt/ui_runtime.hpp:434 in nxt::rt::task<void> nxt::rt::ui_runtime::terminal_owner_loop(std::chrono::milliseconds)
  preview "\e7\e[35;96H\e[48;2;15;23;42m\e[38;2;100;116;139m78\e8"
Stack trace (most recent call first):
#0  0x00005d1d4f374d47 in write_stdout_all at /home/mbrock/nxtui/build/../src-ng/nxt/rt/ui_runtime.hpp:40:23
#1  0x00005d1d4f4138da in std::__n4861::coroutine_handle<void>::resume() const at /usr/include/c++/15/coroutine:142:50
#2  0x00005d1d4f419574 in nxt::rt::deck::ready_item::resume_if_ready(nxt::rt::deck&) const at /home/mbrock/nxtui/build/../src-ng/nxt/rt/task.hpp:1901:18
#3  0x00005d1d4f415a82 in nxt::rt::deck::run_ready_with() at /home/mbrock/nxtui/build/../src-ng/nxt/rt/deck.hpp:200:33
#4  0x00005d1d4f4157d6 in nxt::rt::deck::run_ready() at /home/mbrock/nxtui/build/../src-ng/nxt/rt/deck.hpp:130:23
#5  0x00005d1d4f4abf2e in void nxt::rt::uring_wand::run_until_done<int>(nxt::rt::deck&, nxt::rt::task<int>&) at /home/mbrock/nxtui/build/../src-ng/nxt/rt/uring_wand.hpp:173:28
#6  0x00005d1d4f47fc31 in int nxt::rt::runtime::run<int>(nxt::rt::task<int>) at /home/mbrock/nxtui/build/../src-ng/nxt/rt/app.hpp:141:29
#7  0x00005d1d4f3873ee in main at /home/mbrock/nxtui/build/../src-ng/nxtai/nxtllm.cpp:1272:18
#8  0x000070ce23e2a600 in __libc_start_call_main at ./csu/../sysdeps/nptl/libc_start_call_main.h:59:16
#9  0x000070ce23e2a717 in __libc_start_main_impl at ./csu/../csu/libc-start.c:360:3
#10 0x00005d1d4f364f24 in _start at /home/mbrock/nxtui/build/nxtllm

stdout write #454 bytes 73
  at ../src-ng/nxt/rt/ui_runtime.hpp:434 in nxt::rt::task<void> nxt::rt::ui_runtime::terminal_owner_loop(std::chrono::milliseconds)
  preview "\e7\e[38;25H\e[48;2;48;111;113m\e[38;2;203;213;225m                17K/s\xe2\x86\x93\e8"
Stack trace (most recent call first):
#0  0x00005d1d4f374d47 in write_stdout_all at /home/mbrock/nxtui/build/../src-ng/nxt/rt/ui_runtime.hpp:40:23
#1  0x00005d1d4f4138da in std::__n4861::coroutine_handle<void>::resume() const at /usr/include/c++/15/coroutine:142:50
#2  0x00005d1d4f419574 in nxt::rt::deck::ready_item::resume_if_ready(nxt::rt::deck&) const at /home/mbrock/nxtui/build/../src-ng/nxt/rt/task.hpp:1901:18
#3  0x00005d1d4f415a82 in nxt::rt::deck::run_ready_with() at /home/mbrock/nxtui/build/../src-ng/nxt/rt/deck.hpp:200:33
#4  0x00005d1d4f4157d6 in nxt::rt::deck::run_ready() at /home/mbrock/nxtui/build/../src-ng/nxt/rt/deck.hpp:130:23
#5  0x00005d1d4f4abf2e in void nxt::rt::uring_wand::run_until_done<int>(nxt::rt::deck&, nxt::rt::task<int>&) at /home/mbrock/nxtui/build/../src-ng/nxt/rt/uring_wand.hpp:173:28
#6  0x00005d1d4f47fc31 in int nxt::rt::runtime::run<int>(nxt::rt::task<int>) at /home/mbrock/nxtui/build/../src-ng/nxt/rt/app.hpp:141:29
#7  0x00005d1d4f3873ee in main at /home/mbrock/nxtui/build/../src-ng/nxtai/nxtllm.cpp:1272:18
#8  0x000070ce23e2a600 in __libc_start_call_main at ./csu/../sysdeps/nptl/libc_start_call_main.h:59:16
#9  0x000070ce23e2a717 in __libc_start_main_impl at ./csu/../csu/libc-start.c:360:3
#10 0x00005d1d4f364f24 in _start at /home/mbrock/nxtui/build/nxtllm

stdout write #455 bytes 49
  at ../src-ng/nxt/rt/ui_runtime.hpp:434 in nxt::rt::task<void> nxt::rt::ui_runtime::terminal_owner_loop(std::chrono::milliseconds)
  preview "\e7\e[35;96H\e[48;2;15;23;42m\e[38;2;100;116;139m94\e8"
Stack trace (most recent call first):
#0  0x00005d1d4f374d47 in write_stdout_all at /home/mbrock/nxtui/build/../src-ng/nxt/rt/ui_runtime.hpp:40:23
#1  0x00005d1d4f4138da in std::__n4861::coroutine_handle<void>::resume() const at /usr/include/c++/15/coroutine:142:50
#2  0x00005d1d4f419574 in nxt::rt::deck::ready_item::resume_if_ready(nxt::rt::deck&) const at /home/mbrock/nxtui/build/../src-ng/nxt/rt/task.hpp:1901:18
#3  0x00005d1d4f415a82 in nxt::rt::deck::run_ready_with() at /home/mbrock/nxtui/build/../src-ng/nxt/rt/deck.hpp:200:33
#4  0x00005d1d4f4157d6 in nxt::rt::deck::run_ready() at /home/mbrock/nxtui/build/../src-ng/nxt/rt/deck.hpp:130:23
#5  0x00005d1d4f4abf2e in void nxt::rt::uring_wand::run_until_done<int>(nxt::rt::deck&, nxt::rt::task<int>&) at /home/mbrock/nxtui/build/../src-ng/nxt/rt/uring_wand.hpp:173:28
#6  0x00005d1d4f47fc31 in int nxt::rt::runtime::run<int>(nxt::rt::task<int>) at /home/mbrock/nxtui/build/../src-ng/nxt/rt/app.hpp:141:29
#7  0x00005d1d4f3873ee in main at /home/mbrock/nxtui/build/../src-ng/nxtai/nxtllm.cpp:1272:18
#8  0x000070ce23e2a600 in __libc_start_call_main at ./csu/../sysdeps/nptl/libc_start_call_main.h:59:16
#9  0x000070ce23e2a717 in __libc_start_main_impl at ./csu/../csu/libc-start.c:360:3
#10 0x00005d1d4f364f24 in _start at /home/mbrock/nxtui/build/nxtllm

stdout write #456 bytes 73
  at ../src-ng/nxt/rt/ui_runtime.hpp:434 in nxt::rt::task<void> nxt::rt::ui_runtime::terminal_owner_loop(std::chrono::milliseconds)
  preview "\e7\e[38;25H\e[48;2;47;110;112m\e[38;2;203;213;225m                16K/s\xe2\x86\x93\e8"
Stack trace (most recent call first):
#0  0x00005d1d4f374d47 in write_stdout_all at /home/mbrock/nxtui/build/../src-ng/nxt/rt/ui_runtime.hpp:40:23
#1  0x00005d1d4f4138da in std::__n4861::coroutine_handle<void>::resume() const at /usr/include/c++/15/coroutine:142:50
#2  0x00005d1d4f419574 in nxt::rt::deck::ready_item::resume_if_ready(nxt::rt::deck&) const at /home/mbrock/nxtui/build/../src-ng/nxt/rt/task.hpp:1901:18
#3  0x00005d1d4f415a82 in nxt::rt::deck::run_ready_with() at /home/mbrock/nxtui/build/../src-ng/nxt/rt/deck.hpp:200:33
#4  0x00005d1d4f4157d6 in nxt::rt::deck::run_ready() at /home/mbrock/nxtui/build/../src-ng/nxt/rt/deck.hpp:130:23
#5  0x00005d1d4f4abf2e in void nxt::rt::uring_wand::run_until_done<int>(nxt::rt::deck&, nxt::rt::task<int>&) at /home/mbrock/nxtui/build/../src-ng/nxt/rt/uring_wand.hpp:173:28
#6  0x00005d1d4f47fc31 in int nxt::rt::runtime::run<int>(nxt::rt::task<int>) at /home/mbrock/nxtui/build/../src-ng/nxt/rt/app.hpp:141:29
#7  0x00005d1d4f3873ee in main at /home/mbrock/nxtui/build/../src-ng/nxtai/nxtllm.cpp:1272:18
#8  0x000070ce23e2a600 in __libc_start_call_main at ./csu/../sysdeps/nptl/libc_start_call_main.h:59:16
#9  0x000070ce23e2a717 in __libc_start_main_impl at ./csu/../csu/libc-start.c:360:3
#10 0x00005d1d4f364f24 in _start at /home/mbrock/nxtui/build/nxtllm

stdout write #457 bytes 50
  at ../src-ng/nxt/rt/ui_runtime.hpp:434 in nxt::rt::task<void> nxt::rt::ui_runtime::terminal_owner_loop(std::chrono::milliseconds)
  preview "\e7\e[35;95H\e[48;2;15;23;42m\e[38;2;100;116;139m210\e8"
Stack trace (most recent call first):
#0  0x00005d1d4f374d47 in write_stdout_all at /home/mbrock/nxtui/build/../src-ng/nxt/rt/ui_runtime.hpp:40:23
#1  0x00005d1d4f4138da in std::__n4861::coroutine_handle<void>::resume() const at /usr/include/c++/15/coroutine:142:50
#2  0x00005d1d4f419574 in nxt::rt::deck::ready_item::resume_if_ready(nxt::rt::deck&) const at /home/mbrock/nxtui/build/../src-ng/nxt/rt/task.hpp:1901:18
#3  0x00005d1d4f415a82 in nxt::rt::deck::run_ready_with() at /home/mbrock/nxtui/build/../src-ng/nxt/rt/deck.hpp:200:33
#4  0x00005d1d4f4157d6 in nxt::rt::deck::run_ready() at /home/mbrock/nxtui/build/../src-ng/nxt/rt/deck.hpp:130:23
#5  0x00005d1d4f4abf2e in void nxt::rt::uring_wand::run_until_done<int>(nxt::rt::deck&, nxt::rt::task<int>&) at /home/mbrock/nxtui/build/../src-ng/nxt/rt/uring_wand.hpp:173:28
#6  0x00005d1d4f47fc31 in int nxt::rt::runtime::run<int>(nxt::rt::task<int>) at /home/mbrock/nxtui/build/../src-ng/nxt/rt/app.hpp:141:29
#7  0x00005d1d4f3873ee in main at /home/mbrock/nxtui/build/../src-ng/nxtai/nxtllm.cpp:1272:18
#8  0x000070ce23e2a600 in __libc_start_call_main at ./csu/../sysdeps/nptl/libc_start_call_main.h:59:16
#9  0x000070ce23e2a717 in __libc_start_main_impl at ./csu/../csu/libc-start.c:360:3
#10 0x00005d1d4f364f24 in _start at /home/mbrock/nxtui/build/nxtllm

stdout write #458 bytes 73
  at ../src-ng/nxt/rt/ui_runtime.hpp:434 in nxt::rt::task<void> nxt::rt::ui_runtime::terminal_owner_loop(std::chrono::milliseconds)
  preview "\e7\e[38;25H\e[48;2;47;109;111m\e[38;2;203;213;225m                16K/s\xe2\x86\x93\e8"
Stack trace (most recent call first):
#0  0x00005d1d4f374d47 in write_stdout_all at /home/mbrock/nxtui/build/../src-ng/nxt/rt/ui_runtime.hpp:40:23
#1  0x00005d1d4f4138da in std::__n4861::coroutine_handle<void>::resume() const at /usr/include/c++/15/coroutine:142:50
#2  0x00005d1d4f419574 in nxt::rt::deck::ready_item::resume_if_ready(nxt::rt::deck&) const at /home/mbrock/nxtui/build/../src-ng/nxt/rt/task.hpp:1901:18
#3  0x00005d1d4f415a82 in nxt::rt::deck::run_ready_with() at /home/mbrock/nxtui/build/../src-ng/nxt/rt/deck.hpp:200:33
#4  0x00005d1d4f4157d6 in nxt::rt::deck::run_ready() at /home/mbrock/nxtui/build/../src-ng/nxt/rt/deck.hpp:130:23
#5  0x00005d1d4f4abf2e in void nxt::rt::uring_wand::run_until_done<int>(nxt::rt::deck&, nxt::rt::task<int>&) at /home/mbrock/nxtui/build/../src-ng/nxt/rt/uring_wand.hpp:173:28
#6  0x00005d1d4f47fc31 in int nxt::rt::runtime::run<int>(nxt::rt::task<int>) at /home/mbrock/nxtui/build/../src-ng/nxt/rt/app.hpp:141:29
#7  0x00005d1d4f3873ee in main at /home/mbrock/nxtui/build/../src-ng/nxtai/nxtllm.cpp:1272:18
#8  0x000070ce23e2a600 in __libc_start_call_main at ./csu/../sysdeps/nptl/libc_start_call_main.h:59:16
#9  0x000070ce23e2a717 in __libc_start_main_impl at ./csu/../csu/libc-start.c:360:3
#10 0x00005d1d4f364f24 in _start at /home/mbrock/nxtui/build/nxtllm

stdout write #459 bytes 49
  at ../src-ng/nxt/rt/ui_runtime.hpp:434 in nxt::rt::task<void> nxt::rt::ui_runtime::terminal_owner_loop(std::chrono::milliseconds)
  preview "\e7\e[35;96H\e[48;2;15;23;42m\e[38;2;100;116;139m26\e8"
Stack trace (most recent call first):
#0  0x00005d1d4f374d47 in write_stdout_all at /home/mbrock/nxtui/build/../src-ng/nxt/rt/ui_runtime.hpp:40:23
#1  0x00005d1d4f4138da in std::__n4861::coroutine_handle<void>::resume() const at /usr/include/c++/15/coroutine:142:50
#2  0x00005d1d4f419574 in nxt::rt::deck::ready_item::resume_if_ready(nxt::rt::deck&) const at /home/mbrock/nxtui/build/../src-ng/nxt/rt/task.hpp:1901:18
#3  0x00005d1d4f415a82 in nxt::rt::deck::run_ready_with() at /home/mbrock/nxtui/build/../src-ng/nxt/rt/deck.hpp:200:33
#4  0x00005d1d4f4157d6 in nxt::rt::deck::run_ready() at /home/mbrock/nxtui/build/../src-ng/nxt/rt/deck.hpp:130:23
#5  0x00005d1d4f4abf2e in void nxt::rt::uring_wand::run_until_done<int>(nxt::rt::deck&, nxt::rt::task<int>&) at /home/mbrock/nxtui/build/../src-ng/nxt/rt/uring_wand.hpp:173:28
#6  0x00005d1d4f47fc31 in int nxt::rt::runtime::run<int>(nxt::rt::task<int>) at /home/mbrock/nxtui/build/../src-ng/nxt/rt/app.hpp:141:29
#7  0x00005d1d4f3873ee in main at /home/mbrock/nxtui/build/../src-ng/nxtai/nxtllm.cpp:1272:18
#8  0x000070ce23e2a600 in __libc_start_call_main at ./csu/../sysdeps/nptl/libc_start_call_main.h:59:16
#9  0x000070ce23e2a717 in __libc_start_main_impl at ./csu/../csu/libc-start.c:360:3
#10 0x00005d1d4f364f24 in _start at /home/mbrock/nxtui/build/nxtllm

stdout write #460 bytes 99
  at ../src-ng/nxt/rt/ui_runtime.hpp:434 in nxt::rt::task<void> nxt::rt::ui_runtime::terminal_owner_loop(std::chrono::milliseconds)
  preview "\e7\e[38;25H\e[48;2;47;108;111m\e[38;2;203;213;225m                16K/s\xe2\x86\x93\e[38;73H\e[48;2;43;45;46m 9\e8"
Stack trace (most recent call first):
#0  0x00005d1d4f374d47 in write_stdout_all at /home/mbrock/nxtui/build/../src-ng/nxt/rt/ui_runtime.hpp:40:23
#1  0x00005d1d4f4138da in std::__n4861::coroutine_handle<void>::resume() const at /usr/include/c++/15/coroutine:142:50
#2  0x00005d1d4f419574 in nxt::rt::deck::ready_item::resume_if_ready(nxt::rt::deck&) const at /home/mbrock/nxtui/build/../src-ng/nxt/rt/task.hpp:1901:18
#3  0x00005d1d4f415a82 in nxt::rt::deck::run_ready_with() at /home/mbrock/nxtui/build/../src-ng/nxt/rt/deck.hpp:200:33
#4  0x00005d1d4f4157d6 in nxt::rt::deck::run_ready() at /home/mbrock/nxtui/build/../src-ng/nxt/rt/deck.hpp:130:23
#5  0x00005d1d4f4abf2e in void nxt::rt::uring_wand::run_until_done<int>(nxt::rt::deck&, nxt::rt::task<int>&) at /home/mbrock/nxtui/build/../src-ng/nxt/rt/uring_wand.hpp:173:28
#6  0x00005d1d4f47fc31 in int nxt::rt::runtime::run<int>(nxt::rt::task<int>) at /home/mbrock/nxtui/build/../src-ng/nxt/rt/app.hpp:141:29
#7  0x00005d1d4f3873ee in main at /home/mbrock/nxtui/build/../src-ng/nxtai/nxtllm.cpp:1272:18
#8  0x000070ce23e2a600 in __libc_start_call_main at ./csu/../sysdeps/nptl/libc_start_call_main.h:59:16
#9  0x000070ce23e2a717 in __libc_start_main_impl at ./csu/../csu/libc-start.c:360:3
#10 0x00005d1d4f364f24 in _start at /home/mbrock/nxtui/build/nxtllm

stdout write #461 bytes 49
  at ../src-ng/nxt/rt/ui_runtime.hpp:434 in nxt::rt::task<void> nxt::rt::ui_runtime::terminal_owner_loop(std::chrono::milliseconds)
  preview "\e7\e[35;96H\e[48;2;15;23;42m\e[38;2;100;116;139m42\e8"
Stack trace (most recent call first):
#0  0x00005d1d4f374d47 in write_stdout_all at /home/mbrock/nxtui/build/../src-ng/nxt/rt/ui_runtime.hpp:40:23
#1  0x00005d1d4f4138da in std::__n4861::coroutine_handle<void>::resume() const at /usr/include/c++/15/coroutine:142:50
#2  0x00005d1d4f419574 in nxt::rt::deck::ready_item::resume_if_ready(nxt::rt::deck&) const at /home/mbrock/nxtui/build/../src-ng/nxt/rt/task.hpp:1901:18
#3  0x00005d1d4f415a82 in nxt::rt::deck::run_ready_with() at /home/mbrock/nxtui/build/../src-ng/nxt/rt/deck.hpp:200:33
#4  0x00005d1d4f4157d6 in nxt::rt::deck::run_ready() at /home/mbrock/nxtui/build/../src-ng/nxt/rt/deck.hpp:130:23
#5  0x00005d1d4f4abf2e in void nxt::rt::uring_wand::run_until_done<int>(nxt::rt::deck&, nxt::rt::task<int>&) at /home/mbrock/nxtui/build/../src-ng/nxt/rt/uring_wand.hpp:173:28
#6  0x00005d1d4f47fc31 in int nxt::rt::runtime::run<int>(nxt::rt::task<int>) at /home/mbrock/nxtui/build/../src-ng/nxt/rt/app.hpp:141:29
#7  0x00005d1d4f3873ee in main at /home/mbrock/nxtui/build/../src-ng/nxtai/nxtllm.cpp:1272:18
#8  0x000070ce23e2a600 in __libc_start_call_main at ./csu/../sysdeps/nptl/libc_start_call_main.h:59:16
#9  0x000070ce23e2a717 in __libc_start_main_impl at ./csu/../csu/libc-start.c:360:3
#10 0x00005d1d4f364f24 in _start at /home/mbrock/nxtui/build/nxtllm

stdout write #462 bytes 73
  at ../src-ng/nxt/rt/ui_runtime.hpp:434 in nxt::rt::task<void> nxt::rt::ui_runtime::terminal_owner_loop(std::chrono::milliseconds)
  preview "\e7\e[38;25H\e[48;2;46;107;110m\e[38;2;203;213;225m                16K/s\xe2\x86\x93\e8"
Stack trace (most recent call first):
#0  0x00005d1d4f374d47 in write_stdout_all at /home/mbrock/nxtui/build/../src-ng/nxt/rt/ui_runtime.hpp:40:23
#1  0x00005d1d4f4138da in std::__n4861::coroutine_handle<void>::resume() const at /usr/include/c++/15/coroutine:142:50
#2  0x00005d1d4f419574 in nxt::rt::deck::ready_item::resume_if_ready(nxt::rt::deck&) const at /home/mbrock/nxtui/build/../src-ng/nxt/rt/task.hpp:1901:18
#3  0x00005d1d4f415a82 in nxt::rt::deck::run_ready_with() at /home/mbrock/nxtui/build/../src-ng/nxt/rt/deck.hpp:200:33
#4  0x00005d1d4f4157d6 in nxt::rt::deck::run_ready() at /home/mbrock/nxtui/build/../src-ng/nxt/rt/deck.hpp:130:23
#5  0x00005d1d4f4abf2e in void nxt::rt::uring_wand::run_until_done<int>(nxt::rt::deck&, nxt::rt::task<int>&) at /home/mbrock/nxtui/build/../src-ng/nxt/rt/uring_wand.hpp:173:28
#6  0x00005d1d4f47fc31 in int nxt::rt::runtime::run<int>(nxt::rt::task<int>) at /home/mbrock/nxtui/build/../src-ng/nxt/rt/app.hpp:141:29
#7  0x00005d1d4f3873ee in main at /home/mbrock/nxtui/build/../src-ng/nxtai/nxtllm.cpp:1272:18
#8  0x000070ce23e2a600 in __libc_start_call_main at ./csu/../sysdeps/nptl/libc_start_call_main.h:59:16
#9  0x000070ce23e2a717 in __libc_start_main_impl at ./csu/../csu/libc-start.c:360:3
#10 0x00005d1d4f364f24 in _start at /home/mbrock/nxtui/build/nxtllm

stdout write #463 bytes 49
  at ../src-ng/nxt/rt/ui_runtime.hpp:434 in nxt::rt::task<void> nxt::rt::ui_runtime::terminal_owner_loop(std::chrono::milliseconds)
  preview "\e7\e[35;96H\e[48;2;15;23;42m\e[38;2;100;116;139m58\e8"
Stack trace (most recent call first):
#0  0x00005d1d4f374d47 in write_stdout_all at /home/mbrock/nxtui/build/../src-ng/nxt/rt/ui_runtime.hpp:40:23
#1  0x00005d1d4f4138da in std::__n4861::coroutine_handle<void>::resume() const at /usr/include/c++/15/coroutine:142:50
#2  0x00005d1d4f419574 in nxt::rt::deck::ready_item::resume_if_ready(nxt::rt::deck&) const at /home/mbrock/nxtui/build/../src-ng/nxt/rt/task.hpp:1901:18
#3  0x00005d1d4f415a82 in nxt::rt::deck::run_ready_with() at /home/mbrock/nxtui/build/../src-ng/nxt/rt/deck.hpp:200:33
#4  0x00005d1d4f4157d6 in nxt::rt::deck::run_ready() at /home/mbrock/nxtui/build/../src-ng/nxt/rt/deck.hpp:130:23
#5  0x00005d1d4f4abf2e in void nxt::rt::uring_wand::run_until_done<int>(nxt::rt::deck&, nxt::rt::task<int>&) at /home/mbrock/nxtui/build/../src-ng/nxt/rt/uring_wand.hpp:173:28
#6  0x00005d1d4f47fc31 in int nxt::rt::runtime::run<int>(nxt::rt::task<int>) at /home/mbrock/nxtui/build/../src-ng/nxt/rt/app.hpp:141:29
#7  0x00005d1d4f3873ee in main at /home/mbrock/nxtui/build/../src-ng/nxtai/nxtllm.cpp:1272:18
#8  0x000070ce23e2a600 in __libc_start_call_main at ./csu/../sysdeps/nptl/libc_start_call_main.h:59:16
#9  0x000070ce23e2a717 in __libc_start_main_impl at ./csu/../csu/libc-start.c:360:3
#10 0x00005d1d4f364f24 in _start at /home/mbrock/nxtui/build/nxtllm

stdout write #464 bytes 73
  at ../src-ng/nxt/rt/ui_runtime.hpp:434 in nxt::rt::task<void> nxt::rt::ui_runtime::terminal_owner_loop(std::chrono::milliseconds)
  preview "\e7\e[38;25H\e[48;2;46;106;109m\e[38;2;203;213;225m                15K/s\xe2\x86\x93\e8"
Stack trace (most recent call first):
#0  0x00005d1d4f374d47 in write_stdout_all at /home/mbrock/nxtui/build/../src-ng/nxt/rt/ui_runtime.hpp:40:23
#1  0x00005d1d4f4138da in std::__n4861::coroutine_handle<void>::resume() const at /usr/include/c++/15/coroutine:142:50
#2  0x00005d1d4f419574 in nxt::rt::deck::ready_item::resume_if_ready(nxt::rt::deck&) const at /home/mbrock/nxtui/build/../src-ng/nxt/rt/task.hpp:1901:18
#3  0x00005d1d4f415a82 in nxt::rt::deck::run_ready_with() at /home/mbrock/nxtui/build/../src-ng/nxt/rt/deck.hpp:200:33
#4  0x00005d1d4f4157d6 in nxt::rt::deck::run_ready() at /home/mbrock/nxtui/build/../src-ng/nxt/rt/deck.hpp:130:23
#5  0x00005d1d4f4abf2e in void nxt::rt::uring_wand::run_until_done<int>(nxt::rt::deck&, nxt::rt::task<int>&) at /home/mbrock/nxtui/build/../src-ng/nxt/rt/uring_wand.hpp:173:28
#6  0x00005d1d4f47fc31 in int nxt::rt::runtime::run<int>(nxt::rt::task<int>) at /home/mbrock/nxtui/build/../src-ng/nxt/rt/app.hpp:141:29
#7  0x00005d1d4f3873ee in main at /home/mbrock/nxtui/build/../src-ng/nxtai/nxtllm.cpp:1272:18
#8  0x000070ce23e2a600 in __libc_start_call_main at ./csu/../sysdeps/nptl/libc_start_call_main.h:59:16
#9  0x000070ce23e2a717 in __libc_start_main_impl at ./csu/../csu/libc-start.c:360:3
#10 0x00005d1d4f364f24 in _start at /home/mbrock/nxtui/build/nxtllm

stdout write #465 bytes 49
  at ../src-ng/nxt/rt/ui_runtime.hpp:434 in nxt::rt::task<void> nxt::rt::ui_runtime::terminal_owner_loop(std::chrono::milliseconds)
  preview "\e7\e[35;96H\e[48;2;15;23;42m\e[38;2;100;116;139m75\e8"
Stack trace (most recent call first):
#0  0x00005d1d4f374d47 in write_stdout_all at /home/mbrock/nxtui/build/../src-ng/nxt/rt/ui_runtime.hpp:40:23
#1  0x00005d1d4f4138da in std::__n4861::coroutine_handle<void>::resume() const at /usr/include/c++/15/coroutine:142:50
#2  0x00005d1d4f419574 in nxt::rt::deck::ready_item::resume_if_ready(nxt::rt::deck&) const at /home/mbrock/nxtui/build/../src-ng/nxt/rt/task.hpp:1901:18
#3  0x00005d1d4f415a82 in nxt::rt::deck::run_ready_with() at /home/mbrock/nxtui/build/../src-ng/nxt/rt/deck.hpp:200:33
#4  0x00005d1d4f4157d6 in nxt::rt::deck::run_ready() at /home/mbrock/nxtui/build/../src-ng/nxt/rt/deck.hpp:130:23
#5  0x00005d1d4f4abf2e in void nxt::rt::uring_wand::run_until_done<int>(nxt::rt::deck&, nxt::rt::task<int>&) at /home/mbrock/nxtui/build/../src-ng/nxt/rt/uring_wand.hpp:173:28
#6  0x00005d1d4f47fc31 in int nxt::rt::runtime::run<int>(nxt::rt::task<int>) at /home/mbrock/nxtui/build/../src-ng/nxt/rt/app.hpp:141:29
#7  0x00005d1d4f3873ee in main at /home/mbrock/nxtui/build/../src-ng/nxtai/nxtllm.cpp:1272:18
#8  0x000070ce23e2a600 in __libc_start_call_main at ./csu/../sysdeps/nptl/libc_start_call_main.h:59:16
#9  0x000070ce23e2a717 in __libc_start_main_impl at ./csu/../csu/libc-start.c:360:3
#10 0x00005d1d4f364f24 in _start at /home/mbrock/nxtui/build/nxtllm

stdout write #466 bytes 73
  at ../src-ng/nxt/rt/ui_runtime.hpp:434 in nxt::rt::task<void> nxt::rt::ui_runtime::terminal_owner_loop(std::chrono::milliseconds)
  preview "\e7\e[38;25H\e[48;2;46;105;108m\e[38;2;203;213;225m                15K/s\xe2\x86\x93\e8"
Stack trace (most recent call first):
#0  0x00005d1d4f374d47 in write_stdout_all at /home/mbrock/nxtui/build/../src-ng/nxt/rt/ui_runtime.hpp:40:23
#1  0x00005d1d4f4138da in std::__n4861::coroutine_handle<void>::resume() const at /usr/include/c++/15/coroutine:142:50
#2  0x00005d1d4f419574 in nxt::rt::deck::ready_item::resume_if_ready(nxt::rt::deck&) const at /home/mbrock/nxtui/build/../src-ng/nxt/rt/task.hpp:1901:18
#3  0x00005d1d4f415a82 in nxt::rt::deck::run_ready_with() at /home/mbrock/nxtui/build/../src-ng/nxt/rt/deck.hpp:200:33
#4  0x00005d1d4f4157d6 in nxt::rt::deck::run_ready() at /home/mbrock/nxtui/build/../src-ng/nxt/rt/deck.hpp:130:23
#5  0x00005d1d4f4abf2e in void nxt::rt::uring_wand::run_until_done<int>(nxt::rt::deck&, nxt::rt::task<int>&) at /home/mbrock/nxtui/build/../src-ng/nxt/rt/uring_wand.hpp:173:28
#6  0x00005d1d4f47fc31 in int nxt::rt::runtime::run<int>(nxt::rt::task<int>) at /home/mbrock/nxtui/build/../src-ng/nxt/rt/app.hpp:141:29
#7  0x00005d1d4f3873ee in main at /home/mbrock/nxtui/build/../src-ng/nxtai/nxtllm.cpp:1272:18
#8  0x000070ce23e2a600 in __libc_start_call_main at ./csu/../sysdeps/nptl/libc_start_call_main.h:59:16
#9  0x000070ce23e2a717 in __libc_start_main_impl at ./csu/../csu/libc-start.c:360:3
#10 0x00005d1d4f364f24 in _start at /home/mbrock/nxtui/build/nxtllm

stdout write #467 bytes 49
  at ../src-ng/nxt/rt/ui_runtime.hpp:434 in nxt::rt::task<void> nxt::rt::ui_runtime::terminal_owner_loop(std::chrono::milliseconds)
  preview "\e7\e[35;96H\e[48;2;15;23;42m\e[38;2;100;116;139m91\e8"
Stack trace (most recent call first):
#0  0x00005d1d4f374d47 in write_stdout_all at /home/mbrock/nxtui/build/../src-ng/nxt/rt/ui_runtime.hpp:40:23
#1  0x00005d1d4f4138da in std::__n4861::coroutine_handle<void>::resume() const at /usr/include/c++/15/coroutine:142:50
#2  0x00005d1d4f419574 in nxt::rt::deck::ready_item::resume_if_ready(nxt::rt::deck&) const at /home/mbrock/nxtui/build/../src-ng/nxt/rt/task.hpp:1901:18
#3  0x00005d1d4f415a82 in nxt::rt::deck::run_ready_with() at /home/mbrock/nxtui/build/../src-ng/nxt/rt/deck.hpp:200:33
#4  0x00005d1d4f4157d6 in nxt::rt::deck::run_ready() at /home/mbrock/nxtui/build/../src-ng/nxt/rt/deck.hpp:130:23
#5  0x00005d1d4f4abf2e in void nxt::rt::uring_wand::run_until_done<int>(nxt::rt::deck&, nxt::rt::task<int>&) at /home/mbrock/nxtui/build/../src-ng/nxt/rt/uring_wand.hpp:173:28
#6  0x00005d1d4f47fc31 in int nxt::rt::runtime::run<int>(nxt::rt::task<int>) at /home/mbrock/nxtui/build/../src-ng/nxt/rt/app.hpp:141:29
#7  0x00005d1d4f3873ee in main at /home/mbrock/nxtui/build/../src-ng/nxtai/nxtllm.cpp:1272:18
#8  0x000070ce23e2a600 in __libc_start_call_main at ./csu/../sysdeps/nptl/libc_start_call_main.h:59:16
#9  0x000070ce23e2a717 in __libc_start_main_impl at ./csu/../csu/libc-start.c:360:3
#10 0x00005d1d4f364f24 in _start at /home/mbrock/nxtui/build/nxtllm

stdout write #468 bytes 28
  at ../src-ng/nxt/rt/ui_runtime.hpp:232 in nxt::rt::task<void> nxt::rt::ui_runtime::cleanup()
  preview "\e[0m\e7\e[r\e8\e7\e[r\e8\e[0m\e[?25h"
Stack trace (most recent call first):
#0  0x00005d1d4f374d47 in write_stdout_all at /home/mbrock/nxtui/build/../src-ng/nxt/rt/ui_runtime.hpp:40:23
#1  0x00005d1d4f4138da in std::__n4861::coroutine_handle<void>::resume() const at /usr/include/c++/15/coroutine:142:50
#2  0x00005d1d4f419574 in nxt::rt::deck::ready_item::resume_if_ready(nxt::rt::deck&) const at /home/mbrock/nxtui/build/../src-ng/nxt/rt/task.hpp:1901:18
#3  0x00005d1d4f415a82 in nxt::rt::deck::run_ready_with() at /home/mbrock/nxtui/build/../src-ng/nxt/rt/deck.hpp:200:33
#4  0x00005d1d4f4157d6 in nxt::rt::deck::run_ready() at /home/mbrock/nxtui/build/../src-ng/nxt/rt/deck.hpp:130:23
#5  0x00005d1d4f4abf2e in void nxt::rt::uring_wand::run_until_done<int>(nxt::rt::deck&, nxt::rt::task<int>&) at /home/mbrock/nxtui/build/../src-ng/nxt/rt/uring_wand.hpp:173:28
#6  0x00005d1d4f47fc31 in int nxt::rt::runtime::run<int>(nxt::rt::task<int>) at /home/mbrock/nxtui/build/../src-ng/nxt/rt/app.hpp:141:29
#7  0x00005d1d4f3873ee in main at /home/mbrock/nxtui/build/../src-ng/nxtai/nxtllm.cpp:1272:18
#8  0x000070ce23e2a600 in __libc_start_call_main at ./csu/../sysdeps/nptl/libc_start_call_main.h:59:16
#9  0x000070ce23e2a717 in __libc_start_main_impl at ./csu/../csu/libc-start.c:360:3
#10 0x00005d1d4f364f24 in _start at /home/mbrock/nxtui/build/nxtllm

